{
    "type": "FeatureCollection",
    "name": "Cities",
    "crs": {
        "type": "name",
        "properties": {
            "name": "urn:ogc:def:crs:OGC:1.3:CRS84"
        }
    },
    "features": [
        {
            "type": "Feature",
            "properties": {
                "Join_Count": "1",
                "TARGET_FID": "1",
                "Project_Na": "C-8 Basin Gray & Green Infrastructure (SFWMD / FEMA BRIC)",
                "Latitude": "25.91612962",
                "Longitude": "-80.22793854",
                "City": "Miami-Dade County",
                "Link_to_Da": "https://www.sfwmd.gov/our-work/central-and-southern-florida-fema-bric-implementation-projects",
                "Implementa": "South Florida Water Management District",
                "Infrastruc": "Hybrid",
                "Categories": "Green Infrastructure",
                "Disaster_F": "Flooding",
                "New_15_25_": "Drainage improvements in C-8 Basin (northwest Miami-Dade) combining gray & green infrastructure to improve drainage.",
                "Project_St": "2022",
                "Project_En": "Null",
                "Project__1": "Ongoing",
                "Estimated_": "0",
                "Additional": "None",
                "OLD___Brie": "Drainage improvements in C-8 Basin (northwest Miami-Dade) combining gray & green infrastructure to improve drainage.",
                "MUNICUID": "5",
                "MUNICID": "34",
                "NAME": "MIAMI GARDENS",
                "FIPSCODE": "1245060",
                "CREATEDBY": "None",
                "CREATEDDAT": "12/31/1899",
                "MODIFIEDBY": "E316899",
                "MODIFIEDDA": "04/21/2022",
                "GlobalID": "b932142c-f9e4-4345-9d40-231f6e4e3d7a"
            },
            "geometry": {
                "type": "Point",
                "coordinates": [
                    -80.227938539999968,
                    25.916129620000049
                ]
            }
        },
        {
            "type": "Feature",
            "properties": {
                "Join_Count": "1",
                "TARGET_FID": "2",
                "Project_Na": "Indian Creek Village Island Bridge Project Phase 1 / Septic to Sewer",
                "Latitude": "25.87798613",
                "Longitude": "-80.1304567",
                "City": "Indian Creek Village",
                "Link_to_Da": "https://www.flsenate.gov/PublishedContent/Session/FiscalYear/FY2024-25/LocalFundingInitiativeRequests/FY2024-25_S1123.pdf",
                "Implementa": "Indian Creek Village",
                "Infrastruc": "Gray",
                "Categories": "Shoreline Protection",
                "Disaster_F": "Flooding",
                "New_15_25_": "Seawall replacement and septic-to-sewer conversion projects; bridge rehabilitation phases.",
                "Project_St": "2024",
                "Project_En": "Null",
                "Project__1": "Ongoing",
                "Estimated_": "2700000",
                "Additional": "None",
                "OLD___Brie": "Seawall replacement and septic-to-sewer conversion projects; bridge rehabilitation phases.",
                "MUNICUID": "1",
                "MUNICID": "30",
                "NAME": "UNINCORPORATED MIAMI-DADE",
                "FIPSCODE": "0",
                "CREATEDBY": "E316899",
                "CREATEDDAT": "06/22/2023",
                "MODIFIEDBY": "E316899",
                "MODIFIEDDA": "06/22/2023",
                "GlobalID": "b0f0eaf9-b39e-4f70-ae21-2ef071a9e234"
            },
            "geometry": {
                "type": "Point",
                "coordinates": [
                    -80.130456699999968,
                    25.877986130000068
                ]
            }
        },
        {
            "type": "Feature",
            "properties": {
                "Join_Count": "1",
                "TARGET_FID": "3",
                "Project_Na": "Homestead stormwater system improvements",
                "Latitude": "25.47458147",
                "Longitude": "-80.43890209",
                "City": "Homestead",
                "Link_to_Da": "https://www.southdadenewsleader.com/news/major-infrastructure-improvements-coming-to-homestead/article_4756c2ba-5636-11ed-9ff0-c3b3757a9087.html",
                "Implementa": "City of Homestead Public Works Department",
                "Infrastruc": "Gray",
                "Categories": "Flood Control Infrastructure",
                "Disaster_F": "Multi-hazard",
                "New_15_25_": "Install a new stormwater system that will protect the residents, emergency responders, and property from the direct impacts of flooding.",
                "Project_St": "2023",
                "Project_En": "Null",
                "Project__1": "Ongoing",
                "Estimated_": "120000",
                "Additional": "None",
                "OLD___Brie": "The main goal is to install a new stormwater system that will protect the residents, emergency responders, and property from the direct impacts of flooding.",
                "MUNICUID": "79",
                "MUNICID": "10",
                "NAME": "HOMESTEAD",
                "FIPSCODE": "1232275",
                "CREATEDBY": "None",
                "CREATEDDAT": "12/31/1899",
                "MODIFIEDBY": "None",
                "MODIFIEDDA": "12/31/1899",
                "GlobalID": "4f391dcd-05bb-4073-8333-f55457361ef7"
            },
            "geometry": {
                "type": "Point",
                "coordinates": [
                    -80.438902089999942,
                    25.474581470000032
                ]
            }
        },
        {
            "type": "Feature",
            "properties": {
                "Join_Count": "1",
                "TARGET_FID": "4",
                "Project_Na": "MetroWest Detention Center Solar Pilot (Miami-Dade County)",
                "Latitude": "25.80968",
                "Longitude": "-80.41801",
                "City": "Doral",
                "Link_to_Da": "https://www.miamidade.gov/global/release.page?Mduid_release=rel17054219847469",
                "Implementa": "Miami-Dade County Department of Public Safety and Emergency Management",
                "Infrastruc": "Gray",
                "Categories": "Sustainability Initiatives",
                "Disaster_F": "Multi-hazard",
                "New_15_25_": "Rooftop solar installation pilot at MetroWest detention facility.",
                "Project_St": "2023",
                "Project_En": "Null",
                "Project__1": "Ongoing",
                "Estimated_": "1000000",
                "Additional": "None",
                "OLD___Brie": "Rooftop solar installation pilot at MetroWest detention facility.",
                "MUNICUID": "1",
                "MUNICID": "30",
                "NAME": "UNINCORPORATED MIAMI-DADE",
                "FIPSCODE": "0",
                "CREATEDBY": "E316899",
                "CREATEDDAT": "06/22/2023",
                "MODIFIEDBY": "E316899",
                "MODIFIEDDA": "06/22/2023",
                "GlobalID": "b0f0eaf9-b39e-4f70-ae21-2ef071a9e234"
            },
            "geometry": {
                "type": "Point",
                "coordinates": [
                    -80.41801,
                    25.80968
                ]
            }
        },
        {
            "type": "Feature",
            "properties": {
                "Join_Count": "1",
                "TARGET_FID": "5",
                "Project_Na": "Growing Roots tree canopy & stormwater retention projects (on-the-ground planting & bioswales)",
                "Latitude": "25.5667836",
                "Longitude": "-80.34820195",
                "City": "Cutler Bay",
                "Link_to_Da": "https://www.cutlerbay-fl.gov/community/page/neat-streets-miami-dade-county-awards-2023-growing-roots-environmentally-equitable",
                "Implementa": "Miami-Dade County",
                "Infrastruc": "Hybrid",
                "Categories": "Green Infrastructure",
                "Disaster_F": "Extreme Heat",
                "New_15_25_": "Growing Roots tree canopy expansion and green infrastructure (Saga Bay planting, Blue Heron Park). The tree canopy helps with cooling in the area, cleans out air pollution and reduces energy costs.",
                "Project_St": "2021",
                "Project_En": "Null",
                "Project__1": "Ongoing",
                "Estimated_": "33659",
                "Additional": "None",
                "OLD___Brie": "Growing Roots tree canopy expansion and green infrastructure (Saga Bay planting, Blue Heron Park). The tree canopy helps with cooling in the area, cleans out air pollution and reduces energy costs.",
                "MUNICUID": "77",
                "MUNICID": "36",
                "NAME": "CUTLER BAY",
                "FIPSCODE": "1215968",
                "CREATEDBY": "None",
                "CREATEDDAT": "12/31/1899",
                "MODIFIEDBY": "None",
                "MODIFIEDDA": "12/31/1899",
                "GlobalID": "706f6e89-d110-4e47-ad52-d8aecc500d1b"
            },
            "geometry": {
                "type": "Point",
                "coordinates": [
                    -80.348201949999975,
                    25.566783600000065
                ]
            }
        },
        {
            "type": "Feature",
            "properties": {
                "Join_Count": "1",
                "TARGET_FID": "6",
                "Project_Na": "Cutler Bay Coastal Resilience & Drainage Projects",
                "Latitude": "25.59660035",
                "Longitude": "-80.31651997",
                "City": "Cutler Bay",
                "Link_to_Da": "https://www.cutlerbay-fl.gov/sites/default/files/fileattachments/town_manager/page/2211/cutler_bay_swmp-update_1_1-compressed.pdf",
                "Implementa": "Town of Culter Bay",
                "Infrastruc": "Hybrid",
                "Categories": "Flood Control Infrastructure",
                "Disaster_F": "Multi-hazard",
                "New_15_25_": "Seawall repairs, drainage upgrades, and mangrove restoration projects.",
                "Project_St": "2016",
                "Project_En": "Null",
                "Project__1": "Ongoing",
                "Estimated_": "0",
                "Additional": "None",
                "OLD___Brie": "Seawall repairs, drainage upgrades, and mangrove restoration projects.",
                "MUNICUID": "77",
                "MUNICID": "36",
                "NAME": "CUTLER BAY",
                "FIPSCODE": "1215968",
                "CREATEDBY": "None",
                "CREATEDDAT": "12/31/1899",
                "MODIFIEDBY": "None",
                "MODIFIEDDA": "12/31/1899",
                "GlobalID": "706f6e89-d110-4e47-ad52-d8aecc500d1b"
            },
            "geometry": {
                "type": "Point",
                "coordinates": [
                    -80.316519969999945,
                    25.596600350000074
                ]
            }
        },
        {
            "type": "Feature",
            "properties": {
                "Join_Count": "1",
                "TARGET_FID": "7",
                "Project_Na": "Shoreline stabilization, canal improvements, and park drainage projects",
                "Latitude": "25.60417874",
                "Longitude": "-80.31218623",
                "City": "Palmetto Bay",
                "Link_to_Da": "https://www.palmettobay-fl.gov/1500/Future-Goals#:~:text=Purpose%20of%20the%20Resilience%20Action,become%20more%20resilient%20to%20flooding.",
                "Implementa": "Village of Palmetto Bay",
                "Infrastruc": "Hybrid",
                "Categories": "Shoreline Protection",
                "Disaster_F": "Multi-hazard",
                "New_15_25_": "Shading Palmetto Bay tree planting project (Neat Streets Miami matching grant). As of May 2025, Village of Palmetto Bay is developing a Resilience Action Plan that will evaluate current and future flood risks.",
                "Project_St": "2023",
                "Project_En": "Null",
                "Project__1": "Ongoing",
                "Estimated_": "19630",
                "Additional": "None",
                "OLD___Brie": "Shading Palmetto Bay tree planting project (Neat Streets Miami matching grant). As of May 2025, Village of Palmetto Bay is developing a Resilience Action Plan that will evaluate current and future flood risks. Also the vulnerabilities and identify ways t",
                "MUNICUID": "76",
                "MUNICID": "33",
                "NAME": "PALMETTO BAY",
                "FIPSCODE": "1254275",
                "CREATEDBY": "None",
                "CREATEDDAT": "12/31/1899",
                "MODIFIEDBY": "None",
                "MODIFIEDDA": "12/31/1899",
                "GlobalID": "88d5404d-a956-49f2-b412-d6cc89bfa9e3"
            },
            "geometry": {
                "type": "Point",
                "coordinates": [
                    -80.312186229999952,
                    25.604178740000066
                ]
            }
        },
        {
            "type": "Feature",
            "properties": {
                "Join_Count": "1",
                "TARGET_FID": "8",
                "Project_Na": "Industrial area stormwater and canal bank stabilization projects",
                "Latitude": "25.85939",
                "Longitude": "-80.3456",
                "City": "Medley",
                "Link_to_Da": "https://www.scsengineers.com/scs-project-case-stu/liquids-management-medley-landfill-miami-fl/#:~:text=very%20innovative%20manner.-,The%20storm%20water%20system%20consists%20of%20perimeter%20horizontal%20dry%20retention,in%20a%20very%20innovative%20manne",
                "Implementa": "Town of Medley",
                "Infrastruc": "Hybrid",
                "Categories": "Flood Control Infrastructure",
                "Disaster_F": "Flooding",
                "New_15_25_": "Pump Station 22-001 restoration and hardening (elevation and resilience upgrades).",
                "Project_St": "2024",
                "Project_En": "Null",
                "Project__1": "Ongoing",
                "Estimated_": "1804867",
                "Additional": "None",
                "OLD___Brie": "Pump Station 22-001 restoration and hardening (elevation and resilience upgrades).",
                "MUNICUID": "39",
                "MUNICID": "22",
                "NAME": "MEDLEY",
                "FIPSCODE": "1243900",
                "CREATEDBY": "None",
                "CREATEDDAT": "12/31/1899",
                "MODIFIEDBY": "E316899",
                "MODIFIEDDA": "06/22/2023",
                "GlobalID": "357fb0b5-2652-4ab3-959f-d94a7c3f9da7"
            },
            "geometry": {
                "type": "Point",
                "coordinates": [
                    -80.3456,
                    25.85939
                ]
            }
        },
        {
            "type": "Feature",
            "properties": {
                "Join_Count": "1",
                "TARGET_FID": "9",
                "Project_Na": "West Lake Gardens Drainage Improvements",
                "Latitude": "25.909157",
                "Longitude": "-80.344905",
                "City": "Miami Lakes",
                "Link_to_Da": "https://www.miamilakes-fl.gov/project/west-lake-gardens-third-addition-drainage-improvements/#:~:text=West%20Lake%20Gardens%20Third%20Addition,Gardens%20Third%20Addition%20Drainage%20Improvements",
                "Implementa": "Town of Miami Lakes",
                "Infrastruc": "Hybrid",
                "Categories": "Flood Control Infrastructure",
                "Disaster_F": "Flooding",
                "New_15_25_": "Reduce flooding by enhancing drainage.",
                "Project_St": "2021",
                "Project_En": "2025",
                "Project__1": "Ongoing",
                "Estimated_": "1800000",
                "Additional": "None",
                "OLD___Brie": "reduce flooding by enhancing drainage",
                "MUNICUID": "12",
                "MUNICID": "32",
                "NAME": "MIAMI LAKES",
                "FIPSCODE": "1245100",
                "CREATEDBY": "None",
                "CREATEDDAT": "12/31/1899",
                "MODIFIEDBY": "None",
                "MODIFIEDDA": "12/31/1899",
                "GlobalID": "64025d22-0892-413b-a900-44d95adcb381"
            },
            "geometry": {
                "type": "Point",
                "coordinates": [
                    -80.344905,
                    25.909157
                ]
            }
        },
        {
            "type": "Feature",
            "properties": {
                "Join_Count": "1",
                "TARGET_FID": "10",
                "Project_Na": "Loch Lomond Phase II Drainage Improvements",
                "Latitude": "25.92084",
                "Longitude": "-80.31413",
                "City": "Miami Lakes",
                "Link_to_Da": "https://www.flsenate.gov/PublishedContent/Session/FiscalYear/FY2023-24/LocalFundingInitiativeRequests/FY2023-24_S1292.PDF",
                "Implementa": "Town of Miami Lakes",
                "Infrastruc": "Blue",
                "Categories": "Flood Control Infrastructure",
                "Disaster_F": "Flooding",
                "New_15_25_": "Reduces flooding by improving drainage with catch basins, French drains, manholes, and valley gutters, while restoring and resurfacing the roadway with new pavement markings.",
                "Project_St": "2024",
                "Project_En": "2025",
                "Project__1": "Ongoing",
                "Estimated_": "1629301",
                "Additional": "None",
                "OLD___Brie": "reduce flooding by enhancing drainage; addition of catch basins, French drains, manholes, valley gutters as well as restoration and resurfacing of the existing roadway surface, and new pavement markings.",
                "MUNICUID": "12",
                "MUNICID": "32",
                "NAME": "MIAMI LAKES",
                "FIPSCODE": "1245100",
                "CREATEDBY": "None",
                "CREATEDDAT": "12/31/1899",
                "MODIFIEDBY": "None",
                "MODIFIEDDA": "12/31/1899",
                "GlobalID": "64025d22-0892-413b-a900-44d95adcb381"
            },
            "geometry": {
                "type": "Point",
                "coordinates": [
                    -80.31413,
                    25.92084
                ]
            }
        },
        {
            "type": "Feature",
            "properties": {
                "Join_Count": "1",
                "TARGET_FID": "11",
                "Project_Na": "Stormwater Local Drainage Improvement Project-Dressel's Dairy Canal",
                "Latitude": "25.80798208",
                "Longitude": "-80.31109125",
                "City": "Miami-Dade County",
                "Link_to_Da": "https://www.flsenate.gov/PublishedContent/Session/FiscalYear/FY2025-26/LocalFundingInitiativeRequests/FY2025-26_S2480.pdf",
                "Implementa": "Miami Dade County",
                "Infrastruc": "Hybrid",
                "Categories": "Flood Control Infrastructure",
                "Disaster_F": "Flooding",
                "New_15_25_": "Improve local drainage, prevent street flooding, and decrease the impact of stormwater runoff. The new drainage system will reduce pollutants and enhance water quality.",
                "Project_St": "Null",
                "Project_En": "Null",
                "Project__1": "Ongoing",
                "Estimated_": "800000",
                "Additional": "None",
                "OLD___Brie": "The purpose of this project is to improve local drainage, prevent street flooding, and decrease the impact of stormwater runoff. The new drainage system will reduce pollutants and enhance water quality.",
                "MUNICUID": "1",
                "MUNICID": "30",
                "NAME": "UNINCORPORATED MIAMI-DADE",
                "FIPSCODE": "0",
                "CREATEDBY": "E316899",
                "CREATEDDAT": "06/22/2023",
                "MODIFIEDBY": "E316899",
                "MODIFIEDDA": "06/22/2023",
                "GlobalID": "b0f0eaf9-b39e-4f70-ae21-2ef071a9e234"
            },
            "geometry": {
                "type": "Point",
                "coordinates": [
                    -80.311091249999947,
                    25.807982080000045
                ]
            }
        },
        {
            "type": "Feature",
            "properties": {
                "Join_Count": "1",
                "TARGET_FID": "12",
                "Project_Na": "Stormwater conveyance improvements",
                "Latitude": "25.81096474",
                "Longitude": "-80.29924982",
                "City": "Virginia Gardens",
                "Link_to_Da": "https://www.flsenate.gov/PublishedContent/Session/FiscalYear/FY2025-26/LocalFundingInitiativeRequests/FY2025-26_S2424.pdf",
                "Implementa": "Village of Virginia Gardens",
                "Infrastruc": "Blue",
                "Categories": "Flood Control Infrastructure",
                "Disaster_F": "Flooding",
                "New_15_25_": "Installation of a new storm-water drainage system to prevent stormwater ponding and flooding.",
                "Project_St": "2024",
                "Project_En": "Null",
                "Project__1": "Ongoing",
                "Estimated_": "850000",
                "Additional": "None",
                "OLD___Brie": "Installation of a new storm-water drainage system to prevent stormwater ponding and flooding.",
                "MUNICUID": "41",
                "MUNICID": "26",
                "NAME": "VIRGINIA GARDENS",
                "FIPSCODE": "1274575",
                "CREATEDBY": "None",
                "CREATEDDAT": "12/31/1899",
                "MODIFIEDBY": "None",
                "MODIFIEDDA": "12/31/1899",
                "GlobalID": "5b178112-0529-4691-914c-41b9274e134b"
            },
            "geometry": {
                "type": "Point",
                "coordinates": [
                    -80.299249819999943,
                    25.810964740000031
                ]
            }
        },
        {
            "type": "Feature",
            "properties": {
                "Join_Count": "1",
                "TARGET_FID": "13",
                "Project_Na": "Stormwater drainage reconstruction and pump upgrades",
                "Latitude": "25.71111588",
                "Longitude": "-80.29936983",
                "City": "South Miami",
                "Link_to_Da": "https://www.southmiamifl.gov/DocumentCenter/View/158/Stormwater-maste-plan?bidId=",
                "Implementa": "City of South Miami",
                "Infrastruc": "Gray",
                "Categories": "Flood Control Infrastructure",
                "Disaster_F": "Flooding",
                "New_15_25_": "Stormwater infrastructure & roadway improvements to alleviate localized flooding affecting ~650 properties.",
                "Project_St": "2025",
                "Project_En": "2028",
                "Project__1": "Ongoing",
                "Estimated_": "10070651",
                "Additional": "None",
                "OLD___Brie": "Stormwater infrastructure & roadway improvements to alleviate localized flooding affecting ~650 properties.",
                "MUNICUID": "69",
                "MUNICID": "09",
                "NAME": "SOUTH MIAMI",
                "FIPSCODE": "1267550",
                "CREATEDBY": "None",
                "CREATEDDAT": "12/31/1899",
                "MODIFIEDBY": "None",
                "MODIFIEDDA": "12/31/1899",
                "GlobalID": "469b1b5f-a0d3-4fbc-9ae6-550905d80a00"
            },
            "geometry": {
                "type": "Point",
                "coordinates": [
                    -80.299369829999989,
                    25.711115880000023
                ]
            }
        },
        {
            "type": "Feature",
            "properties": {
                "Join_Count": "1",
                "TARGET_FID": "14",
                "Project_Na": "Pinecrest Stormwater and Canal Projects",
                "Latitude": "25.66422799",
                "Longitude": "-80.30788698",
                "City": "Pinecrest",
                "Link_to_Da": "https://www.pinecrest-fl.gov/Government/Manager/Capital-Improvement-Projects/Stormwater-Master-Plan-Implementation",
                "Implementa": "Village of Pinecrest",
                "Infrastruc": "Hybrid",
                "Categories": "Flood Control Infrastructure",
                "Disaster_F": "Flooding",
                "New_15_25_": "Canal maintenance and stormwater conveyance improvements.",
                "Project_St": "2016",
                "Project_En": "Null",
                "Project__1": "Ongoing",
                "Estimated_": "0",
                "Additional": "None",
                "OLD___Brie": "Canal maintenance and stormwater conveyance improvements.",
                "MUNICUID": "75",
                "MUNICID": "20",
                "NAME": "PINECREST",
                "FIPSCODE": "1256625",
                "CREATEDBY": "None",
                "CREATEDDAT": "12/31/1899",
                "MODIFIEDBY": "None",
                "MODIFIEDDA": "12/31/1899",
                "GlobalID": "fc36b060-f8cf-41e1-b16f-9fa23b5abfaf"
            },
            "geometry": {
                "type": "Point",
                "coordinates": [
                    -80.307886979999978,
                    25.664227990000029
                ]
            }
        },
        {
            "type": "Feature",
            "properties": {
                "Join_Count": "1",
                "TARGET_FID": "15",
                "Project_Na": "Opa-locka Stormwater Pump & Conveyance Upgrades",
                "Latitude": "25.90296181",
                "Longitude": "-80.23971836",
                "City": "Opa-locka",
                "Link_to_Da": "https://www.opalockafl.gov/347/Citywide-Stormwater-Projects",
                "Implementa": "Florida Department of Economic Opportunity",
                "Infrastruc": "Gray",
                "Categories": "Flood Control Infrastructure",
                "Disaster_F": "Flooding",
                "New_15_25_": "Pump station improvements and conveyance for flood reduction.",
                "Project_St": "2017",
                "Project_En": "Null",
                "Project__1": "Ongoing",
                "Estimated_": "0",
                "Additional": "None",
                "OLD___Brie": "Pump station improvements and conveyance for flood reduction.",
                "MUNICUID": "17",
                "MUNICID": "08",
                "NAME": "OPA-LOCKA",
                "FIPSCODE": "1251650",
                "CREATEDBY": "None",
                "CREATEDDAT": "12/31/1899",
                "MODIFIEDBY": "None",
                "MODIFIEDDA": "12/31/1899",
                "GlobalID": "381aaeda-9144-4cc1-b19f-0dec9431550e"
            },
            "geometry": {
                "type": "Point",
                "coordinates": [
                    -80.239718359999983,
                    25.902961810000079
                ]
            }
        },
        {
            "type": "Feature",
            "properties": {
                "Join_Count": "1",
                "TARGET_FID": "16",
                "Project_Na": "Coral Gables Stormwater & Canal Improvements",
                "Latitude": "25.70337826",
                "Longitude": "-80.26211905",
                "City": "Coral Gables",
                "Link_to_Da": "https://www.coralgables.com/sites/default/files/2023-04/Utilities-Improvement-Projects-CH.pdf",
                "Implementa": "Public Works Department of Coral Gables",
                "Infrastruc": "Hybrid",
                "Categories": "Flood Control Infrastructure",
                "Disaster_F": "Flooding",
                "New_15_25_": "Upgrades to stormwater infrastructure and canal desilting to improve drainage and water quality.",
                "Project_St": "2016",
                "Project_En": "Null",
                "Project__1": "Ongoing",
                "Estimated_": "1000000",
                "Additional": "None",
                "OLD___Brie": "Upgrades to stormwater infrastructure and canal desilting to improve drainage and water quality.",
                "MUNICUID": "43",
                "MUNICID": "03",
                "NAME": "CORAL GABLES",
                "FIPSCODE": "1214250",
                "CREATEDBY": "None",
                "CREATEDDAT": "12/31/1899",
                "MODIFIEDBY": "None",
                "MODIFIEDDA": "12/31/1899",
                "GlobalID": "739e5868-6d18-4337-8ca7-22fcd511dbd7"
            },
            "geometry": {
                "type": "Point",
                "coordinates": [
                    -80.262119049999967,
                    25.703378260000079
                ]
            }
        },
        {
            "type": "Feature",
            "properties": {
                "Join_Count": "1",
                "TARGET_FID": "17",
                "Project_Na": "Septic-to-sewer conversion projects in older neighborhoods",
                "Latitude": "25.63645719",
                "Longitude": "-80.29651059",
                "City": "Coral Gables",
                "Link_to_Da": "https://www.coralgables.com/septic-sewer-conversion-program",
                "Implementa": "City of Coral Gables",
                "Infrastruc": "Gray",
                "Categories": "Connectivity",
                "Disaster_F": "Flooding",
                "New_15_25_": "Septic-to-sewer conversion program planning and feasibility studies to connect older neighborhoods to sewer with 19 new sewer basins proposed.",
                "Project_St": "2024",
                "Project_En": "Null",
                "Project__1": "Ongoing",
                "Estimated_": "50000",
                "Additional": "None",
                "OLD___Brie": "Septic-to-sewer conversion program planning and feasibility studies to connect older neighborhoods to sewer. There is going to be 19 new sewer basins have been proposed.",
                "MUNICUID": "43",
                "MUNICID": "03",
                "NAME": "CORAL GABLES",
                "FIPSCODE": "1214250",
                "CREATEDBY": "None",
                "CREATEDDAT": "12/31/1899",
                "MODIFIEDBY": "None",
                "MODIFIEDDA": "12/31/1899",
                "GlobalID": "739e5868-6d18-4337-8ca7-22fcd511dbd7"
            },
            "geometry": {
                "type": "Point",
                "coordinates": [
                    -80.296510589999968,
                    25.636457190000044
                ]
            }
        },
        {
            "type": "Feature",
            "properties": {
                "Join_Count": "1",
                "TARGET_FID": "18",
                "Project_Na": "Auburndale Neighborhood Flood Improvements",
                "Latitude": "25.76835021",
                "Longitude": "-80.25120639",
                "City": "Miami",
                "Link_to_Da": "https://www.miami.gov/My-Government/Departments/Resilience-and-Public-Works/Resilience-and-Public-Works-Projects-Per-District/District-4-Resilience-and-Public-Works-Projects/Auburndale-Neighborhood-Flood-Improvements",
                "Implementa": "Department of Resilience and Public Works",
                "Infrastruc": "Gray",
                "Categories": "Flood Control Infrastructure",
                "Disaster_F": "Flooding",
                "New_15_25_": "Stormwater infrastructure and associated roadway improvements.",
                "Project_St": "2025",
                "Project_En": "2026",
                "Project__1": "Ongoing",
                "Estimated_": "73646027",
                "Additional": "None",
                "OLD___Brie": "Stormwater infrastructure and associated roadway improvements.",
                "MUNICUID": "34",
                "MUNICID": "01",
                "NAME": "MIAMI",
                "FIPSCODE": "1245000",
                "CREATEDBY": "None",
                "CREATEDDAT": "12/31/1899",
                "MODIFIEDBY": "None",
                "MODIFIEDDA": "12/31/1899",
                "GlobalID": "df52bf02-7c6d-4658-b2cc-c2ddb8cd5281"
            },
            "geometry": {
                "type": "Point",
                "coordinates": [
                    -80.251206389999936,
                    25.768350210000051
                ]
            }
        },
        {
            "type": "Feature",
            "properties": {
                "Join_Count": "1",
                "TARGET_FID": "19",
                "Project_Na": "Citywide stormwater and drainage projects",
                "Latitude": "25.94",
                "Longitude": "-80.25",
                "City": "Miami Gardens",
                "Link_to_Da": "https://www.miamigardens-fl.gov/300/Flood-Protection#:~:text=To%20reduce%20street%20flooding%2C%20the,unusual%20flooding%20in%20your%20area.",
                "Implementa": "Miami Gardens Stormwater Division",
                "Infrastruc": "Gray",
                "Categories": "Flood Control Infrastructure",
                "Disaster_F": "Flooding",
                "New_15_25_": "Improvements in stormwater infrastructure and roadway management to help prevent flooding within 650 properties.",
                "Project_St": "2027",
                "Project_En": "2028",
                "Project__1": "Ongoing",
                "Estimated_": "10070651",
                "Additional": "None",
                "OLD___Brie": "Improvements in stormwater infrastructure and roadway management as well. This will help prevent flooding within 650 properties.",
                "MUNICUID": "5",
                "MUNICID": "34",
                "NAME": "MIAMI GARDENS",
                "FIPSCODE": "1245060",
                "CREATEDBY": "None",
                "CREATEDDAT": "12/31/1899",
                "MODIFIEDBY": "E316899",
                "MODIFIEDDA": "04/21/2022",
                "GlobalID": "b932142c-f9e4-4345-9d40-231f6e4e3d7a"
            },
            "geometry": {
                "type": "Point",
                "coordinates": [
                    -80.25,
                    25.94
                ]
            }
        },
        {
            "type": "Feature",
            "properties": {
                "Join_Count": "1",
                "TARGET_FID": "20",
                "Project_Na": "Sewer Line Infrastructure Project",
                "Latitude": "25.85682944",
                "Longitude": "-80.19317864",
                "City": "El Portal",
                "Link_to_Da": "https://www.flsenate.gov/PublishedContent/Session/FiscalYear/FY2019-20/LocalFundingInitiativeRequests/FY2019-20_S1147.PDF",
                "Implementa": "Public Works Department",
                "Infrastruc": "Gray",
                "Categories": "Connectivity",
                "Disaster_F": "Critical Infrastructure",
                "New_15_25_": "Renovates aging sewer pipelines, pump stations, and treatment systems to improve reliability, prevent overflows, and protect public health and local waterways.",
                "Project_St": "2013",
                "Project_En": "2025",
                "Project__1": "Ongoing",
                "Estimated_": "8000000000",
                "Additional": "None",
                "OLD___Brie": "infrastructure upgrade for resilience.",
                "MUNICUID": "31",
                "MUNICID": "18",
                "NAME": "EL PORTAL",
                "FIPSCODE": "1220650",
                "CREATEDBY": "None",
                "CREATEDDAT": "12/31/1899",
                "MODIFIEDBY": "None",
                "MODIFIEDDA": "12/31/1899",
                "GlobalID": "7f716f54-937f-47e2-b137-16bf07679802"
            },
            "geometry": {
                "type": "Point",
                "coordinates": [
                    -80.193178639999985,
                    25.85682944000007
                ]
            }
        },
        {
            "type": "Feature",
            "properties": {
                "Join_Count": "1",
                "TARGET_FID": "21",
                "Project_Na": "North Dade Regional Library Solar (Miami-Dade County)",
                "Latitude": "25.942",
                "Longitude": "-80.245",
                "City": "Miami Gardens",
                "Link_to_Da": "https://www.miamidade.gov/global/release.page?Mduid_release=rel1680725314533473",
                "Implementa": "Miami-Dade County",
                "Infrastruc": "Gray",
                "Categories": "Sustainability Initiatives",
                "Disaster_F": "Multi-hazard",
                "New_15_25_": "1,093-panel rooftop solar array supplying major portion of library's electricity.",
                "Project_St": "2023",
                "Project_En": "2023",
                "Project__1": "Completed",
                "Estimated_": "0",
                "Additional": "None",
                "OLD___Brie": "1,093-panel rooftop solar array supplying major portion of library's electricity.",
                "MUNICUID": "5",
                "MUNICID": "34",
                "NAME": "MIAMI GARDENS",
                "FIPSCODE": "1245060",
                "CREATEDBY": "None",
                "CREATEDDAT": "12/31/1899",
                "MODIFIEDBY": "E316899",
                "MODIFIEDDA": "04/21/2022",
                "GlobalID": "b932142c-f9e4-4345-9d40-231f6e4e3d7a"
            },
            "geometry": {
                "type": "Point",
                "coordinates": [
                    -80.245,
                    25.942
                ]
            }
        },
        {
            "type": "Feature",
            "properties": {
                "Join_Count": "1",
                "TARGET_FID": "22",
                "Project_Na": "South Dade Regional Library Solar (Miami-Dade County)",
                "Latitude": "25.70396929",
                "Longitude": "-80.29131421",
                "City": "Miami-Dade County",
                "Link_to_Da": "https://www.miamidade.gov/global/release.page?Mduid_release=rel1747239656286639",
                "Implementa": "Several Miami Dade County Departments",
                "Infrastruc": "Gray",
                "Categories": "Sustainability Initiatives",
                "Disaster_F": "Multi-hazard",
                "New_15_25_": "Rooftop solar installed during library renovation to lower energy demand and emissions.",
                "Project_St": "2025",
                "Project_En": "Null",
                "Project__1": "Ongoing",
                "Estimated_": "0",
                "Additional": "None",
                "OLD___Brie": "Rooftop solar installed during library renovation to lower energy demand and emissions.",
                "MUNICUID": "69",
                "MUNICID": "09",
                "NAME": "SOUTH MIAMI",
                "FIPSCODE": "1267550",
                "CREATEDBY": "None",
                "CREATEDDAT": "12/31/1899",
                "MODIFIEDBY": "None",
                "MODIFIEDDA": "12/31/1899",
                "GlobalID": "469b1b5f-a0d3-4fbc-9ae6-550905d80a00"
            },
            "geometry": {
                "type": "Point",
                "coordinates": [
                    -80.291314209999939,
                    25.703969290000032
                ]
            }
        },
        {
            "type": "Feature",
            "properties": {
                "Join_Count": "1",
                "TARGET_FID": "23",
                "Project_Na": "Miami-Dade Resilience Hubs Pilot (community centers)",
                "Latitude": "25.8326",
                "Longitude": "-80.231",
                "City": "Miami-Dade County",
                "Link_to_Da": "https://www.miamidade.gov/initiative/thrive305/resilient-communities/home.page",
                "Implementa": "Office of Resilience",
                "Infrastruc": "Gray",
                "Categories": "Public Facilities",
                "Disaster_F": "Multi-hazard",
                "New_15_25_": "Upgrades to community centers to serve as resilience hubs with backup power, water, and cooling.",
                "Project_St": "2020",
                "Project_En": "Null",
                "Project__1": "Ongoing",
                "Estimated_": "0",
                "Additional": "None",
                "OLD___Brie": "Upgrades to community centers to serve as resilience hubs with backup power, water, and cooling.",
                "MUNICUID": "22",
                "MUNICID": "30",
                "NAME": "UNINCORPORATED MIAMI-DADE",
                "FIPSCODE": "0",
                "CREATEDBY": "None",
                "CREATEDDAT": "12/31/1899",
                "MODIFIEDBY": "E316899",
                "MODIFIEDDA": "03/03/2021",
                "GlobalID": "b9495799-1efe-4c6b-a3e0-99de4b6c4a87"
            },
            "geometry": {
                "type": "Point",
                "coordinates": [
                    -80.231,
                    25.8326
                ]
            }
        },
        {
            "type": "Feature",
            "properties": {
                "Join_Count": "1",
                "TARGET_FID": "24",
                "Project_Na": "Swannanoa Mini Park-Right of Way Improvements",
                "Latitude": "25.76044246",
                "Longitude": "-80.22847791",
                "City": "Miami",
                "Link_to_Da": "https://www.miami.gov/My-Government/Departments/Resilience-and-Public-Works/Resilience-and-Public-Works-Projects-Per-District/District-3-Resilience-and-Public-Works-Projects/Swannanoa-Mini-Park-Right-of-Way-Improvements",
                "Implementa": "Department of Resilience and Public Works",
                "Infrastruc": "Gray",
                "Categories": "Flood Control Infrastructure",
                "Disaster_F": "Multi-hazard",
                "New_15_25_": "Design and construct right of way improvements including milling and resurfacing within intersection limits.",
                "Project_St": "2025",
                "Project_En": "2025",
                "Project__1": "Completed",
                "Estimated_": "734096",
                "Additional": "None",
                "OLD___Brie": "Design and construct right of way improvements including milling and resurfacing within intersection limits.",
                "MUNICUID": "34",
                "MUNICID": "01",
                "NAME": "MIAMI",
                "FIPSCODE": "1245000",
                "CREATEDBY": "None",
                "CREATEDDAT": "12/31/1899",
                "MODIFIEDBY": "None",
                "MODIFIEDDA": "12/31/1899",
                "GlobalID": "df52bf02-7c6d-4658-b2cc-c2ddb8cd5281"
            },
            "geometry": {
                "type": "Point",
                "coordinates": [
                    -80.228477909999981,
                    25.760442460000036
                ]
            }
        },
        {
            "type": "Feature",
            "properties": {
                "Join_Count": "1",
                "TARGET_FID": "25",
                "Project_Na": "Little River Adaptation Action Area Sewer Conversion (Miami-Dade County)",
                "Latitude": "25.85292713",
                "Longitude": "-80.18887142",
                "City": "Miami",
                "Link_to_Da": "Little River Adaptation Action Area",
                "Implementa": "Miami-Dade County Office of Resilience",
                "Infrastruc": "Hybrid",
                "Categories": "Connectivity",
                "Disaster_F": "Critical Infrastructure",
                "New_15_25_": "Expansion of sewer service to 300+ homes to replace septic systems in the Little River AAA.",
                "Project_St": "2021",
                "Project_En": "Null",
                "Project__1": "Ongoing",
                "Estimated_": "40000000",
                "Additional": "None",
                "OLD___Brie": "Expansion of sewer service to 300+ homes to replace septic systems in the Little River AAA.",
                "MUNICUID": "34",
                "MUNICID": "01",
                "NAME": "MIAMI",
                "FIPSCODE": "1245000",
                "CREATEDBY": "None",
                "CREATEDDAT": "12/31/1899",
                "MODIFIEDBY": "None",
                "MODIFIEDDA": "12/31/1899",
                "GlobalID": "df52bf02-7c6d-4658-b2cc-c2ddb8cd5281"
            },
            "geometry": {
                "type": "Point",
                "coordinates": [
                    -80.188871419999941,
                    25.852927130000069
                ]
            }
        },
        {
            "type": "Feature",
            "properties": {
                "Join_Count": "1",
                "TARGET_FID": "26",
                "Project_Na": "The Water and Sewer Department existing procedures for wastewater projects",
                "Latitude": "25.73356106",
                "Longitude": "-80.25559009",
                "City": "Miami",
                "Link_to_Da": "https://www.miamidade.gov/global/water/home.page",
                "Implementa": "Miami Dade Water and Sewer Department",
                "Infrastruc": "Gray",
                "Categories": "Flood Control Infrastructure",
                "Disaster_F": "Multi-hazard",
                "New_15_25_": "The Miami?Dade Water & Sewer Department adheres to strict standards for wastewater projects: plan review, code-compliant design, permit approval, construction oversight, and quality testing.",
                "Project_St": "Null",
                "Project_En": "Null",
                "Project__1": "Ongoing",
                "Estimated_": "0",
                "Additional": "None",
                "OLD___Brie": "All projects financing is closely associated with the concept of recovering all costs from new services from new customers. Pump stations that are in need to provide service only to retail customers.",
                "MUNICUID": "34",
                "MUNICID": "01",
                "NAME": "MIAMI",
                "FIPSCODE": "1245000",
                "CREATEDBY": "None",
                "CREATEDDAT": "12/31/1899",
                "MODIFIEDBY": "None",
                "MODIFIEDDA": "12/31/1899",
                "GlobalID": "df52bf02-7c6d-4658-b2cc-c2ddb8cd5281"
            },
            "geometry": {
                "type": "Point",
                "coordinates": [
                    -80.255590089999941,
                    25.733561060000056
                ]
            }
        },
        {
            "type": "Feature",
            "properties": {
                "Join_Count": "1",
                "TARGET_FID": "27",
                "Project_Na": "Spring Garden Traffic Calming Devices",
                "Latitude": "25.78205862",
                "Longitude": "-80.21118564",
                "City": "Miami",
                "Link_to_Da": "https://www.miami.gov/My-Government/Departments/Resilience-and-Public-Works/Resilience-and-Public-Works-Projects-Per-District/District-5-Resilience-and-Public-Works-Projects/Spring-Garden-Traffic-Calming-Devices",
                "Implementa": "Miami Dade County",
                "Infrastruc": "Gray",
                "Categories": "Connectivity",
                "Disaster_F": "Multi-hazard",
                "New_15_25_": "Design and Construction of three traffic calming devices and restriping of northbound lane approach at another intersection.",
                "Project_St": "2025",
                "Project_En": "2026",
                "Project__1": "Ongoing",
                "Estimated_": "1299202",
                "Additional": "None",
                "OLD___Brie": "Design and Construction of three traffic calming devices and restriping of northbound lane approach at another intersection.",
                "MUNICUID": "34",
                "MUNICID": "01",
                "NAME": "MIAMI",
                "FIPSCODE": "1245000",
                "CREATEDBY": "None",
                "CREATEDDAT": "12/31/1899",
                "MODIFIEDBY": "None",
                "MODIFIEDDA": "12/31/1899",
                "GlobalID": "df52bf02-7c6d-4658-b2cc-c2ddb8cd5281"
            },
            "geometry": {
                "type": "Point",
                "coordinates": [
                    -80.21118563999994,
                    25.782058620000043
                ]
            }
        },
        {
            "type": "Feature",
            "properties": {
                "Join_Count": "1",
                "TARGET_FID": "28",
                "Project_Na": "The Building Efficiency 305 Program",
                "Latitude": "25.94032631",
                "Longitude": "-80.20026207",
                "City": "Miami-Dade County",
                "Link_to_Da": "https://be305about-mdc.hub.arcgis.com/",
                "Implementa": "The Miami-Dade County Office of Resilience",
                "Infrastruc": "Gray",
                "Categories": "Sustainability Initiatives",
                "Disaster_F": "Extreme Heat",
                "New_15_25_": "Reduce operating costs and increase profit for better energy and water management and to gather information about building energy and water use to increase awareness, and decision making process.",
                "Project_St": "2021",
                "Project_En": "Null",
                "Project__1": "Ongoing",
                "Estimated_": "28600000",
                "Additional": "None",
                "OLD___Brie": "The goals for the building efficiency 305 is to reduce operating costs and increase profit for better energy and water management. Another thing is to gather information about building energy and water use to increase awareness, and decision making proce",
                "MUNICUID": "5",
                "MUNICID": "34",
                "NAME": "MIAMI GARDENS",
                "FIPSCODE": "1245060",
                "CREATEDBY": "None",
                "CREATEDDAT": "12/31/1899",
                "MODIFIEDBY": "E316899",
                "MODIFIEDDA": "04/21/2022",
                "GlobalID": "b932142c-f9e4-4345-9d40-231f6e4e3d7a"
            },
            "geometry": {
                "type": "Point",
                "coordinates": [
                    -80.200262069999951,
                    25.940326310000046
                ]
            }
        },
        {
            "type": "Feature",
            "properties": {
                "Join_Count": "1",
                "TARGET_FID": "29",
                "Project_Na": "Miami-Dade County Stormwater Pump Station Rehabilitation Program",
                "Latitude": "25.94358199",
                "Longitude": "-80.32402334",
                "City": "Miami-Dade County",
                "Link_to_Da": "https://www.miamidade.gov/global/water/pump-station-improvements.page?utm_source=chatgpt.com",
                "Implementa": "Miami Dade Sewer and Water Department",
                "Infrastruc": "Gray",
                "Categories": "Flood Control Infrastructure",
                "Disaster_F": "Flooding",
                "New_15_25_": "Rehabilitation/upgrade of aging pump stations across the county to improve flood control.",
                "Project_St": "2015",
                "Project_En": "Null",
                "Project__1": "Ongoing",
                "Estimated_": "0",
                "Additional": "None",
                "OLD___Brie": "Rehabilitation/upgrade of aging pump stations across the county to improve flood control.",
                "MUNICUID": "1",
                "MUNICID": "30",
                "NAME": "UNINCORPORATED MIAMI-DADE",
                "FIPSCODE": "0",
                "CREATEDBY": "E316899",
                "CREATEDDAT": "06/22/2023",
                "MODIFIEDBY": "E316899",
                "MODIFIEDDA": "06/22/2023",
                "GlobalID": "b0f0eaf9-b39e-4f70-ae21-2ef071a9e234"
            },
            "geometry": {
                "type": "Point",
                "coordinates": [
                    -80.32402333999994,
                    25.943581990000041
                ]
            }
        },
        {
            "type": "Feature",
            "properties": {
                "Join_Count": "1",
                "TARGET_FID": "30",
                "Project_Na": "Miami-Dade County Cool Roofs Pilot (public buildings)",
                "Latitude": "25.77615785",
                "Longitude": "-80.19643671",
                "City": "Miami-Dade County",
                "Link_to_Da": "https://sustainable-buildings-program.miamidade.gov/pages/sbp-detailed-information",
                "Implementa": "Miami Dade County Office",
                "Infrastruc": "Gray",
                "Categories": "Sustainability Initiatives",
                "Disaster_F": "Extreme Heat",
                "New_15_25_": "Upgrades public building roofs with high-reflectivity materials to reduce heat absorption, lower energy use, and enhance resilience under Miami-DadeÂs sustainable buildings program",
                "Project_St": "2019",
                "Project_En": "Null",
                "Project__1": "Ongoing",
                "Estimated_": "0",
                "Additional": "None",
                "OLD___Brie": "Cool roof installations on county buildings to reduce heat island effects and energy use.",
                "MUNICUID": "34",
                "MUNICID": "01",
                "NAME": "MIAMI",
                "FIPSCODE": "1245000",
                "CREATEDBY": "None",
                "CREATEDDAT": "12/31/1899",
                "MODIFIEDBY": "None",
                "MODIFIEDDA": "12/31/1899",
                "GlobalID": "df52bf02-7c6d-4658-b2cc-c2ddb8cd5281"
            },
            "geometry": {
                "type": "Point",
                "coordinates": [
                    -80.196436709999944,
                    25.776157850000061
                ]
            }
        },
        {
            "type": "Feature",
            "properties": {
                "Join_Count": "1",
                "TARGET_FID": "31",
                "Project_Na": "Miami-Dade County EV Charging & Fleet Electrification",
                "Latitude": "25.78162441",
                "Longitude": "-80.19669853",
                "City": "Miami-Dade County",
                "Link_to_Da": "https://www.miamidade.gov/global/transportation/home.page",
                "Implementa": "Office of Environmental Risk and Resilience",
                "Infrastruc": "Gray",
                "Categories": "Sustainability Initiatives",
                "Disaster_F": "Multi-hazard",
                "New_15_25_": "Accelerates electric mobility by installing EV charging infrastructure countywide and electrifying fleet vehicles to reduce emissions and support clean transportation goals.",
                "Project_St": "2018",
                "Project_En": "Null",
                "Project__1": "Ongoing",
                "Estimated_": "0",
                "Additional": "None",
                "OLD___Brie": "EV charging stations deployment and municipal fleet electrification to reduce emissions.",
                "MUNICUID": "34",
                "MUNICID": "01",
                "NAME": "MIAMI",
                "FIPSCODE": "1245000",
                "CREATEDBY": "None",
                "CREATEDDAT": "12/31/1899",
                "MODIFIEDBY": "None",
                "MODIFIEDDA": "12/31/1899",
                "GlobalID": "df52bf02-7c6d-4658-b2cc-c2ddb8cd5281"
            },
            "geometry": {
                "type": "Point",
                "coordinates": [
                    -80.196698529999935,
                    25.781624410000063
                ]
            }
        },
        {
            "type": "Feature",
            "properties": {
                "Join_Count": "1",
                "TARGET_FID": "32",
                "Project_Na": "Miami-Dade County Climate Corps & Workforce Climate Training",
                "Latitude": "25.77762511",
                "Longitude": "-80.19101974",
                "City": "Miami-Dade County",
                "Link_to_Da": "https://news.mdc.edu/pressrelease/mdcs-miami-tech-works-to-lead-workforce-development-component-of-the-south-florida-climateready-tech-hub/?utm_source=chatgpt.com",
                "Implementa": "Miami Tech Works",
                "Infrastruc": "Green",
                "Categories": "Sustainability Initiatives",
                "Disaster_F": "Multi-hazard",
                "New_15_25_": "Workforce development program focused on resilience construction, green infrastructure maintenance and energy retrofits.",
                "Project_St": "2021",
                "Project_En": "Null",
                "Project__1": "Ongoing",
                "Estimated_": "0",
                "Additional": "None",
                "OLD___Brie": "Workforce development program focused on resilience construction, green infrastructure maintenance and energy retrofits.",
                "MUNICUID": "34",
                "MUNICID": "01",
                "NAME": "MIAMI",
                "FIPSCODE": "1245000",
                "CREATEDBY": "None",
                "CREATEDDAT": "12/31/1899",
                "MODIFIEDBY": "None",
                "MODIFIEDDA": "12/31/1899",
                "GlobalID": "df52bf02-7c6d-4658-b2cc-c2ddb8cd5281"
            },
            "geometry": {
                "type": "Point",
                "coordinates": [
                    -80.191019739999945,
                    25.777625110000031
                ]
            }
        },
        {
            "type": "Feature",
            "properties": {
                "Join_Count": "1",
                "TARGET_FID": "33",
                "Project_Na": "Building Neighborhood Resilience Adaptation Action Area",
                "Latitude": "25.85373066",
                "Longitude": "-80.17980553",
                "City": "Miami-Dade County",
                "Link_to_Da": "https://publicfiles.dep.state.fl.us/CAMA/FRCP/FY20-21/3_R2128-Miami-Dade-County.pdf",
                "Implementa": "Miami Dade County",
                "Infrastruc": "Hybrid",
                "Categories": "Flood Control Infrastructure",
                "Disaster_F": "Multi-hazard",
                "New_15_25_": "Design the Little River Basin located in Miami Dade County and improve the understanding of historic and physical vulnerabilities of flooding and other climate change impacts.",
                "Project_St": "2016",
                "Project_En": "Null",
                "Project__1": "Ongoing",
                "Estimated_": "75000",
                "Additional": "None",
                "OLD___Brie": "Design the Little River Basin located in Miami Dade County. The main goals of the project is to improve the understanding of historic and physical vulnerabilities of flooding and other climate change impacts.",
                "MUNICUID": "34",
                "MUNICID": "01",
                "NAME": "MIAMI",
                "FIPSCODE": "1245000",
                "CREATEDBY": "None",
                "CREATEDDAT": "12/31/1899",
                "MODIFIEDBY": "None",
                "MODIFIEDDA": "12/31/1899",
                "GlobalID": "df52bf02-7c6d-4658-b2cc-c2ddb8cd5281"
            },
            "geometry": {
                "type": "Point",
                "coordinates": [
                    -80.179805529999953,
                    25.853730660000053
                ]
            }
        },
        {
            "type": "Feature",
            "properties": {
                "Join_Count": "1",
                "TARGET_FID": "34",
                "Project_Na": "PortMiami Resilience & Seawall Upgrades (Miami-Dade County / PortMiami)",
                "Latitude": "25.77531507",
                "Longitude": "-80.16804764",
                "City": "Miami-Dade County",
                "Link_to_Da": "https://www.miamidade.gov/portmiami/master-plan.page",
                "Implementa": "Miami Dade County  Port Authority, Office of Resilience",
                "Infrastruc": "Blue",
                "Categories": "Flood Control Infrastructure",
                "Disaster_F": "Flooding",
                "New_15_25_": "Seawall repairs, stormwater pump upgrades and drainage to protect port infrastructure.",
                "Project_St": "2018",
                "Project_En": "Null",
                "Project__1": "Ongoing",
                "Estimated_": "0",
                "Additional": "None",
                "OLD___Brie": "Seawall repairs, stormwater pump upgrades and drainage to protect port infrastructure.",
                "MUNICUID": "34",
                "MUNICID": "01",
                "NAME": "MIAMI",
                "FIPSCODE": "1245000",
                "CREATEDBY": "None",
                "CREATEDDAT": "12/31/1899",
                "MODIFIEDBY": "None",
                "MODIFIEDDA": "12/31/1899",
                "GlobalID": "df52bf02-7c6d-4658-b2cc-c2ddb8cd5281"
            },
            "geometry": {
                "type": "Point",
                "coordinates": [
                    -80.168047639999941,
                    25.775315070000033
                ]
            }
        },
        {
            "type": "Feature",
            "properties": {
                "Join_Count": "1",
                "TARGET_FID": "35",
                "Project_Na": "Morningside Park Coastal Resilience Project",
                "Latitude": "25.82653371",
                "Longitude": "-80.18087621",
                "City": "Miami-Dade County",
                "Link_to_Da": "https://news.chubb.com/2018-11-15-The-Nature-Conservancy-and-The-Chubb-Charitable-Foundation-work-together-to-reduce-risk-along-Miamis-vulnerable-coastline#:~:text=News%20Releases,for%20protecting%20vulnerable%20coastal%20cities",
                "Implementa": "Chubb Charitable Foundation, The Nature Conservaancy",
                "Infrastruc": "Green",
                "Categories": "Green Infrastructure",
                "Disaster_F": "Storm Surge",
                "New_15_25_": "Reduce flood risk for Morningside Park and nearby residents by incorporating a model for protecting urban coastal areas.",
                "Project_St": "2023",
                "Project_En": "2025",
                "Project__1": "Ongoing",
                "Estimated_": "1000000",
                "Additional": "None",
                "OLD___Brie": "The Morningside Park Resilience project is to reduce flood risk for the park and nearby residents. The project would also incorporate a model for protecting urban coastal areas.",
                "MUNICUID": "34",
                "MUNICID": "01",
                "NAME": "MIAMI",
                "FIPSCODE": "1245000",
                "CREATEDBY": "None",
                "CREATEDDAT": "12/31/1899",
                "MODIFIEDBY": "None",
                "MODIFIEDDA": "12/31/1899",
                "GlobalID": "df52bf02-7c6d-4658-b2cc-c2ddb8cd5281"
            },
            "geometry": {
                "type": "Point",
                "coordinates": [
                    -80.180876209999951,
                    25.826533710000035
                ]
            }
        },
        {
            "type": "Feature",
            "properties": {
                "Join_Count": "1",
                "TARGET_FID": "36",
                "Project_Na": "Stormwater Drainage Improvement Project",
                "Latitude": "25.88698848",
                "Longitude": "-80.17725394",
                "City": "North Miami",
                "Link_to_Da": "https://www.northmiamifl.gov/1423/NE-121-Drainage-Project",
                "Implementa": "City of North Miami",
                "Infrastruc": "Gray",
                "Categories": "Flood Control Infrastructure",
                "Disaster_F": "Flooding",
                "New_15_25_": "Improve stormwater drainage in a residential area that frequently experiences severe flooding during hurricane season.",
                "Project_St": "2024",
                "Project_En": "2024",
                "Project__1": "Ongoing",
                "Estimated_": "574122.23",
                "Additional": "None",
                "OLD___Brie": "The project's main objective is to improve stormwater drainage in a residential area that frequently experiences severe flooding during hurricane season.",
                "MUNICUID": "25",
                "MUNICID": "17",
                "NAME": "BISCAYNE PARK",
                "FIPSCODE": "1206600",
                "CREATEDBY": "None",
                "CREATEDDAT": "12/31/1899",
                "MODIFIEDBY": "E316899",
                "MODIFIEDDA": "03/03/2021",
                "GlobalID": "fcacd389-3fe7-4869-9007-8ae226b1d657"
            },
            "geometry": {
                "type": "Point",
                "coordinates": [
                    -80.177253939999957,
                    25.88698848000007
                ]
            }
        },
        {
            "type": "Feature",
            "properties": {
                "Join_Count": "1",
                "TARGET_FID": "37",
                "Project_Na": "Stormwater drainage improvements and roadside retention",
                "Latitude": "25.88044236",
                "Longitude": "-80.18502266",
                "City": "Biscayne Park",
                "Link_to_Da": "https://www.flhouse.gov/Sections/Bills/billsdetail.aspx?BillId=74694",
                "Implementa": "Village of Biscayne Park",
                "Infrastruc": "Hybrid",
                "Categories": "Flood Control Infrastructure",
                "Disaster_F": "Flooding",
                "New_15_25_": "Multi-phase stormwater system installation (French drains) to mitigate flooding and reduce septic impact; part of a 5.5M multi-phase plan.",
                "Project_St": "2024",
                "Project_En": "Null",
                "Project__1": "Ongoing",
                "Estimated_": "5500000",
                "Additional": "None",
                "OLD___Brie": "Multi-phase stormwater system installation (French drains) to mitigate flooding and reduce septic impact; part of a 5.5M multi-phase plan.",
                "MUNICUID": "25",
                "MUNICID": "17",
                "NAME": "BISCAYNE PARK",
                "FIPSCODE": "1206600",
                "CREATEDBY": "None",
                "CREATEDDAT": "12/31/1899",
                "MODIFIEDBY": "E316899",
                "MODIFIEDDA": "03/03/2021",
                "GlobalID": "fcacd389-3fe7-4869-9007-8ae226b1d657"
            },
            "geometry": {
                "type": "Point",
                "coordinates": [
                    -80.185022659999959,
                    25.880442360000075
                ]
            }
        },
        {
            "type": "Feature",
            "properties": {
                "Join_Count": "1",
                "TARGET_FID": "38",
                "Project_Na": "Port Miami Shore Power Project",
                "Latitude": "25.77130043",
                "Longitude": "-80.15811547",
                "City": "Miami-Dade County",
                "Link_to_Da": "https://www.miamidade.gov/portmiami/shore-power.page",
                "Implementa": "Miami Dade County and Port-Miami",
                "Infrastruc": "Gray",
                "Categories": "Sustainability Initiatives",
                "Disaster_F": "Multi-hazard",
                "New_15_25_": "Allows a cruise ship, which uses as much electricity as a small city, to turn off their engines and plug into a landside electrical power while docked at PortMiami. By turning off the engines, it reduces carbon emissions up to 98%.",
                "Project_St": "2021",
                "Project_En": "2024",
                "Project__1": "Completed",
                "Estimated_": "125000000",
                "Additional": "None",
                "OLD___Brie": "Shore power allows a cruise ship, which uses as much electricity as a small city, to turn off their engines and plug into a landside electrical power while docked at PortMiami. By turning off the engines, it reduces carbon emissions up to 98%.",
                "MUNICUID": "34",
                "MUNICID": "01",
                "NAME": "MIAMI",
                "FIPSCODE": "1245000",
                "CREATEDBY": "None",
                "CREATEDDAT": "12/31/1899",
                "MODIFIEDBY": "None",
                "MODIFIEDDA": "12/31/1899",
                "GlobalID": "df52bf02-7c6d-4658-b2cc-c2ddb8cd5281"
            },
            "geometry": {
                "type": "Point",
                "coordinates": [
                    -80.158115469999984,
                    25.771300430000053
                ]
            }
        },
        {
            "type": "Feature",
            "properties": {
                "Join_Count": "1",
                "TARGET_FID": "39",
                "Project_Na": "Good Neighbor Stormwater Park",
                "Latitude": "25.90836775",
                "Longitude": "-80.18107045",
                "City": "North Miami",
                "Link_to_Da": "https://publicfiles.dep.state.fl.us/CAMA/FRCP/FY19-20-R1933-NorthMiami-WorkPlan.pdf",
                "Implementa": "City of North Miami",
                "Infrastruc": "Gray",
                "Categories": "Green Infrastructure",
                "Disaster_F": "Flooding",
                "New_15_25_": "Creating more public spaces and stormwater infrastructure at the Good Neighbor Stormwater Park.",
                "Project_St": "2019",
                "Project_En": "2019",
                "Project__1": "Completed",
                "Estimated_": "50000",
                "Additional": "None",
                "OLD___Brie": "Creating more public spaces and stormwater infrastructure at the Good Neighbor Stormwater Park.",
                "MUNICUID": "10",
                "MUNICID": "06",
                "NAME": "NORTH MIAMI",
                "FIPSCODE": "1249450",
                "CREATEDBY": "None",
                "CREATEDDAT": "12/31/1899",
                "MODIFIEDBY": "E316899",
                "MODIFIEDDA": "02/18/2021",
                "GlobalID": "7a531bfb-19e3-4b7d-b354-bda553d619cc"
            },
            "geometry": {
                "type": "Point",
                "coordinates": [
                    -80.181070449999936,
                    25.908367750000025
                ]
            }
        },
        {
            "type": "Feature",
            "properties": {
                "Join_Count": "1",
                "TARGET_FID": "40",
                "Project_Na": "Canal bank stabilization and park drainage upgrades",
                "Latitude": "25.66633062",
                "Longitude": "-80.31406638",
                "City": "Pinecrest",
                "Link_to_Da": "https://www.pinecrest-fl.gov/files/sharedassets/village/v/1/government/village-manager/documents/stormwater-master-plan.pdf",
                "Implementa": "village of Pinecrest",
                "Infrastruc": "Hybrid",
                "Categories": "Flood Control Infrastructure",
                "Disaster_F": "Flooding",
                "New_15_25_": "Eliminate areas and improve the water quality of runoff discharging to canals and closed (French Drain) systems. This plan is based on priority and funding availability.",
                "Project_St": "2024",
                "Project_En": "Null",
                "Project__1": "Ongoing",
                "Estimated_": "10000000",
                "Additional": "None",
                "OLD___Brie": "The goal for this project is to eliminate areas and improve the water quality of runoff discharging to canals and closed (French Drain) systems. This plan is based on priority and funding availability.",
                "MUNICUID": "75",
                "MUNICID": "20",
                "NAME": "PINECREST",
                "FIPSCODE": "1256625",
                "CREATEDBY": "None",
                "CREATEDDAT": "12/31/1899",
                "MODIFIEDBY": "None",
                "MODIFIEDDA": "12/31/1899",
                "GlobalID": "fc36b060-f8cf-41e1-b16f-9fa23b5abfaf"
            },
            "geometry": {
                "type": "Point",
                "coordinates": [
                    -80.314066379999986,
                    25.666330620000053
                ]
            }
        },
        {
            "type": "Feature",
            "properties": {
                "Join_Count": "1",
                "TARGET_FID": "41",
                "Project_Na": "Key Biscayne Immediate Flood Control and Mitigation",
                "Latitude": "25.68868516",
                "Longitude": "-80.16751114",
                "City": "Key Biscayne",
                "Link_to_Da": "https://keybiscayne.fl.gov/elevating_our_island_paradise/program_library/flood_control_and_mitigation.php",
                "Implementa": "Villlage of Key Biscayne",
                "Infrastruc": "Hybrid",
                "Categories": "Flood Control Infrastructure",
                "Disaster_F": "Flooding",
                "New_15_25_": "Redesigned catch basins and reconstructed roadways to improve stormwater drainage, reducing flooding and enhancing property protection in Key Biscayne.",
                "Project_St": "2023",
                "Project_En": "2024",
                "Project__1": "Completed",
                "Estimated_": "2450000",
                "Additional": "None",
                "OLD___Brie": "By redesigning catch basins to be clear of debris and reconstructing segments of roadways, the flood control projects help guide water into drains. This allows flood water to recede faster and cause less disruption. Milling and repaving select roadways c",
                "MUNICUID": "74",
                "MUNICID": "24",
                "NAME": "KEY BISCAYNE",
                "FIPSCODE": "1236300",
                "CREATEDBY": "None",
                "CREATEDDAT": "12/31/1899",
                "MODIFIEDBY": "None",
                "MODIFIEDDA": "12/31/1899",
                "GlobalID": "70964e2b-4266-4df7-b51c-a17364fff5f9"
            },
            "geometry": {
                "type": "Point",
                "coordinates": [
                    -80.167511139999988,
                    25.688685160000034
                ]
            }
        },
        {
            "type": "Feature",
            "properties": {
                "Join_Count": "1",
                "TARGET_FID": "42",
                "Project_Na": "Key Biscayne Beach Renourishment",
                "Latitude": "25.69475802",
                "Longitude": "-80.15775792",
                "City": "Key Biscayne",
                "Link_to_Da": "https://keybiscayne.fl.gov/village_services/resiliency___sustainability/elevating_our_island_paradise/beach_renourishment.php",
                "Implementa": "Villlage of Key Biscayne",
                "Infrastruc": "Blue",
                "Categories": "Shoreline Protection",
                "Disaster_F": "Storm Surge",
                "New_15_25_": "Restore Key Biscayne's shoreline by adding 25,000 cubic yards of sand and planting over 48,000 native plants to combat erosion.",
                "Project_St": "2024",
                "Project_En": "2024",
                "Project__1": "Completed",
                "Estimated_": "3000000",
                "Additional": "None",
                "OLD___Brie": "A beach renourishment brought in approximately 25,000 cubic yards of sand to help protect our shoreline and dunes. About 48,300 plants were also planted to revegetate the reconstructed dune line.",
                "MUNICUID": "74",
                "MUNICID": "24",
                "NAME": "KEY BISCAYNE",
                "FIPSCODE": "1236300",
                "CREATEDBY": "None",
                "CREATEDDAT": "12/31/1899",
                "MODIFIEDBY": "None",
                "MODIFIEDDA": "12/31/1899",
                "GlobalID": "70964e2b-4266-4df7-b51c-a17364fff5f9"
            },
            "geometry": {
                "type": "Point",
                "coordinates": [
                    -80.157757919999938,
                    25.694758020000052
                ]
            }
        },
        {
            "type": "Feature",
            "properties": {
                "Join_Count": "1",
                "TARGET_FID": "43",
                "Project_Na": "Bal Harbour Village Waterfront Park and Resilience Project",
                "Latitude": "25.88791156",
                "Longitude": "-80.12764767",
                "City": "Bal Harbour",
                "Link_to_Da": "https://publicfiles.dep.state.fl.us/CAMA/FRCP/FY%2021-22/RIG2233/3_R2233%20Final.pdf",
                "Implementa": "Parks and Public Spaces Department",
                "Infrastruc": "Green",
                "Categories": "Public Facilities",
                "Disaster_F": "Multi-hazard",
                "New_15_25_": "Renovation of Waterfront Park that will design a two story community center with a rooftop viewing. Increase recreational and open green space.",
                "Project_St": "2021",
                "Project_En": "2027",
                "Project__1": "Ongoing",
                "Estimated_": "500000000",
                "Additional": "None",
                "OLD___Brie": "Renovation of Waterfront Park that will design a two story community center with a rooftop viewing. Increase recreational and open green space.",
                "MUNICUID": "19",
                "MUNICID": "12",
                "NAME": "BAL HARBOUR",
                "FIPSCODE": "1203275",
                "CREATEDBY": "None",
                "CREATEDDAT": "12/31/1899",
                "MODIFIEDBY": "None",
                "MODIFIEDDA": "12/31/1899",
                "GlobalID": "3e619e37-3c0d-4a67-adaa-ebaf892c1c1f"
            },
            "geometry": {
                "type": "Point",
                "coordinates": [
                    -80.127647669999988,
                    25.887911560000077
                ]
            }
        },
        {
            "type": "Feature",
            "properties": {
                "Join_Count": "1",
                "TARGET_FID": "44",
                "Project_Na": "West Avenue Neighborhood Enhancements\n",
                "Latitude": "25.78540541",
                "Longitude": "-80.14232384",
                "City": "Miami Beach",
                "Link_to_Da": "https://www.miamibeachfl.gov/residents/neighborhood-affairs-division/active-projects/neighborhood-improvements/west-avenue-neighborhood-improvements-project-phase-ii/",
                "Implementa": "City of Miami Beach",
                "Infrastruc": "Hybrid",
                "Categories": "Flood Control Infrastructure",
                "Disaster_F": "Multi-hazard",
                "New_15_25_": "Upgrade underground utilities, stormwater systems, streets, sidewalks, lighting, and landscaping to enhance flood resilience and neighborhood livability.",
                "Project_St": "2020",
                "Project_En": "2026",
                "Project__1": "Ongoing",
                "Estimated_": "105140819",
                "Additional": "None",
                "OLD___Brie": "A critical infrastructure upgrade aimed at addressing flooding, improving walkability, and enhancing resilience in one of Miami BeachÂs lowest-lying areas. The project includes replacing aging water and sewer systems, installing a new stormwater drain",
                "MUNICUID": "29",
                "MUNICID": "02",
                "NAME": "MIAMI BEACH",
                "FIPSCODE": "1245025",
                "CREATEDBY": "None",
                "CREATEDDAT": "12/31/1899",
                "MODIFIEDBY": "None",
                "MODIFIEDDA": "12/31/1899",
                "GlobalID": "f01c40cb-77c5-4887-8405-bbaa820b81b4"
            },
            "geometry": {
                "type": "Point",
                "coordinates": [
                    -80.14232383999996,
                    25.785405410000067
                ]
            }
        },
        {
            "type": "Feature",
            "properties": {
                "Join_Count": "1",
                "TARGET_FID": "45",
                "Project_Na": "Sunny Isles Beach Stormwater Pump Upgrades",
                "Latitude": "25.92938",
                "Longitude": "-80.1264",
                "City": "Sunny Isles Beach",
                "Link_to_Da": "https://www.sibfl.gov/Building-Code/Your-City-at-Work/Active-Capital-Projects",
                "Implementa": "Public Works and Waste Management Miami-Dade County",
                "Infrastruc": "Gray",
                "Categories": "Flood Control Infrastructure",
                "Disaster_F": "Flooding",
                "New_15_25_": "New and upgraded pump stations and one-way valves to reduce tidal and rain flooding.",
                "Project_St": "2016",
                "Project_En": "Null",
                "Project__1": "Ongoing",
                "Estimated_": "0",
                "Additional": "None",
                "OLD___Brie": "New and upgraded pump stations and one-way valves to reduce tidal and rain flooding.",
                "MUNICUID": "6",
                "MUNICID": "31",
                "NAME": "SUNNY ISLES BEACH",
                "FIPSCODE": "1269555",
                "CREATEDBY": "None",
                "CREATEDDAT": "12/31/1899",
                "MODIFIEDBY": "None",
                "MODIFIEDDA": "12/31/1899",
                "GlobalID": "00eb115d-4d8d-4099-896d-ec3b73e27ab5"
            },
            "geometry": {
                "type": "Point",
                "coordinates": [
                    -80.1264,
                    25.92938
                ]
            }
        },
        {
            "type": "Feature",
            "properties": {
                "Join_Count": "1",
                "TARGET_FID": "46",
                "Project_Na": "Seawall replacement and Abbott Ave drainage improvements (Resilient305 projects)",
                "Latitude": "25.87980173",
                "Longitude": "-80.1238049",
                "City": "Surfside",
                "Link_to_Da": "https://www.townofsurfsidefl.gov/departments-services/public-works/resilient-305-project",
                "Implementa": "Resilient 305",
                "Infrastruc": "Gray",
                "Categories": "Shoreline Protection",
                "Disaster_F": "Multi-hazard",
                "New_15_25_": "All of the stormwater infrastructure systems would be updated. Review current and future water hazards and make recommendations based on findings.",
                "Project_St": "2024",
                "Project_En": "Null",
                "Project__1": "Ongoing",
                "Estimated_": "2300000",
                "Additional": "None",
                "OLD___Brie": "All of the stormwater infrastructure systems would be updated. Review current and future water hazards and make recommendations based on findings.",
                "MUNICUID": "24",
                "MUNICID": "14",
                "NAME": "SURFSIDE",
                "FIPSCODE": "1270075",
                "CREATEDBY": "None",
                "CREATEDDAT": "12/31/1899",
                "MODIFIEDBY": "None",
                "MODIFIEDDA": "12/31/1899",
                "GlobalID": "941173d8-58fa-4c8c-b624-dc4ea6312d27"
            },
            "geometry": {
                "type": "Point",
                "coordinates": [
                    -80.123804899999982,
                    25.879801730000054
                ]
            }
        },
        {
            "type": "Feature",
            "properties": {
                "Join_Count": "1",
                "TARGET_FID": "47",
                "Project_Na": "3611 Collins Avenue Soil Mixing & Foundation Project",
                "Latitude": "25.80991646",
                "Longitude": "-80.12303356",
                "City": "Miami Beach",
                "Link_to_Da": "https://prodapps.dep.state.fl.us/bcms/secure/PermitDetails/getPermit/109633",
                "Implementa": "AMIX Systems",
                "Infrastruc": "Gray",
                "Categories": "Shoreline Protection",
                "Disaster_F": "Multi-hazard",
                "New_15_25_": "Coastal Construction Control Line",
                "Project_St": "2025",
                "Project_En": "Null",
                "Project__1": "Ongoing",
                "Estimated_": "1000",
                "Additional": "None",
                "OLD___Brie": "Coastal Construction Control Line",
                "MUNICUID": "29",
                "MUNICID": "02",
                "NAME": "MIAMI BEACH",
                "FIPSCODE": "1245025",
                "CREATEDBY": "None",
                "CREATEDDAT": "12/31/1899",
                "MODIFIEDBY": "None",
                "MODIFIEDDA": "12/31/1899",
                "GlobalID": "f01c40cb-77c5-4887-8405-bbaa820b81b4"
            },
            "geometry": {
                "type": "Point",
                "coordinates": [
                    -80.123033559999953,
                    25.809916460000068
                ]
            }
        },
        {
            "type": "Feature",
            "properties": {
                "Join_Count": "1",
                "TARGET_FID": "48",
                "Project_Na": "The South Florida Water Management District Pre-Disaster Mitigation Projects",
                "Latitude": "25.87291",
                "Longitude": "-80.1809",
                "City": "Miami",
                "Link_to_Da": "https://www.miamidade.gov/green/library/sea-level-rise-flooding-saltwater-intrusion.pdf",
                "Implementa": "City of South Miami",
                "Infrastruc": "Gray",
                "Categories": "Flood Control Infrastructure",
                "Disaster_F": "Multi-hazard",
                "New_15_25_": "A technical assessment of the flood protection levels of service for the existing infrastructure under current and future sea level rise scenarios.",
                "Project_St": "2015",
                "Project_En": "2029",
                "Project__1": "Ongoing",
                "Estimated_": "355280352",
                "Additional": "None",
                "OLD___Brie": "A technical assessment of the flood protection levels of service for the existing infrastructure under current and future sea level rise scenarios.",
                "MUNICUID": "27",
                "MUNICID": "11",
                "NAME": "MIAMI SHORES",
                "FIPSCODE": "1245175",
                "CREATEDBY": "None",
                "CREATEDDAT": "12/31/1899",
                "MODIFIEDBY": "None",
                "MODIFIEDDA": "12/31/1899",
                "GlobalID": "20c407a4-6b41-42ad-af3a-c59b433a9f43"
            },
            "geometry": {
                "type": "Point",
                "coordinates": [
                    -80.1809,
                    25.87291
                ]
            }
        },
        {
            "type": "Feature",
            "properties": {
                "Join_Count": "1",
                "TARGET_FID": "49",
                "Project_Na": "Miami Beach Pump Station Program (Multiple Pump Stations)",
                "Latitude": "25.79296001",
                "Longitude": "-80.13531468",
                "City": "Miami Beach",
                "Link_to_Da": "https://www.mbrisingabove.com/your-city-at-work/stormwater-program/stormwater-pumps/",
                "Implementa": "Public Works Department, Office of Resilience",
                "Infrastruc": "Gray",
                "Categories": "Flood Control Infrastructure",
                "Disaster_F": "Flooding",
                "New_15_25_": "Citywide installation of electric pumps and associated drainage system improvements to manage stormwater and king tides.",
                "Project_St": "2014",
                "Project_En": "Null",
                "Project__1": "Ongoing",
                "Estimated_": "0",
                "Additional": "None",
                "OLD___Brie": "Citywide installation of electric pumps and associated drainage system improvements to manage stormwater and king tides.",
                "MUNICUID": "29",
                "MUNICID": "02",
                "NAME": "MIAMI BEACH",
                "FIPSCODE": "1245025",
                "CREATEDBY": "None",
                "CREATEDDAT": "12/31/1899",
                "MODIFIEDBY": "None",
                "MODIFIEDDA": "12/31/1899",
                "GlobalID": "f01c40cb-77c5-4887-8405-bbaa820b81b4"
            },
            "geometry": {
                "type": "Point",
                "coordinates": [
                    -80.135314679999965,
                    25.792960010000058
                ]
            }
        },
        {
            "type": "Feature",
            "properties": {
                "Join_Count": "1",
                "TARGET_FID": "50",
                "Project_Na": "A Resilient Shoreline on SR-A1A in Miami Beach",
                "Latitude": "25.80238",
                "Longitude": "-80.12666",
                "City": "Miami Beach",
                "Link_to_Da": "https://publicfiles.dep.state.fl.us/CAMA/FRCP/FY18-19-R1801-MiamiBeach-WorkPlan-A1.pdf",
                "Implementa": "City of Miami Beach",
                "Infrastruc": "Green",
                "Categories": "Green Infrastructure",
                "Disaster_F": "Multi-hazard",
                "New_15_25_": "Design and permitting of a 0.47-acre mangrove planter in the waterway adjacent to SR-A1A Street.",
                "Project_St": "2024",
                "Project_En": "2025",
                "Project__1": "Ongoing",
                "Estimated_": "30000",
                "Additional": "None",
                "OLD___Brie": "Design and permitting of a 0.47-acre mangrove planter in the waterway adjacent to SR-A1A Street.",
                "MUNICUID": "29",
                "MUNICID": "02",
                "NAME": "MIAMI BEACH",
                "FIPSCODE": "1245025",
                "CREATEDBY": "None",
                "CREATEDDAT": "12/31/1899",
                "MODIFIEDBY": "None",
                "MODIFIEDDA": "12/31/1899",
                "GlobalID": "f01c40cb-77c5-4887-8405-bbaa820b81b4"
            },
            "geometry": {
                "type": "Point",
                "coordinates": [
                    -80.12666,
                    25.80238
                ]
            }
        },
        {
            "type": "Feature",
            "properties": {
                "Join_Count": "1",
                "TARGET_FID": "51",
                "Project_Na": "3425 Collins Avenue",
                "Latitude": "25.80890529",
                "Longitude": "-80.12263453",
                "City": "Miami Beach",
                "Link_to_Da": "https://prodapps.dep.state.fl.us/bcms/secure/PermitDetails/getPermit/110171",
                "Implementa": "City of Miami Beach",
                "Infrastruc": "Gray",
                "Categories": "Shoreline Protection",
                "Disaster_F": "Multi-hazard",
                "New_15_25_": "Project details undisclosed",
                "Project_St": "2025",
                "Project_En": "Null",
                "Project__1": "Ongoing",
                "Estimated_": "0",
                "Additional": "None",
                "OLD___Brie": "to be determined",
                "MUNICUID": "29",
                "MUNICID": "02",
                "NAME": "MIAMI BEACH",
                "FIPSCODE": "1245025",
                "CREATEDBY": "None",
                "CREATEDDAT": "12/31/1899",
                "MODIFIEDBY": "None",
                "MODIFIEDDA": "12/31/1899",
                "GlobalID": "f01c40cb-77c5-4887-8405-bbaa820b81b4"
            },
            "geometry": {
                "type": "Point",
                "coordinates": [
                    -80.122634529999971,
                    25.808905290000041
                ]
            }
        },
        {
            "type": "Feature",
            "properties": {
                "Join_Count": "1",
                "TARGET_FID": "52",
                "Project_Na": "The Ritz Carlton Bal Harbour Renovation Project\t",
                "Latitude": "25.89894876",
                "Longitude": "-80.12374592",
                "City": "Bal Harbour",
                "Link_to_Da": "https://prodapps.dep.state.fl.us/bcms/secure/PermitDetails/getPermit/109614",
                "Implementa": "One Bal Harbour Corporation",
                "Infrastruc": "Gray",
                "Categories": "Shoreline Protection",
                "Disaster_F": "Multi-hazard",
                "New_15_25_": "Project details undisclosed",
                "Project_St": "2025",
                "Project_En": "Null",
                "Project__1": "Ongoing",
                "Estimated_": "8550",
                "Additional": "None",
                "OLD___Brie": "to be determined",
                "MUNICUID": "19",
                "MUNICID": "12",
                "NAME": "BAL HARBOUR",
                "FIPSCODE": "1203275",
                "CREATEDBY": "None",
                "CREATEDDAT": "12/31/1899",
                "MODIFIEDBY": "None",
                "MODIFIEDDA": "12/31/1899",
                "GlobalID": "3e619e37-3c0d-4a67-adaa-ebaf892c1c1f"
            },
            "geometry": {
                "type": "Point",
                "coordinates": [
                    -80.123745919999976,
                    25.898948760000053
                ]
            }
        },
        {
            "type": "Feature",
            "properties": {
                "Join_Count": "1",
                "TARGET_FID": "53",
                "Project_Na": "National Shoreline Erosion Control Development and Demonstration Program\nSection 227 Innovative Erosion Control Program: 63rd Street Breakwater",
                "Latitude": "25.84510407",
                "Longitude": "-80.11809899",
                "City": "Miami-Dade County",
                "Link_to_Da": "https://www.miamidade.gov/environment/library/reports/beach-renourishment-doc.pdf",
                "Implementa": "URS Corporation",
                "Infrastruc": "Blue",
                "Categories": "Shoreline Protection",
                "Disaster_F": "Storm Surge",
                "New_15_25_": "Construct and evaluate innovative erosion control technologies that can improve shore projects.",
                "Project_St": "2007",
                "Project_En": "Null",
                "Project__1": "Ongoing",
                "Estimated_": "2000000",
                "Additional": "None",
                "OLD___Brie": "Construct and evaluate innovative erosion control technologies that can improve shore projects.",
                "MUNICUID": "1",
                "MUNICID": "30",
                "NAME": "UNINCORPORATED MIAMI-DADE",
                "FIPSCODE": "0",
                "CREATEDBY": "E316899",
                "CREATEDDAT": "06/22/2023",
                "MODIFIEDBY": "E316899",
                "MODIFIEDDA": "06/22/2023",
                "GlobalID": "b0f0eaf9-b39e-4f70-ae21-2ef071a9e234"
            },
            "geometry": {
                "type": "Point",
                "coordinates": [
                    -80.118098989999964,
                    25.845104070000048
                ]
            }
        },
        {
            "type": "Feature",
            "properties": {
                "Join_Count": "1",
                "TARGET_FID": "54",
                "Project_Na": "Bal Harbour Seawall and Drainage Rehabilitation",
                "Latitude": "25.89094654",
                "Longitude": "-80.12709695",
                "City": "Bal Harbour",
                "Link_to_Da": "https://balharbourfl.gov/departments/public-works-beautification/utility-infrastructure-improvement-project-2/",
                "Implementa": "Village of Bal Harbour Public Works Department",
                "Infrastruc": "Gray",
                "Categories": "Flood Control Infrastructure",
                "Disaster_F": "Multi-hazard",
                "New_15_25_": "Seawall repairs, raising roadways and improved drainage.",
                "Project_St": "2016",
                "Project_En": "Null",
                "Project__1": "Ongoing",
                "Estimated_": "0",
                "Additional": "None",
                "OLD___Brie": "Seawall repairs, raising roadways and improved drainage.",
                "MUNICUID": "19",
                "MUNICID": "12",
                "NAME": "BAL HARBOUR",
                "FIPSCODE": "1203275",
                "CREATEDBY": "None",
                "CREATEDDAT": "12/31/1899",
                "MODIFIEDBY": "None",
                "MODIFIEDDA": "12/31/1899",
                "GlobalID": "3e619e37-3c0d-4a67-adaa-ebaf892c1c1f"
            },
            "geometry": {
                "type": "Point",
                "coordinates": [
                    -80.127096949999952,
                    25.890946540000073
                ]
            }
        },
        {
            "type": "Feature",
            "properties": {
                "Join_Count": "1",
                "TARGET_FID": "55",
                "Project_Na": "Miami Beach Street Elevations (selected streets)",
                "Latitude": "25.79406445",
                "Longitude": "-80.14436549",
                "City": "Miami Beach",
                "Link_to_Da": "https://www.mbrisingabove.com/your-city-at-work/stormwater-program/elevation/",
                "Implementa": "Public Works Department, Office of Resilience",
                "Infrastruc": "Hybrid",
                "Categories": "Flood Control Infrastructure",
                "Disaster_F": "Flooding",
                "New_15_25_": "Elevation of vulnerable streets in low-lying neighborhoods to reduce standing floodwater.",
                "Project_St": "2015",
                "Project_En": "Null",
                "Project__1": "Ongoing",
                "Estimated_": "0",
                "Additional": "None",
                "OLD___Brie": "Elevation of vulnerable streets in low-lying neighborhoods to reduce standing floodwater.",
                "MUNICUID": "29",
                "MUNICID": "02",
                "NAME": "MIAMI BEACH",
                "FIPSCODE": "1245025",
                "CREATEDBY": "None",
                "CREATEDDAT": "12/31/1899",
                "MODIFIEDBY": "None",
                "MODIFIEDDA": "12/31/1899",
                "GlobalID": "f01c40cb-77c5-4887-8405-bbaa820b81b4"
            },
            "geometry": {
                "type": "Point",
                "coordinates": [
                    -80.144365489999984,
                    25.794064450000064
                ]
            }
        },
        {
            "type": "Feature",
            "properties": {
                "Join_Count": "1",
                "TARGET_FID": "56",
                "Project_Na": "Seawall repairs and shoreline stabilization projects",
                "Latitude": "25.68188439",
                "Longitude": "-80.17110299",
                "City": "Key Biscayne",
                "Link_to_Da": "https://keybiscayne.fl.gov/elevating_our_island_paradise/about/groundwork.php#:~:text=The%20Resilient%20Infrastructure%20and%20Adaptation,approach%2C%20starting%20in%20Zone%201.",
                "Implementa": "Village of Key Biscayne",
                "Infrastruc": "Hybrid",
                "Categories": "Shoreline Protection",
                "Disaster_F": "Flooding",
                "New_15_25_": "Zone 1 stormwater pump station and outfall upgrades (central and south basins stormwater improvements). Creating new guidelines to simulate a public-private partnership for flood protection and updated standards for seawalls.",
                "Project_St": "2025",
                "Project_En": "Null",
                "Project__1": "Ongoing",
                "Estimated_": "100000000",
                "Additional": "None",
                "OLD___Brie": "Zone 1 stormwater pump station and outfall upgrades (central and south basins stormwater improvements). Creating new guidelines to simulate a public-private partnership for flood protection and updated standards for seawalls.",
                "MUNICUID": "74",
                "MUNICID": "24",
                "NAME": "KEY BISCAYNE",
                "FIPSCODE": "1236300",
                "CREATEDBY": "None",
                "CREATEDDAT": "12/31/1899",
                "MODIFIEDBY": "None",
                "MODIFIEDDA": "12/31/1899",
                "GlobalID": "70964e2b-4266-4df7-b51c-a17364fff5f9"
            },
            "geometry": {
                "type": "Point",
                "coordinates": [
                    -80.171102989999952,
                    25.68188439000005
                ]
            }
        },
        {
            "type": "Feature",
            "properties": {
                "Join_Count": "1",
                "TARGET_FID": "57",
                "Project_Na": "C-9 Basin Resiliency and S-29 Coastal Structure",
                "Latitude": "25.9291109",
                "Longitude": "-80.1515497",
                "City": "Miami-Dade County",
                "Link_to_Da": "https://www.sfwmd.gov/sites/default/files/documents/FloodResiliency_SFWMD_2023ConsolidatedAnnualReport.pdf",
                "Implementa": "SFWMD",
                "Infrastruc": "Hybrid",
                "Categories": "Flood Control Infrastructure",
                "Disaster_F": "Multi-hazard",
                "New_15_25_": "Upgrade the S-29 coastal structure and incorporates nature-based features to improve flood protection and resilience in the C-9 Basin.",
                "Project_St": "2022",
                "Project_En": "2025",
                "Project__1": "Ongoing",
                "Estimated_": "355280352",
                "Additional": "None",
                "OLD___Brie": "Similar to above; Pickwick Lake wetland restoration/stormwater detention area features ; nature based features",
                "MUNICUID": "7",
                "MUNICID": "07",
                "NAME": "NORTH MIAMI BEACH",
                "FIPSCODE": "1249475",
                "CREATEDBY": "None",
                "CREATEDDAT": "12/31/1899",
                "MODIFIEDBY": "E316899",
                "MODIFIEDDA": "04/22/2022",
                "GlobalID": "9c349fdf-eeca-4db8-98d8-db61b288651e"
            },
            "geometry": {
                "type": "Point",
                "coordinates": [
                    -80.151549699999975,
                    25.929110900000069
                ]
            }
        },
        {
            "type": "Feature",
            "properties": {
                "Join_Count": "1",
                "TARGET_FID": "58",
                "Project_Na": "Tweddle Park Pump Station Retrofit",
                "Latitude": "25.957605",
                "Longitude": "-80.120849",
                "City": "Golden Beach",
                "Link_to_Da": "https://capitaloutlook.com/3d-b-stormwater-facility-wins-the-statewide-environmental-project-of-the-year-award/#:~:text=Notably%2C%20the%20project%20received%20500%2C000%20in%20grant,for%20its%20novel%20stormwater%20filtration%20treatment%20methods.",
                "Implementa": "Town of Golden Beach",
                "Infrastruc": "Gray",
                "Categories": "Flood Control Infrastructure",
                "Disaster_F": "Multi-hazard",
                "New_15_25_": "Enhances stormwater management in Golden Beach by upgrading pumps, treatment devices, and converting the outfall system to a pumped force main.",
                "Project_St": "2024",
                "Project_En": "2026",
                "Project__1": "Ongoing",
                "Estimated_": "834509",
                "Additional": "None",
                "OLD___Brie": "Upgrading pumps, drainage, and converting to a force main.",
                "MUNICUID": "2",
                "MUNICID": "19",
                "NAME": "GOLDEN BEACH",
                "FIPSCODE": "1226250",
                "CREATEDBY": "None",
                "CREATEDDAT": "12/31/1899",
                "MODIFIEDBY": "None",
                "MODIFIEDDA": "12/31/1899",
                "GlobalID": "77da9a7e-2fe0-4c2c-97d5-8ff2f32af745"
            },
            "geometry": {
                "type": "Point",
                "coordinates": [
                    -80.120849,
                    25.957605
                ]
            }
        },
        {
            "type": "Feature",
            "properties": {
                "Join_Count": "1",
                "TARGET_FID": "59",
                "Project_Na": "Center Island Project",
                "Latitude": "25.966406",
                "Longitude": "-80.122466",
                "City": "Golden Beach",
                "Link_to_Da": "https://www.goldenbeach.us/wp-content/uploads/2019/01/RESO.-2582.18-Adopting-a-stormwater-facilities-improvement-plan-for-a-state-revolving-loan-fund-program.pdf",
                "Implementa": "town of Golden Beach",
                "Infrastruc": "Gray",
                "Categories": "Shoreline Protection",
                "Disaster_F": "Storm Surge",
                "New_15_25_": "As of September 2025, the town of Golden Beach has no current or publicly announced capital projects for beach renourishment.",
                "Project_St": "Null",
                "Project_En": "Null",
                "Project__1": "Ongoing",
                "Estimated_": "0",
                "Additional": "None",
                "OLD___Brie": "As of September 2025, the town of Golden Beach has no current or publicly announced capital projects for beach renourishment.",
                "MUNICUID": "2",
                "MUNICID": "19",
                "NAME": "GOLDEN BEACH",
                "FIPSCODE": "1226250",
                "CREATEDBY": "None",
                "CREATEDDAT": "12/31/1899",
                "MODIFIEDBY": "None",
                "MODIFIEDDA": "12/31/1899",
                "GlobalID": "77da9a7e-2fe0-4c2c-97d5-8ff2f32af745"
            },
            "geometry": {
                "type": "Point",
                "coordinates": [
                    -80.122466,
                    25.966406
                ]
            }
        },
        {
            "type": "Feature",
            "properties": {
                "Join_Count": "1",
                "TARGET_FID": "60",
                "Project_Na": "Miami Beach North Beach Pump & Road Elevation",
                "Latitude": "25.86266534",
                "Longitude": "-80.12191698",
                "City": "Miami Beach",
                "Link_to_Da": "https://www.mbrisingabove.com/wp-content/uploads/Road-Elevation-Strategy.pdf",
                "Implementa": "City of Miami Beach Public Works Department",
                "Infrastruc": "Gray",
                "Categories": "Flood Control Infrastructure",
                "Disaster_F": "Multi-hazard",
                "New_15_25_": "Pump upgrades and partial road elevation in North Beach neighborhoods.",
                "Project_St": "2016",
                "Project_En": "Null",
                "Project__1": "Ongoing",
                "Estimated_": "0",
                "Additional": "None",
                "OLD___Brie": "Pump upgrades and partial road elevation in North Beach neighborhoods.",
                "MUNICUID": "29",
                "MUNICID": "02",
                "NAME": "MIAMI BEACH",
                "FIPSCODE": "1245025",
                "CREATEDBY": "None",
                "CREATEDDAT": "12/31/1899",
                "MODIFIEDBY": "None",
                "MODIFIEDDA": "12/31/1899",
                "GlobalID": "f01c40cb-77c5-4887-8405-bbaa820b81b4"
            },
            "geometry": {
                "type": "Point",
                "coordinates": [
                    -80.12191697999998,
                    25.862665340000035
                ]
            }
        },
        {
            "type": "Feature",
            "properties": {
                "Join_Count": "1",
                "TARGET_FID": "61",
                "Project_Na": "5333 Collins Avenue Department",
                "Latitude": "25.83239362",
                "Longitude": "-80.12099873",
                "City": "Miami Beach",
                "Link_to_Da": "https://prodapps.dep.state.fl.us/bcms/secure/PermitDetails/getPermit/104576",
                "Implementa": "Collins Acquisitions",
                "Infrastruc": "Gray",
                "Categories": "Public Facilities",
                "Disaster_F": "Multi-hazard",
                "New_15_25_": "Project details undisclosed",
                "Project_St": "2025",
                "Project_En": "2025",
                "Project__1": "Completed",
                "Estimated_": "300",
                "Additional": "None",
                "OLD___Brie": "to be determined",
                "MUNICUID": "29",
                "MUNICID": "02",
                "NAME": "MIAMI BEACH",
                "FIPSCODE": "1245025",
                "CREATEDBY": "None",
                "CREATEDDAT": "12/31/1899",
                "MODIFIEDBY": "None",
                "MODIFIEDDA": "12/31/1899",
                "GlobalID": "f01c40cb-77c5-4887-8405-bbaa820b81b4"
            },
            "geometry": {
                "type": "Point",
                "coordinates": [
                    -80.12099872999994,
                    25.832393620000062
                ]
            }
        },
        {
            "type": "Feature",
            "properties": {
                "Join_Count": "1",
                "TARGET_FID": "62",
                "Project_Na": "Miami Dade County Infrastructure Interconnectivity Project",
                "Latitude": "25.78063",
                "Longitude": "-80.19604",
                "City": "Miami",
                "Link_to_Da": "https://www.miamidadetpo.org/library/smartplan-booklet-2017.pdf#:~:text=It%20is%20anticipated%20that%20the%20overall%20cost,will%20be%20critical%20to%20deliver%20these%20projects.",
                "Implementa": "Miami-Dade County",
                "Infrastruc": "Gray",
                "Categories": "Connectivity",
                "Disaster_F": "Multi-hazard",
                "New_15_25_": "Improves connectivity across infrastructure networks inking transit, utilities, communication systems, and streetsÂto support efficient, resilient, and integrated urban services. Total estimated cost $9.13 billion. $2.90 billion has identified funding; the remaining balance is being addressed.",
                "Project_St": "2025",
                "Project_En": "Null",
                "Project__1": "Ongoing",
                "Estimated_": "9130000000",
                "Additional": "None",
                "OLD___Brie": "linking public properties to improve system redundancy. Total estimated cost $9.13 billion. $2.90 billion has identified funding; the remaining balance is being addressed.",
                "MUNICUID": "34",
                "MUNICID": "01",
                "NAME": "MIAMI",
                "FIPSCODE": "1245000",
                "CREATEDBY": "None",
                "CREATEDDAT": "12/31/1899",
                "MODIFIEDBY": "None",
                "MODIFIEDDA": "12/31/1899",
                "GlobalID": "df52bf02-7c6d-4658-b2cc-c2ddb8cd5281"
            },
            "geometry": {
                "type": "Point",
                "coordinates": [
                    -80.19604,
                    25.78063
                ]
            }
        },
        {
            "type": "Feature",
            "properties": {
                "Join_Count": "1",
                "TARGET_FID": "63",
                "Project_Na": "Brickell Bay Drive Seawall & Resiliency Improvements",
                "Latitude": "25.757756",
                "Longitude": "-80.18924896",
                "City": "Miami",
                "Link_to_Da": "https://www.miami.gov/My-Government/Departments/Resilience-and-Public-Works/Resilience-and-Public-Works-Projects-Per-District/District-2-Resilience-and-Public-Works-Projects/Brickell-Bay-Drive-Seawall-Resiliency-Improvements",
                "Implementa": "Department of Resilience and Public Works",
                "Infrastruc": "Hybrid",
                "Categories": "Flood Control Infrastructure",
                "Disaster_F": "Flooding",
                "New_15_25_": "To build a roadway and stormwater infrastructure improvements including roadway reconstruction.",
                "Project_St": "2027",
                "Project_En": "2028",
                "Project__1": "Ongoing",
                "Estimated_": "29328189",
                "Additional": "None",
                "OLD___Brie": "To build a roadway and stormwater infrastructure improvements including roadway reconstruction.",
                "MUNICUID": "34",
                "MUNICID": "01",
                "NAME": "MIAMI",
                "FIPSCODE": "1245000",
                "CREATEDBY": "None",
                "CREATEDDAT": "12/31/1899",
                "MODIFIEDBY": "None",
                "MODIFIEDDA": "12/31/1899",
                "GlobalID": "df52bf02-7c6d-4658-b2cc-c2ddb8cd5281"
            },
            "geometry": {
                "type": "Point",
                "coordinates": [
                    -80.189248959999986,
                    25.757756
                ]
            }
        },
        {
            "type": "Feature",
            "properties": {
                "Join_Count": "1",
                "TARGET_FID": "64",
                "Project_Na": "Civic Center Project",
                "Latitude": "25.95746889",
                "Longitude": "-80.12136504",
                "City": "Golden Beach",
                "Link_to_Da": "https://www.goldenbeach.us/wp-content/uploads/2024/04/RESO-2933.24-Authorizing-Additional-Scope-of-Work-to-the-Design-Build-Agreement-with-Gerrits-Construction-Inc.-for-the-Town-Civic-Center.pdf",
                "Implementa": "Town of Golden Beach",
                "Infrastruc": "Gray",
                "Categories": "Public Facilities",
                "Disaster_F": "Multi-hazard",
                "New_15_25_": "Constructing a three-story municipal building to house town departments, including council chambers and an emergency operations center.",
                "Project_St": "2020",
                "Project_En": "2025",
                "Project__1": "Ongoing",
                "Estimated_": "5000000",
                "Additional": "None",
                "OLD___Brie": "enhancing community infrastructure with resilience elements.",
                "MUNICUID": "2",
                "MUNICID": "19",
                "NAME": "GOLDEN BEACH",
                "FIPSCODE": "1226250",
                "CREATEDBY": "None",
                "CREATEDDAT": "12/31/1899",
                "MODIFIEDBY": "None",
                "MODIFIEDDA": "12/31/1899",
                "GlobalID": "77da9a7e-2fe0-4c2c-97d5-8ff2f32af745"
            },
            "geometry": {
                "type": "Point",
                "coordinates": [
                    -80.121365039999944,
                    25.95746889000003
                ]
            }
        },
        {
            "type": "Feature",
            "properties": {
                "Join_Count": "1",
                "TARGET_FID": "65",
                "Project_Na": "Hialeah Gardens Canal & Drainage Upgrades",
                "Latitude": "25.89789",
                "Longitude": "-80.37162",
                "City": "Hialeah Gardens",
                "Link_to_Da": "http://www.hialeahgardens.gov/",
                "Implementa": "DERM",
                "Infrastruc": "Hybrid",
                "Categories": "Flood Control Infrastructure",
                "Disaster_F": "Flooding",
                "New_15_25_": "Canal dredging and drainage improvements to reduce neighborhood flooding.",
                "Project_St": "2017",
                "Project_En": "Null",
                "Project__1": "Ongoing",
                "Estimated_": "0",
                "Additional": "None",
                "OLD___Brie": "Canal dredging and drainage improvements to reduce neighborhood flooding.",
                "MUNICUID": "14",
                "MUNICID": "27",
                "NAME": "HIALEAH GARDENS",
                "FIPSCODE": "1230025",
                "CREATEDBY": "None",
                "CREATEDDAT": "12/31/1899",
                "MODIFIEDBY": "None",
                "MODIFIEDDA": "12/31/1899",
                "GlobalID": "233f6d50-73d2-41f3-9922-e0d4adbfe0e0"
            },
            "geometry": {
                "type": "Point",
                "coordinates": [
                    -80.37162,
                    25.89789
                ]
            }
        },
        {
            "type": "Feature",
            "properties": {
                "Join_Count": "1",
                "TARGET_FID": "66",
                "Project_Na": "Drainage & road elevation projects for localized flooding",
                "Latitude": "25.86719",
                "Longitude": "-80.33844",
                "City": "Hialeah Gardens",
                "Link_to_Da": "https://www.cityofhialeahgardens.com/departments/public-works/storm-water-utility#:~:text=The%20Stormwater%20Utility%20will%20improve,drainage%20systems%20will%20be%20improved.",
                "Implementa": "City of Hialeah Gardens",
                "Infrastruc": "Gray",
                "Categories": "Flood Control Infrastructure",
                "Disaster_F": "Flooding",
                "New_15_25_": "Flordia Air and Water Pollution Control Act and local governments are required to develop stormwater management programs, but there is no detailed plans in the meantime.",
                "Project_St": "Null",
                "Project_En": "Null",
                "Project__1": "Ongoing",
                "Estimated_": "0",
                "Additional": "None",
                "OLD___Brie": "Flordia Air and Water Pollution Control Act and local governments are required to develop stormwater management programs, but there is no detailed plans in the meantime.",
                "MUNICUID": "14",
                "MUNICID": "27",
                "NAME": "HIALEAH GARDENS",
                "FIPSCODE": "1230025",
                "CREATEDBY": "None",
                "CREATEDDAT": "12/31/1899",
                "MODIFIEDBY": "None",
                "MODIFIEDDA": "12/31/1899",
                "GlobalID": "233f6d50-73d2-41f3-9922-e0d4adbfe0e0"
            },
            "geometry": {
                "type": "Point",
                "coordinates": [
                    -80.33844,
                    25.86719
                ]
            }
        },
        {
            "type": "Feature",
            "properties": {
                "Join_Count": "1",
                "TARGET_FID": "67",
                "Project_Na": "Stormwater pond dredging and retention basin upgrades",
                "Latitude": "25.91279",
                "Longitude": "-80.34711",
                "City": "Miami Lakes",
                "Link_to_Da": "https://www.miamilakes-fl.gov/miami-lakes-receives-grant-for-drainage-improvement-project/#:~:text=The%20Federal%20Emergency%20Management%20Agency,the%20Town%20of%20Miami%20Lakes.",
                "Implementa": "town of Miami Lakes",
                "Infrastruc": "Hybrid",
                "Categories": "Flood Control Infrastructure",
                "Disaster_F": "Flooding",
                "New_15_25_": "Stormwater infrastructure & roadway improvements to alleviate localized flooding affecting 650 properties. Enhance water quality and improve resilience of the community's infrastructure.",
                "Project_St": "2025",
                "Project_En": "2028",
                "Project__1": "Ongoing",
                "Estimated_": "10070651",
                "Additional": "None",
                "OLD___Brie": "Stormwater infrastructure & roadway improvements to alleviate localized flooding affecting 650 properties. Enhance water quality and improve resilience of the community's infrastructure.",
                "MUNICUID": "12",
                "MUNICID": "32",
                "NAME": "MIAMI LAKES",
                "FIPSCODE": "1245100",
                "CREATEDBY": "None",
                "CREATEDDAT": "12/31/1899",
                "MODIFIEDBY": "None",
                "MODIFIEDDA": "12/31/1899",
                "GlobalID": "64025d22-0892-413b-a900-44d95adcb381"
            },
            "geometry": {
                "type": "Point",
                "coordinates": [
                    -80.34711,
                    25.91279
                ]
            }
        },
        {
            "type": "Feature",
            "properties": {
                "Join_Count": "1",
                "TARGET_FID": "68",
                "Project_Na": "C-4 Canal Embankment Resiliency",
                "Latitude": "25.7617333",
                "Longitude": "-80.353576",
                "City": "Miami-Dade County",
                "Link_to_Da": "https://www.miami.gov/My-Government/Departments/Resilience-and-Public-Works/Resilience-and-Public-Works-Projects-Per-District/District-2-Resilience-and-Public-Works-Projects/S.-Bayshore-Ln.-Fairview-St.-Roadway-Improvements-New-Pump-Station",
                "Implementa": "SFWMD",
                "Infrastruc": "Hybrid",
                "Categories": "Flood Control Infrastructure",
                "Disaster_F": "Flooding",
                "New_15_25_": "Elevate and reinforces C-4 Canal embankments along S. Bayshore Lane and Fairview Street, incorporating a new pump station to mitigate flooding risks.",
                "Project_St": "2014",
                "Project_En": "2026",
                "Project__1": "Ongoing",
                "Estimated_": "404229040",
                "Additional": "None",
                "OLD___Brie": "Construction of flood walls along the Canal. These embankments are designed to contain floodwaters and provide improved flood protection to local communities.",
                "MUNICUID": "1",
                "MUNICID": "30",
                "NAME": "UNINCORPORATED MIAMI-DADE",
                "FIPSCODE": "0",
                "CREATEDBY": "E316899",
                "CREATEDDAT": "06/22/2023",
                "MODIFIEDBY": "E316899",
                "MODIFIEDDA": "06/22/2023",
                "GlobalID": "b0f0eaf9-b39e-4f70-ae21-2ef071a9e234"
            },
            "geometry": {
                "type": "Point",
                "coordinates": [
                    -80.353576,
                    25.76173330000006
                ]
            }
        },
        {
            "type": "Feature",
            "properties": {
                "Join_Count": "1",
                "TARGET_FID": "69",
                "Project_Na": "Stormwater retention & pump station upgrades within Doral neighborhoods",
                "Latitude": "25.8195",
                "Longitude": "-80.3553",
                "City": "Doral",
                "Link_to_Da": "https://www.cityofdoral.com/files/assets/city/v/1/departments/procurement/2022-bid-docs/2022-23/2022-23-itb-stormwater-improvements-sub-basin-nw-33-st-w-notice.pdf",
                "Implementa": "Stormwater Utility Division",
                "Infrastruc": "Hybrid",
                "Categories": "Flood Control Infrastructure",
                "Disaster_F": "Flooding",
                "New_15_25_": "Doral has active CIP projects focused on drainage and pump improvements. The pump station has been upgraded to a 20HP pumps to a more efficient 45HP submersible pumps.",
                "Project_St": "2021",
                "Project_En": "Null",
                "Project__1": "Ongoing",
                "Estimated_": "11000000",
                "Additional": "None",
                "OLD___Brie": "Doral has active CIP projects focused on drainage and pump improvements. The pump station has been upgraded to a 20HP pumps to a more efficient 45HP submersible pumps.",
                "MUNICUID": "35",
                "MUNICID": "35",
                "NAME": "DORAL",
                "FIPSCODE": "1217935",
                "CREATEDBY": "None",
                "CREATEDDAT": "12/31/1899",
                "MODIFIEDBY": "E316899",
                "MODIFIEDDA": "06/22/2023",
                "GlobalID": "dd966362-75a1-4e39-ae1e-faeb196f814c"
            },
            "geometry": {
                "type": "Point",
                "coordinates": [
                    -80.3553,
                    25.8195
                ]
            }
        },
        {
            "type": "Feature",
            "properties": {
                "Join_Count": "1",
                "TARGET_FID": "70",
                "Project_Na": "Resources Recovery Facility",
                "Latitude": "25.8370974",
                "Longitude": "-80.3589412",
                "City": "Miami-Dade County",
                "Link_to_Da": "https://www.miamidade.gov/global/solidwaste/sustainable-solid-waste/wte-doral-site-rff.page",
                "Implementa": "Miami Dade County Solid Waste Management Division",
                "Infrastruc": "Gray",
                "Categories": "Sustainability Initiatives",
                "Disaster_F": "Multi-hazard",
                "New_15_25_": "Use waste to convert it to energy plant. In the contrary, there has been issues with several damages due to a fire. The county is exploring options to replace the facility.",
                "Project_St": "2022",
                "Project_En": "Null",
                "Project__1": "Ongoing",
                "Estimated_": "1500000000",
                "Additional": "None",
                "OLD___Brie": "The project's agenda is to use waste to convert it to energy plant. In the contrary, there has been issues with several damages due to a fire. The county is exploring options to replace the facility.",
                "MUNICUID": "35",
                "MUNICID": "35",
                "NAME": "DORAL",
                "FIPSCODE": "1217935",
                "CREATEDBY": "None",
                "CREATEDDAT": "12/31/1899",
                "MODIFIEDBY": "E316899",
                "MODIFIEDDA": "06/22/2023",
                "GlobalID": "dd966362-75a1-4e39-ae1e-faeb196f814c"
            },
            "geometry": {
                "type": "Point",
                "coordinates": [
                    -80.358941199999947,
                    25.837097400000061
                ]
            }
        },
        {
            "type": "Feature",
            "properties": {
                "Join_Count": "1",
                "TARGET_FID": "71",
                "Project_Na": "Dolphin Station #68",
                "Latitude": "25.79044928",
                "Longitude": "-80.37570363",
                "City": "Doral",
                "Link_to_Da": "https://www.alleguezarchitecture.com/projects/fire-stations/mdfr-fire-station-68",
                "Implementa": "Miami Dade Fire Rescue",
                "Infrastruc": "Gray",
                "Categories": "Sustainability Initiatives",
                "Disaster_F": "Flooding",
                "New_15_25_": "LEED Silver Certification, batteries and generators for backup power, and a grid connection for emergencies, solar power",
                "Project_St": "2018",
                "Project_En": "2024",
                "Project__1": "Completed",
                "Estimated_": "7800000",
                "Additional": "None",
                "OLD___Brie": "LEED Silver Certification, batteries and generators for backup power, and a grid connection for emergencies, solar power",
                "MUNICUID": "42",
                "MUNICID": "25",
                "NAME": "SWEETWATER",
                "FIPSCODE": "1270345",
                "CREATEDBY": "None",
                "CREATEDDAT": "12/31/1899",
                "MODIFIEDBY": "E316899",
                "MODIFIEDDA": "12/23/2021",
                "GlobalID": "325f56de-ad3c-445d-ab86-2bd638168760"
            },
            "geometry": {
                "type": "Point",
                "coordinates": [
                    -80.375703629999975,
                    25.790449280000075
                ]
            }
        },
        {
            "type": "Feature",
            "properties": {
                "Join_Count": "1",
                "TARGET_FID": "72",
                "Project_Na": "Sweetwater Roadway and Drainage Improvements",
                "Latitude": "25.767765",
                "Longitude": "-80.37898",
                "City": "Sweetwater",
                "Link_to_Da": "https://www.flsenate.gov/PublishedContent/Session/FiscalYear/FY2024-25/LocalFundingInitiativeRequests/FY2024-25_S1736.pdf",
                "Implementa": "City of Sweetwater",
                "Infrastruc": "Gray",
                "Categories": "Flood Control Infrastructure",
                "Disaster_F": "Flooding",
                "New_15_25_": "Enhance quality of life, improve public rights of way, and safety in the city's northern area and lateral roads. Overall improve public safety for residents and businesses.",
                "Project_St": "2024",
                "Project_En": "Null",
                "Project__1": "Ongoing",
                "Estimated_": "4500000",
                "Additional": "None",
                "OLD___Brie": "This project will enhance quality of life, improve public rights of way, and safety in the city's northern area and lateral roads. Overall improve public safety for residents and businesses.",
                "MUNICUID": "42",
                "MUNICID": "25",
                "NAME": "SWEETWATER",
                "FIPSCODE": "1270345",
                "CREATEDBY": "None",
                "CREATEDDAT": "12/31/1899",
                "MODIFIEDBY": "E316899",
                "MODIFIEDDA": "12/23/2021",
                "GlobalID": "325f56de-ad3c-445d-ab86-2bd638168760"
            },
            "geometry": {
                "type": "Point",
                "coordinates": [
                    -80.37898,
                    25.767765
                ]
            }
        },
        {
            "type": "Feature",
            "properties": {
                "Join_Count": "1",
                "TARGET_FID": "73",
                "Project_Na": "Sweetwater Drainage Rehabilitation Project",
                "Latitude": "25.7912",
                "Longitude": "-80.374",
                "City": "Sweetwater",
                "Link_to_Da": "https://cityofsweetwater.fl.gov/2020/06/30/northern-sweetwater-drainage-improvement-projects/?utm_source=chatgpt.com",
                "Implementa": "City of Sweetwater Public Works",
                "Infrastruc": "Blue",
                "Categories": "Flood Control Infrastructure",
                "Disaster_F": "Flooding",
                "New_15_25_": "Local drainage improvements addressing chronic flooding in low-lying neighborhoods.",
                "Project_St": "2018",
                "Project_En": "Null",
                "Project__1": "Ongoing",
                "Estimated_": "0",
                "Additional": "None",
                "OLD___Brie": "Local drainage improvements addressing chronic flooding in low-lying neighborhoods.",
                "MUNICUID": "42",
                "MUNICID": "25",
                "NAME": "SWEETWATER",
                "FIPSCODE": "1270345",
                "CREATEDBY": "None",
                "CREATEDDAT": "12/31/1899",
                "MODIFIEDBY": "E316899",
                "MODIFIEDDA": "12/23/2021",
                "GlobalID": "325f56de-ad3c-445d-ab86-2bd638168760"
            },
            "geometry": {
                "type": "Point",
                "coordinates": [
                    -80.374,
                    25.7912
                ]
            }
        },
        {
            "type": "Feature",
            "properties": {
                "Join_Count": "1",
                "TARGET_FID": "74",
                "Project_Na": "City of Homestead Canal & Drainage Rehabilitation",
                "Latitude": "25.47016",
                "Longitude": "-80.462787",
                "City": "Homestead",
                "Link_to_Da": "https://homesteadfl.gov/civicalerts.aspx?aid=4194",
                "Implementa": "Homestead Public Works Department",
                "Infrastruc": "Hybrid",
                "Categories": "Flood Control Infrastructure",
                "Disaster_F": "Flooding",
                "New_15_25_": "Canal dredging, pump refurbishment and drainage improvements to reduce inland flooding.",
                "Project_St": "2018",
                "Project_En": "Null",
                "Project__1": "Ongoing",
                "Estimated_": "0",
                "Additional": "None",
                "OLD___Brie": "Canal dredging, pump refurbishment and drainage improvements to reduce inland flooding.",
                "MUNICUID": "79",
                "MUNICID": "10",
                "NAME": "HOMESTEAD",
                "FIPSCODE": "1232275",
                "CREATEDBY": "None",
                "CREATEDDAT": "12/31/1899",
                "MODIFIEDBY": "None",
                "MODIFIEDDA": "12/31/1899",
                "GlobalID": "4f391dcd-05bb-4073-8333-f55457361ef7"
            },
            "geometry": {
                "type": "Point",
                "coordinates": [
                    -80.462787,
                    25.47016
                ]
            }
        },
        {
            "type": "Feature",
            "properties": {
                "Join_Count": "1",
                "TARGET_FID": "75",
                "Project_Na": "Old Cutler Cove Drainage Improvements",
                "Latitude": "25.57923202",
                "Longitude": "-80.33880193",
                "City": "Cutler Bay",
                "Link_to_Da": "https://www.cutlerbay-fl.gov/sites/default/files/fileattachments/town_manager/page/2211/cutler_bay_swmp-update_1_1-compressed.pdf",
                "Implementa": "Town of Cutler Bay Public Works Division",
                "Infrastruc": "Gray",
                "Categories": "Flood Control Infrastructure",
                "Disaster_F": "Flooding",
                "New_15_25_": "Improve flood resilience and reduces roadway ponding through new drainage pipes, exfiltration trenches, catch basins, and upgraded swales, manholes, and pollution-control systems.",
                "Project_St": "Null",
                "Project_En": "Null",
                "Project__1": "Ongoing",
                "Estimated_": "1738000",
                "Additional": "None",
                "OLD___Brie": "The plan includes 1,410 feet of new drainage pipe installation, 850 feet of exfiltration trenches, and 23 new catch basins. The project aims to improve flood resilience and reduce roadway ponding by enhancing drainage system capacity. Other improvements",
                "MUNICUID": "77",
                "MUNICID": "36",
                "NAME": "CUTLER BAY",
                "FIPSCODE": "1215968",
                "CREATEDBY": "None",
                "CREATEDDAT": "12/31/1899",
                "MODIFIEDBY": "None",
                "MODIFIEDDA": "12/31/1899",
                "GlobalID": "706f6e89-d110-4e47-ad52-d8aecc500d1b"
            },
            "geometry": {
                "type": "Point",
                "coordinates": [
                    -80.338801929999988,
                    25.579232020000063
                ]
            }
        },
        {
            "type": "Feature",
            "properties": {
                "Join_Count": "1",
                "TARGET_FID": "76",
                "Project_Na": "S-380 Structure Resiliency",
                "Latitude": "25.76157284",
                "Longitude": "-80.44840929",
                "City": "Miami-Dade County",
                "Link_to_Da": "https://www.sfwmd.gov/sites/default/files/documents/Draft_2024_Sea_Level_Rise_and_Flood_Resiliency_Plan.pdf",
                "Implementa": "SFWMD",
                "Infrastruc": "Gray",
                "Categories": "Flood Control Infrastructure",
                "Disaster_F": "Flooding",
                "New_15_25_": "Upgrade the S-380 structure to enhance flood prevention capacity, improving stormwater management and resilience against climate-related flooding in Miami.",
                "Project_St": "Null",
                "Project_En": "Null",
                "Project__1": "Ongoing",
                "Estimated_": "17548407",
                "Additional": "None",
                "OLD___Brie": "installing a backflow pump and raising the structure \nelevation",
                "MUNICUID": "1",
                "MUNICID": "30",
                "NAME": "UNINCORPORATED MIAMI-DADE",
                "FIPSCODE": "0",
                "CREATEDBY": "E316899",
                "CREATEDDAT": "06/22/2023",
                "MODIFIEDBY": "E316899",
                "MODIFIEDDA": "06/22/2023",
                "GlobalID": "b0f0eaf9-b39e-4f70-ae21-2ef071a9e234"
            },
            "geometry": {
                "type": "Point",
                "coordinates": [
                    -80.448409289999972,
                    25.761572840000042
                ]
            }
        },
        {
            "type": "Feature",
            "properties": {
                "Join_Count": "1",
                "TARGET_FID": "77",
                "Project_Na": "Pump Station #22",
                "Latitude": "25.47001",
                "Longitude": "-80.46283",
                "City": "Homestead",
                "Link_to_Da": "https://www.homesteadfl.gov/664/Pump-Station-22",
                "Implementa": "City of Homestead",
                "Infrastruc": "Gray",
                "Categories": "Flood Control Infrastructure",
                "Disaster_F": "Flooding",
                "New_15_25_": "Improvements of the pump stations throughout the City of Homestead .",
                "Project_St": "2023",
                "Project_En": "2024",
                "Project__1": "Completed",
                "Estimated_": "5141905",
                "Additional": "None",
                "OLD___Brie": "Improvements of the pump stations throughout the City of Homestead",
                "MUNICUID": "79",
                "MUNICID": "10",
                "NAME": "HOMESTEAD",
                "FIPSCODE": "1232275",
                "CREATEDBY": "None",
                "CREATEDDAT": "12/31/1899",
                "MODIFIEDBY": "None",
                "MODIFIEDDA": "12/31/1899",
                "GlobalID": "4f391dcd-05bb-4073-8333-f55457361ef7"
            },
            "geometry": {
                "type": "Point",
                "coordinates": [
                    -80.46283,
                    25.47001
                ]
            }
        },
        {
            "type": "Feature",
            "properties": {
                "Join_Count": "1",
                "TARGET_FID": "78",
                "Project_Na": "CERP (Comprehensive Everglades Restoration Plan) South Florida projects affecting county",
                "Latitude": "25.47564371",
                "Longitude": "-80.83913846",
                "City": "Miami-Dade County",
                "Link_to_Da": "https://www.evergladesrestoration.gov/comprehensive-everglades-restoration-plan",
                "Implementa": "U.S. Army Corps of Engineers",
                "Infrastruc": "Blue",
                "Categories": "Green Infrastructure",
                "Disaster_F": "Multi-hazard",
                "New_15_25_": "Large-scale restoration projects (CERP) including storage and conveyance that reduce flood and improve water quality.",
                "Project_St": "2000",
                "Project_En": "Null",
                "Project__1": "Ongoing",
                "Estimated_": "0",
                "Additional": "None",
                "OLD___Brie": "Large-scale restoration projects (CERP) including storage and conveyance that reduce flood and improve water quality.",
                "MUNICUID": "1",
                "MUNICID": "30",
                "NAME": "UNINCORPORATED MIAMI-DADE",
                "FIPSCODE": "0",
                "CREATEDBY": "E316899",
                "CREATEDDAT": "06/22/2023",
                "MODIFIEDBY": "E316899",
                "MODIFIEDDA": "06/22/2023",
                "GlobalID": "b0f0eaf9-b39e-4f70-ae21-2ef071a9e234"
            },
            "geometry": {
                "type": "Point",
                "coordinates": [
                    -80.839138459999958,
                    25.475643710000043
                ]
            }
        },
        {
            "type": "Feature",
            "properties": {
                "Join_Count": "1",
                "TARGET_FID": "79",
                "Project_Na": "Canal conveyance upgrades and retention basin projects",
                "Latitude": "25.44909674",
                "Longitude": "-80.41804144",
                "City": "Florida City",
                "Link_to_Da": "https://www.miamidade.gov/smallbusiness/library/reports/csbe/20131234-project-package.pdf",
                "Implementa": "City of Florida",
                "Infrastruc": "Hybrid",
                "Categories": "Flood Control Infrastructure",
                "Disaster_F": "Flooding",
                "New_15_25_": "Improve the hydrology within existing environmental sensitive lands of the Flordia City Canal.",
                "Project_St": "2011",
                "Project_En": "Null",
                "Project__1": "Ongoing",
                "Estimated_": "1623700",
                "Additional": "None",
                "OLD___Brie": "The goal for this project is to improve the hydrology within existing environmental sensitive lands of the Flordia City Canal.",
                "MUNICUID": "79",
                "MUNICID": "10",
                "NAME": "HOMESTEAD",
                "FIPSCODE": "1232275",
                "CREATEDBY": "None",
                "CREATEDDAT": "12/31/1899",
                "MODIFIEDBY": "None",
                "MODIFIEDDA": "12/31/1899",
                "GlobalID": "4f391dcd-05bb-4073-8333-f55457361ef7"
            },
            "geometry": {
                "type": "Point",
                "coordinates": [
                    -80.418041439999968,
                    25.449096740000073
                ]
            }
        },
        {
            "type": "Feature",
            "properties": {
                "Join_Count": "1",
                "TARGET_FID": "80",
                "Project_Na": "Urban Forestry Program",
                "Latitude": "25.418",
                "Longitude": "-80.49",
                "City": "Miami-Dade County",
                "Link_to_Da": "https://www.miamidade.gov/economy/library/urban-forestry-report.pdf",
                "Implementa": "City of North Miami Beach",
                "Infrastruc": "Green",
                "Categories": "Green Infrastructure",
                "Disaster_F": "Extreme Heat",
                "New_15_25_": "Expands and protects tree canopy in urban zones to cool neighborhoods, filter stormwater and air pollutants, sequester carbon, and promote community well-being.",
                "Project_St": "2006",
                "Project_En": "Null",
                "Project__1": "Ongoing",
                "Estimated_": "100000",
                "Additional": "None",
                "OLD___Brie": "Climate-adaptive tree canopy management.",
                "MUNICUID": "1",
                "MUNICID": "30",
                "NAME": "UNINCORPORATED MIAMI-DADE",
                "FIPSCODE": "0",
                "CREATEDBY": "E316899",
                "CREATEDDAT": "06/22/2023",
                "MODIFIEDBY": "E316899",
                "MODIFIEDDA": "06/22/2023",
                "GlobalID": "b0f0eaf9-b39e-4f70-ae21-2ef071a9e234"
            },
            "geometry": {
                "type": "Point",
                "coordinates": [
                    -80.49,
                    25.418
                ]
            }
        },
        {
            "type": "Feature",
            "properties": {
                "Join_Count": "1",
                "TARGET_FID": "81",
                "Project_Na": "Everglades C-111 Spreader Canal & Restoration Projects (USACE/SFWMD)",
                "Latitude": "25.35253454",
                "Longitude": "-80.5251862",
                "City": "Miami-Dade County",
                "Link_to_Da": "https://www.sfwmd.gov/",
                "Implementa": "South Florida Water Management District",
                "Infrastruc": "Blue",
                "Categories": "Flood Control Infrastructure",
                "Disaster_F": "Flooding",
                "New_15_25_": "Restoration and flow improvements in southern Everglades affecting Miami-Dade hydrology.",
                "Project_St": "2012",
                "Project_En": "Null",
                "Project__1": "Ongoing",
                "Estimated_": "100000000",
                "Additional": "None",
                "OLD___Brie": "Restoration and flow improvements in southern Everglades affecting Miami-Dade hydrology.",
                "MUNICUID": "1",
                "MUNICID": "30",
                "NAME": "UNINCORPORATED MIAMI-DADE",
                "FIPSCODE": "0",
                "CREATEDBY": "E316899",
                "CREATEDDAT": "06/22/2023",
                "MODIFIEDBY": "E316899",
                "MODIFIEDDA": "06/22/2023",
                "GlobalID": "b0f0eaf9-b39e-4f70-ae21-2ef071a9e234"
            },
            "geometry": {
                "type": "Point",
                "coordinates": [
                    -80.525186199999951,
                    25.352534540000079
                ]
            }
        },
        {
            "type": "Feature",
            "properties": {
                "Join_Count": "1",
                "TARGET_FID": "82",
                "Project_Na": "Whispering Pines Estates Sec. 1 Drainage Improvements",
                "Latitude": "25.58567261",
                "Longitude": "-80.34076344",
                "City": "Cutler Bay",
                "Link_to_Da": "Cutler Bay SWMP",
                "Implementa": "Town of Cutler Bay Public Works Division",
                "Infrastruc": "Gray",
                "Categories": "Flood Control Infrastructure",
                "Disaster_F": "Flooding",
                "New_15_25_": "Improve inadequate drainage by adding new pipes, exfiltration trenches, catch basins, and manholes to enhance runoff performance and stormwater management.",
                "Project_St": "2024",
                "Project_En": "2024",
                "Project__1": "Completed",
                "Estimated_": "4302000",
                "Additional": "None",
                "OLD___Brie": "Focuses on addressing the lack of adequate drainage infrastructure, where existing swales and catch basins fail to meet runoff performance goals. Planned enhancements include nearly 8,700 feet of drainage pipe installation, exfiltration trench systems, a",
                "MUNICUID": "77",
                "MUNICID": "36",
                "NAME": "CUTLER BAY",
                "FIPSCODE": "1215968",
                "CREATEDBY": "None",
                "CREATEDDAT": "12/31/1899",
                "MODIFIEDBY": "None",
                "MODIFIEDDA": "12/31/1899",
                "GlobalID": "706f6e89-d110-4e47-ad52-d8aecc500d1b"
            },
            "geometry": {
                "type": "Point",
                "coordinates": [
                    -80.340763439999989,
                    25.585672610000074
                ]
            }
        },
        {
            "type": "Feature",
            "properties": {
                "Join_Count": "1",
                "TARGET_FID": "83",
                "Project_Na": "Bal Harbour Village Harbourfront Park Shoreline Resilience",
                "Latitude": "25.89916236",
                "Longitude": "-80.12214531",
                "City": "Bal Harbour",
                "Link_to_Da": "https://experience.arcgis.com/experience/d4f2e042f59e4b2eaee108c0777a0937#data_s=id%3AdataSource_39-18afc2829a4-layer-11%3A17",
                "Implementa": "Village of Bal Harbour Public Works and Department",
                "Infrastruc": "Hybrid",
                "Categories": "Shoreline Protection",
                "Disaster_F": "Multi-hazard",
                "New_15_25_": "Enhancing coastal resilience by integrating a linear waterfront park with the historic jetty, providing public access and environmental benefits.",
                "Project_St": "2024",
                "Project_En": "Null",
                "Project__1": "Ongoing",
                "Estimated_": "16000000",
                "Additional": "None",
                "OLD___Brie": "Living Shoreline and Erosion Control; Coastal Flood Control",
                "MUNICUID": "19",
                "MUNICID": "12",
                "NAME": "BAL HARBOUR",
                "FIPSCODE": "1203275",
                "CREATEDBY": "None",
                "CREATEDDAT": "12/31/1899",
                "MODIFIEDBY": "None",
                "MODIFIEDDA": "12/31/1899",
                "GlobalID": "3e619e37-3c0d-4a67-adaa-ebaf892c1c1f"
            },
            "geometry": {
                "type": "Point",
                "coordinates": [
                    -80.122145309999951,
                    25.899162360000048
                ]
            }
        },
        {
            "type": "Feature",
            "properties": {
                "Join_Count": "1",
                "TARGET_FID": "84",
                "Project_Na": "City of Miami Beach Middle Beach Seawalls and Living Shorelines",
                "Latitude": "25.82077435",
                "Longitude": "-80.12289349",
                "City": "Miami Beach",
                "Link_to_Da": "https://experience.arcgis.com/experience/d4f2e042f59e4b2eaee108c0777a0937#data_s=id%3AdataSource_39-18afc2829a4-layer-11%3A17%2Cid%3AdataSource_40-18b430bf924-layer-10%3A157",
                "Implementa": "Resilience and Public Works Department",
                "Infrastruc": "Hybrid",
                "Categories": "Green Infrastructure",
                "Disaster_F": "Multi-hazard",
                "New_15_25_": "Enhances coastal resilience in Middle Beach by constructing protective seawalls, implementing living shorelines with native vegetation, and developing a baywalk for public access.",
                "Project_St": "2023",
                "Project_En": "2026",
                "Project__1": "Ongoing",
                "Estimated_": "3605910",
                "Additional": "None",
                "OLD___Brie": "Mititagte threats from flooding and sea level rise; Coastal flood control; stromwater Infrastructure; Living Shoreline and Erosion Control; Natural System Restoration",
                "MUNICUID": "29",
                "MUNICID": "02",
                "NAME": "MIAMI BEACH",
                "FIPSCODE": "1245025",
                "CREATEDBY": "None",
                "CREATEDDAT": "12/31/1899",
                "MODIFIEDBY": "None",
                "MODIFIEDDA": "12/31/1899",
                "GlobalID": "f01c40cb-77c5-4887-8405-bbaa820b81b4"
            },
            "geometry": {
                "type": "Point",
                "coordinates": [
                    -80.122893489999967,
                    25.820774350000079
                ]
            }
        },
        {
            "type": "Feature",
            "properties": {
                "Join_Count": "1",
                "TARGET_FID": "85",
                "Project_Na": "Townwide Manhole Rehabilitation",
                "Latitude": "25.87792117",
                "Longitude": "-80.1235805",
                "City": "Surfside",
                "Link_to_Da": "10-weekly-overview.pdf",
                "Implementa": "Town of Surfside",
                "Infrastruc": "Gray",
                "Categories": "Flood Control Infrastructure",
                "Disaster_F": "Flooding",
                "New_15_25_": "Project details undisclosed",
                "Project_St": "2022",
                "Project_En": "2023",
                "Project__1": "Completed",
                "Estimated_": "1475536.8",
                "Additional": "None",
                "OLD___Brie": "Following a Sanitary Sewer Evaluation Survey Smoke Testing Project, it identified that 64 manholes within the Town required rehabilitation. Manhole structures are susceptible to aging and deteriorating, threatening the integrity of the entire sanitary sy",
                "MUNICUID": "24",
                "MUNICID": "14",
                "NAME": "SURFSIDE",
                "FIPSCODE": "1270075",
                "CREATEDBY": "None",
                "CREATEDDAT": "12/31/1899",
                "MODIFIEDBY": "None",
                "MODIFIEDDA": "12/31/1899",
                "GlobalID": "941173d8-58fa-4c8c-b624-dc4ea6312d27"
            },
            "geometry": {
                "type": "Point",
                "coordinates": [
                    -80.123580499999946,
                    25.877921170000036
                ]
            }
        },
        {
            "type": "Feature",
            "properties": {
                "Join_Count": "1",
                "TARGET_FID": "86",
                "Project_Na": "City of Miami Beach North Beach Town Center",
                "Latitude": "25.85709819",
                "Longitude": "-80.1226133",
                "City": "Miami Beach",
                "Link_to_Da": "https://experience.arcgis.com/experience/d4f2e042f59e4b2eaee108c0777a0937#data_s=id%3AdataSource_39-18afc2829a4-layer-11%3A17%2Cid%3AdataSource_40-18b430bf924-layer-10%3A697",
                "Implementa": "City of Miami Beach Environment and Sustainability Department",
                "Infrastruc": "Gray",
                "Categories": "Public Facilities",
                "Disaster_F": "Multi-hazard",
                "New_15_25_": "Elevates roads, upgrades stormwater systems, and replaces water and sewer mains in North Beach to improve evacuation routes, reliability, reduce flooding, and protect water quality.",
                "Project_St": "2022",
                "Project_En": "2026",
                "Project__1": "Ongoing",
                "Estimated_": "10000000",
                "Additional": "None",
                "OLD___Brie": "not stated",
                "MUNICUID": "29",
                "MUNICID": "02",
                "NAME": "MIAMI BEACH",
                "FIPSCODE": "1245025",
                "CREATEDBY": "None",
                "CREATEDDAT": "12/31/1899",
                "MODIFIEDBY": "None",
                "MODIFIEDDA": "12/31/1899",
                "GlobalID": "f01c40cb-77c5-4887-8405-bbaa820b81b4"
            },
            "geometry": {
                "type": "Point",
                "coordinates": [
                    -80.122613299999955,
                    25.857098190000045
                ]
            }
        },
        {
            "type": "Feature",
            "properties": {
                "Join_Count": "1",
                "TARGET_FID": "87",
                "Project_Na": "Town of Surfside's Abbott Avenue Stormwater Improvements",
                "Latitude": "25.87981306",
                "Longitude": "-80.12385806",
                "City": "Surfside",
                "Link_to_Da": "https://experience.arcgis.com/experience/d4f2e042f59e4b2eaee108c0777a0937#data_s=id%3AdataSource_39-18afc2829a4-layer-11%3A17",
                "Implementa": "Town of Surfside Public Works Department",
                "Infrastruc": "Gray",
                "Categories": "Flood Control Infrastructure",
                "Disaster_F": "Flooding",
                "New_15_25_": "Evaluation and assessment of the existing stormwater drainage conditions, preparing a report, and offering options for improvements to resolve issues with ponding and setting water, including estimation of construction improvements.",
                "Project_St": "2022",
                "Project_En": "Null",
                "Project__1": "Ongoing",
                "Estimated_": "10600000",
                "Additional": "None",
                "OLD___Brie": "evaluation and assessment of the existing stormwater drainage conditions, preparing a report, and offering options for improvements to resolve issues with ponding and setting water, including estimation of construction improvements.",
                "MUNICUID": "24",
                "MUNICID": "14",
                "NAME": "SURFSIDE",
                "FIPSCODE": "1270075",
                "CREATEDBY": "None",
                "CREATEDDAT": "12/31/1899",
                "MODIFIEDBY": "None",
                "MODIFIEDDA": "12/31/1899",
                "GlobalID": "941173d8-58fa-4c8c-b624-dc4ea6312d27"
            },
            "geometry": {
                "type": "Point",
                "coordinates": [
                    -80.123858059999975,
                    25.87981306000006
                ]
            }
        },
        {
            "type": "Feature",
            "properties": {
                "Join_Count": "1",
                "TARGET_FID": "88",
                "Project_Na": "Dune Resliliency",
                "Latitude": "25.88114522",
                "Longitude": "-80.12072485",
                "City": "Surfside",
                "Link_to_Da": "https://www.townofsurfsidefl.gov/departments-services/capital-improvement-projects",
                "Implementa": "City of Miami Beach, Surfside",
                "Infrastruc": "Green",
                "Categories": "Shoreline Protection",
                "Disaster_F": "Storm Surge",
                "New_15_25_": "Restoring and elevating dunes along Surfside's beachfront to enhance coastal resilience, support native vegetation, and mitigate storm surge and flooding risks.",
                "Project_St": "2025",
                "Project_En": "2026",
                "Project__1": "Ongoing",
                "Estimated_": "120470000",
                "Additional": "None",
                "OLD___Brie": "Improvements of the dune infrastructure.",
                "MUNICUID": "24",
                "MUNICID": "14",
                "NAME": "SURFSIDE",
                "FIPSCODE": "1270075",
                "CREATEDBY": "None",
                "CREATEDDAT": "12/31/1899",
                "MODIFIEDBY": "None",
                "MODIFIEDDA": "12/31/1899",
                "GlobalID": "941173d8-58fa-4c8c-b624-dc4ea6312d27"
            },
            "geometry": {
                "type": "Point",
                "coordinates": [
                    -80.120724849999988,
                    25.881145220000064
                ]
            }
        },
        {
            "type": "Feature",
            "properties": {
                "Join_Count": "1",
                "TARGET_FID": "89",
                "Project_Na": "Bal Harbour Design Memorandum",
                "Latitude": "25.89427622",
                "Longitude": "-80.12175318",
                "City": "Bal Harbour",
                "Link_to_Da": "https://www.miamidade.gov/environment/library/reports/beach-renourishment-doc.pdf",
                "Implementa": "South Atlantic Division Office",
                "Infrastruc": "Blue",
                "Categories": "Shoreline Protection",
                "Disaster_F": "Multi-hazard",
                "New_15_25_": "The Design Memorandum is in construction for provding wave energy attenuation, since the last construction was done in the early 1970's.",
                "Project_St": "2008",
                "Project_En": "Null",
                "Project__1": "Ongoing",
                "Estimated_": "550000000",
                "Additional": "None",
                "OLD___Brie": "The Design Memorandum is in construction for provding wave energy attenuation, since the last construction was done in the early 1970's.",
                "MUNICUID": "19",
                "MUNICID": "12",
                "NAME": "BAL HARBOUR",
                "FIPSCODE": "1203275",
                "CREATEDBY": "None",
                "CREATEDDAT": "12/31/1899",
                "MODIFIEDBY": "None",
                "MODIFIEDDA": "12/31/1899",
                "GlobalID": "3e619e37-3c0d-4a67-adaa-ebaf892c1c1f"
            },
            "geometry": {
                "type": "Point",
                "coordinates": [
                    -80.121753179999985,
                    25.894276220000052
                ]
            }
        },
        {
            "type": "Feature",
            "properties": {
                "Join_Count": "1",
                "TARGET_FID": "90",
                "Project_Na": "Sand Backpassing from Accretional to Erosional Areas",
                "Latitude": "25.79174824",
                "Longitude": "-80.12724339",
                "City": "Miami Beach",
                "Link_to_Da": "https://www.miamidade.gov/environment/library/reports/beach-renourishment-doc.pdf",
                "Implementa": "Miami Dade County",
                "Infrastruc": "Blue",
                "Categories": "Shoreline Protection",
                "Disaster_F": "Storm Surge",
                "New_15_25_": "State Beach Erosion Capital Plan to provide implementation of sand backpassing from accretional to erosional areas to the north.",
                "Project_St": "2007",
                "Project_En": "Null",
                "Project__1": "Ongoing",
                "Estimated_": "11300000",
                "Additional": "None",
                "OLD___Brie": "None",
                "MUNICUID": "29",
                "MUNICID": "02",
                "NAME": "MIAMI BEACH",
                "FIPSCODE": "1245025",
                "CREATEDBY": "None",
                "CREATEDDAT": "12/31/1899",
                "MODIFIEDBY": "None",
                "MODIFIEDDA": "12/31/1899",
                "GlobalID": "f01c40cb-77c5-4887-8405-bbaa820b81b4"
            },
            "geometry": {
                "type": "Point",
                "coordinates": [
                    -80.12724339,
                    25.791748240000061
                ]
            }
        },
        {
            "type": "Feature",
            "properties": {
                "Join_Count": "1",
                "TARGET_FID": "91",
                "Project_Na": "Periodic Nourishment and Maintenance",
                "Latitude": "25.80478184",
                "Longitude": "-80.12317417",
                "City": "Miami-Dade County",
                "Link_to_Da": "https://www.miamidade.gov/environment/library/reports/beach-renourishment-doc.pdf",
                "Implementa": "Miami Dade County",
                "Infrastruc": "Blue",
                "Categories": "Shoreline Protection",
                "Disaster_F": "Storm Surge",
                "New_15_25_": "Conduct periodic nourishment of the projects through the placement of additional sand to offset the losses to storms and other factors.",
                "Project_St": "2006",
                "Project_En": "Null",
                "Project__1": "Ongoing",
                "Estimated_": "0",
                "Additional": "None",
                "OLD___Brie": "Conduct periodic nourishment of the projects through the placement of additional sand to offset the losses to storms and other factors.",
                "MUNICUID": "29",
                "MUNICID": "02",
                "NAME": "MIAMI BEACH",
                "FIPSCODE": "1245025",
                "CREATEDBY": "None",
                "CREATEDDAT": "12/31/1899",
                "MODIFIEDBY": "None",
                "MODIFIEDDA": "12/31/1899",
                "GlobalID": "f01c40cb-77c5-4887-8405-bbaa820b81b4"
            },
            "geometry": {
                "type": "Point",
                "coordinates": [
                    -80.12317416999997,
                    25.804781840000032
                ]
            }
        },
        {
            "type": "Feature",
            "properties": {
                "Join_Count": "1",
                "TARGET_FID": "92",
                "Project_Na": "Bal Harbour Village Stormwater Improvements",
                "Latitude": "25.88877152",
                "Longitude": "-80.12616977",
                "City": "Bal Harbour",
                "Link_to_Da": "https://experience.arcgis.com/experience/d4f2e042f59e4b2eaee108c0777a0937#data_s=id%3AdataSource_39-18afc2829a4-layer-11%3A17%2Cid%3AdataSource_40-18b430bf924-layer-10%3A177",
                "Implementa": "Village of Bal Harbour Public Works and Department",
                "Infrastruc": "Gray",
                "Categories": "Flood Control Infrastructure",
                "Disaster_F": "Multi-hazard",
                "New_15_25_": "Enhancing stormwater infrastructure to reduce flooding, protect water quality, and accommodate sea level rise in Bal Harbour Village.",
                "Project_St": "2023",
                "Project_En": "Null",
                "Project__1": "Ongoing",
                "Estimated_": "1548000",
                "Additional": "None",
                "OLD___Brie": "Mitigate threats from flooding and sea level rise; Adapt critical assets to effects of flooding and sea level rise; Stormwater Infrastructure",
                "MUNICUID": "19",
                "MUNICID": "12",
                "NAME": "BAL HARBOUR",
                "FIPSCODE": "1203275",
                "CREATEDBY": "None",
                "CREATEDDAT": "12/31/1899",
                "MODIFIEDBY": "None",
                "MODIFIEDDA": "12/31/1899",
                "GlobalID": "3e619e37-3c0d-4a67-adaa-ebaf892c1c1f"
            },
            "geometry": {
                "type": "Point",
                "coordinates": [
                    -80.12616977,
                    25.888771520000034
                ]
            }
        },
        {
            "type": "Feature",
            "properties": {
                "Join_Count": "1",
                "TARGET_FID": "93",
                "Project_Na": "North Shore D Neighborhood Improvement",
                "Latitude": "25.85605285",
                "Longitude": "-80.12325298",
                "City": "Miami Beach",
                "Link_to_Da": "https://www.miamibeachfl.gov/residents/neighborhood-affairs-division/active-projects/neighborhood-improvements/north-shore-d-phase-one/",
                "Implementa": "City of Miami Beach",
                "Infrastruc": "Gray",
                "Categories": "Flood Control Infrastructure",
                "Disaster_F": "Flooding",
                "New_15_25_": "Improve stormwater, water & sewer systems to boost capacity, resilience, and neighborhood infrastructure in North Shore D.",
                "Project_St": "2024",
                "Project_En": "Null",
                "Project__1": "Ongoing",
                "Estimated_": "140000000",
                "Additional": "None",
                "OLD___Brie": "An infrastructure initiative aimed at enhancing stormwater, water, and sewer systems in a priority flood mitigation area. The project focuses on increasing system capacity, rehabilitating aging infrastructure, and improving water quality for residents.",
                "MUNICUID": "29",
                "MUNICID": "02",
                "NAME": "MIAMI BEACH",
                "FIPSCODE": "1245025",
                "CREATEDBY": "None",
                "CREATEDDAT": "12/31/1899",
                "MODIFIEDBY": "None",
                "MODIFIEDDA": "12/31/1899",
                "GlobalID": "f01c40cb-77c5-4887-8405-bbaa820b81b4"
            },
            "geometry": {
                "type": "Point",
                "coordinates": [
                    -80.123252979999961,
                    25.856052850000026
                ]
            }
        },
        {
            "type": "Feature",
            "properties": {
                "Join_Count": "1",
                "TARGET_FID": "94",
                "Project_Na": "Stormwater outfall upgrades and pump improvements",
                "Latitude": "25.89053487",
                "Longitude": "-80.13339245",
                "City": "Bal Harbour",
                "Link_to_Da": "https://balharbourfl.gov/capital-projects/utility-improvements/",
                "Implementa": "Village of Bal Harbour",
                "Infrastruc": "Gray",
                "Categories": "Flood Control Infrastructure",
                "Disaster_F": "Flooding",
                "New_15_25_": "Stormwater pump station upgrades (Phase 2) to modernize pumps, motors, and electrical systems for improved stormwater management.",
                "Project_St": "2025",
                "Project_En": "Null",
                "Project__1": "Ongoing",
                "Estimated_": "6000000",
                "Additional": "None",
                "OLD___Brie": "Stormwater pump station upgrades (Phase 2) to modernize pumps, motors, and electrical systems for improved stormwater management.",
                "MUNICUID": "23",
                "MUNICID": "13",
                "NAME": "BAY HARBOR ISLANDS",
                "FIPSCODE": "1203975",
                "CREATEDBY": "None",
                "CREATEDDAT": "12/31/1899",
                "MODIFIEDBY": "None",
                "MODIFIEDDA": "12/31/1899",
                "GlobalID": "26c72812-fa6c-4f8e-8307-7825d6345e81"
            },
            "geometry": {
                "type": "Point",
                "coordinates": [
                    -80.133392449999974,
                    25.890534870000067
                ]
            }
        },
        {
            "type": "Feature",
            "properties": {
                "Join_Count": "1",
                "TARGET_FID": "95",
                "Project_Na": "Village of Bal Harbour Stormwater Pump Station Upgrades",
                "Latitude": "25.89498994",
                "Longitude": "-80.12760852",
                "City": "Bal Harbour",
                "Link_to_Da": "https://experience.arcgis.com/experience/d4f2e042f59e4b2eaee108c0777a0937#data_s=id%3AdataSource_39-18afc2829a4-layer-11%3A17",
                "Implementa": "Village of Bal Harbour Public Works and Department",
                "Infrastruc": "Hybrid",
                "Categories": "Flood Control Infrastructure",
                "Disaster_F": "Multi-hazard",
                "New_15_25_": "Design and construction for upgrades including specific mechanical, structural, electrical, and design improvements to the system in response to an elvaluation of vulnerablities to the system",
                "Project_St": "2022",
                "Project_En": "Null",
                "Project__1": "Ongoing",
                "Estimated_": "2000100",
                "Additional": "None",
                "OLD___Brie": "Design and construction for upgrades to differ portions of the Bal Harbor stormwater system. These include specific mechanical, structural, electrical, and design improvements to the system in response to an elvaluation of vulnerablities to the system",
                "MUNICUID": "19",
                "MUNICID": "12",
                "NAME": "BAL HARBOUR",
                "FIPSCODE": "1203275",
                "CREATEDBY": "None",
                "CREATEDDAT": "12/31/1899",
                "MODIFIEDBY": "None",
                "MODIFIEDDA": "12/31/1899",
                "GlobalID": "3e619e37-3c0d-4a67-adaa-ebaf892c1c1f"
            },
            "geometry": {
                "type": "Point",
                "coordinates": [
                    -80.127608519999967,
                    25.894989940000073
                ]
            }
        },
        {
            "type": "Feature",
            "properties": {
                "Join_Count": "1",
                "TARGET_FID": "96",
                "Project_Na": "Pump Station #28 Force Main Rehabilitation",
                "Latitude": "25.80440433",
                "Longitude": "-80.12867254",
                "City": "Miami Beach",
                "Link_to_Da": "Pump Station #28 Force Main Rehabilitation - City of Miami Beach",
                "Implementa": "City of Miami Beach",
                "Infrastruc": "Hybrid",
                "Categories": "Flood Control Infrastructure",
                "Disaster_F": "Critical Infrastructure",
                "New_15_25_": "Includes installing 1,070 feet of 30-inch force main along Pine Tree Drive, adding two bypass pumping systems, rehabilitating the influent and pumping unit structures, replacing the odor control system, demolishing and replacing pumps, piping, and electr",
                "Project_St": "2025",
                "Project_En": "2027",
                "Project__1": "Ongoing",
                "Estimated_": "43900000",
                "Additional": "None",
                "OLD___Brie": "The City of Miami Beach is upgrading Pump Station #28 at 300 W 28 Street to improve wastewater infrastructure in Mid-Beach. The project includes installing 1,070 feet of 30-inch force main along Pine Tree Drive, adding two bypass pumping systems, rehabil",
                "MUNICUID": "29",
                "MUNICID": "02",
                "NAME": "MIAMI BEACH",
                "FIPSCODE": "1245025",
                "CREATEDBY": "None",
                "CREATEDDAT": "12/31/1899",
                "MODIFIEDBY": "None",
                "MODIFIEDDA": "12/31/1899",
                "GlobalID": "f01c40cb-77c5-4887-8405-bbaa820b81b4"
            },
            "geometry": {
                "type": "Point",
                "coordinates": [
                    -80.128672539999968,
                    25.804404330000068
                ]
            }
        },
        {
            "type": "Feature",
            "properties": {
                "Join_Count": "1",
                "TARGET_FID": "97",
                "Project_Na": "City of Miami Beach Dune Enhancements",
                "Latitude": "25.78036674",
                "Longitude": "-80.12919418",
                "City": "Miami Beach",
                "Link_to_Da": "https://experience.arcgis.com/experience/d4f2e042f59e4b2eaee108c0777a0937#data_s=id%3AdataSource_39-18afc2829a4-layer-11%3A17",
                "Implementa": "City of Miami Beach Environment and Sustainability Department",
                "Infrastruc": "Green",
                "Categories": "Shoreline Protection",
                "Disaster_F": "Storm Surge",
                "New_15_25_": "Dune enhancements including removing non-native vegitation, planting native species, and sand donations in areas of sub-optimal elevations to ensure function in storm surge protection.",
                "Project_St": "2022",
                "Project_En": "Null",
                "Project__1": "Ongoing",
                "Estimated_": "1300000",
                "Additional": "None",
                "OLD___Brie": "Dune enhancements including removing non-native vegitation, planting native species, and sand donations in areas of sub-optimal elevations to ensure function in storm surge protection",
                "MUNICUID": "29",
                "MUNICID": "02",
                "NAME": "MIAMI BEACH",
                "FIPSCODE": "1245025",
                "CREATEDBY": "None",
                "CREATEDDAT": "12/31/1899",
                "MODIFIEDBY": "None",
                "MODIFIEDDA": "12/31/1899",
                "GlobalID": "f01c40cb-77c5-4887-8405-bbaa820b81b4"
            },
            "geometry": {
                "type": "Point",
                "coordinates": [
                    -80.129194179999956,
                    25.780366740000034
                ]
            }
        },
        {
            "type": "Feature",
            "properties": {
                "Join_Count": "1",
                "TARGET_FID": "98",
                "Project_Na": "Bayshore Park",
                "Latitude": "25.80352738",
                "Longitude": "-80.13319881",
                "City": "Miami Beach",
                "Link_to_Da": "Bayshore Park - City of Miami Beach",
                "Implementa": "City of Miami beach",
                "Infrastruc": "Green",
                "Categories": "Green Infrastructure",
                "Disaster_F": "Multi-hazard",
                "New_15_25_": "A 19.4 acre park, one of the largest public parks in the city with a retention lake and butterfly garden among other features.",
                "Project_St": "2018",
                "Project_En": "Null",
                "Project__1": "Completed",
                "Estimated_": "0",
                "Additional": "None",
                "OLD___Brie": "The 19.4 acre park is one of the largest public parks in the city with a retention lake and butterfly garden among other features.",
                "MUNICUID": "29",
                "MUNICID": "02",
                "NAME": "MIAMI BEACH",
                "FIPSCODE": "1245025",
                "CREATEDBY": "None",
                "CREATEDDAT": "12/31/1899",
                "MODIFIEDBY": "None",
                "MODIFIEDDA": "12/31/1899",
                "GlobalID": "f01c40cb-77c5-4887-8405-bbaa820b81b4"
            },
            "geometry": {
                "type": "Point",
                "coordinates": [
                    -80.133198809999953,
                    25.803527380000048
                ]
            }
        },
        {
            "type": "Feature",
            "properties": {
                "Join_Count": "1",
                "TARGET_FID": "99",
                "Project_Na": "Bay Harbor Islands Sewer Ejector Pump Station Phase II",
                "Latitude": "25.88876597",
                "Longitude": "-80.1320413",
                "City": "Bal Harbour",
                "Link_to_Da": "https://www.flsenate.gov/PublishedContent/Session/FiscalYear/FY2025-26/LocalFundingInitiativeRequests/FY2025-26_S1317.pdf",
                "Implementa": "Town of Bal Harbour",
                "Infrastruc": "Hybrid",
                "Categories": "Shoreline Protection",
                "Disaster_F": "Flooding",
                "New_15_25_": "Sewer ejector pump station Phase II Âa duplex pump station replacement to reduce sewage overflows.",
                "Project_St": "2025",
                "Project_En": "2027",
                "Project__1": "Ongoing",
                "Estimated_": "1000000",
                "Additional": "None",
                "OLD___Brie": "Sewer ejector pump station Phase II ÂÃÃ® duplex pump station replacement to reduce sewage overflows.",
                "MUNICUID": "23",
                "MUNICID": "13",
                "NAME": "BAY HARBOR ISLANDS",
                "FIPSCODE": "1203975",
                "CREATEDBY": "None",
                "CREATEDDAT": "12/31/1899",
                "MODIFIEDBY": "None",
                "MODIFIEDDA": "12/31/1899",
                "GlobalID": "26c72812-fa6c-4f8e-8307-7825d6345e81"
            },
            "geometry": {
                "type": "Point",
                "coordinates": [
                    -80.132041299999969,
                    25.888765970000065
                ]
            }
        },
        {
            "type": "Feature",
            "properties": {
                "Join_Count": "1",
                "TARGET_FID": "100",
                "Project_Na": "Miami Beach Truck Haul Nourishment Project",
                "Latitude": "25.81576138",
                "Longitude": "-80.12115261",
                "City": "Miami Beach",
                "Link_to_Da": "https://www.miamidade.gov/environment/library/reports/beach-renourishment-doc.pdf",
                "Implementa": "City of Miami Beach",
                "Infrastruc": "Blue",
                "Categories": "Shoreline Protection",
                "Disaster_F": "Storm Surge",
                "New_15_25_": "A small nourishment of three erosion hotspots located in Miami Beach where a beach sand truck will be installed to help to improve the sand erosion.",
                "Project_St": "2006",
                "Project_En": "2006",
                "Project__1": "Completed",
                "Estimated_": "3200000",
                "Additional": "None",
                "OLD___Brie": "This project is a small nourishment of three erosion hotspots located in Miami Beach. They will install a beach sand truck to help to improve the sand erosion.",
                "MUNICUID": "29",
                "MUNICID": "02",
                "NAME": "MIAMI BEACH",
                "FIPSCODE": "1245025",
                "CREATEDBY": "None",
                "CREATEDDAT": "12/31/1899",
                "MODIFIEDBY": "None",
                "MODIFIEDDA": "12/31/1899",
                "GlobalID": "f01c40cb-77c5-4887-8405-bbaa820b81b4"
            },
            "geometry": {
                "type": "Point",
                "coordinates": [
                    -80.121152609999967,
                    25.815761380000026
                ]
            }
        },
        {
            "type": "Feature",
            "properties": {
                "Join_Count": "1",
                "TARGET_FID": "101",
                "Project_Na": "41 street Revitilization",
                "Latitude": "25.81329283",
                "Longitude": "-80.12422069",
                "City": "Miami Beach",
                "Link_to_Da": "41 Street Revitalization - City of Miami Beach",
                "Implementa": "City of Miami Beach",
                "Infrastruc": "Green",
                "Categories": "Public Facilities",
                "Disaster_F": "Multi-hazard",
                "New_15_25_": "A new streetscape design aimed at improving pedestrian walkability through new branded pavement, expanding shade tree canopy, and other landscaping. Aims to increase a sense of place with the creation of spaces with appropriate street furnishing, entranc",
                "Project_St": "2026",
                "Project_En": "2028",
                "Project__1": "Ongoing",
                "Estimated_": "15000000",
                "Additional": "None",
                "OLD___Brie": "The 41 Street Corridor Revitalization Project includes a new streetscape design aimed at improving pedestrian walkability through new branded pavement, expanding shade tree canopy, and other landscaping. The project further aims to increase a sense of pl",
                "MUNICUID": "29",
                "MUNICID": "02",
                "NAME": "MIAMI BEACH",
                "FIPSCODE": "1245025",
                "CREATEDBY": "None",
                "CREATEDDAT": "12/31/1899",
                "MODIFIEDBY": "None",
                "MODIFIEDDA": "12/31/1899",
                "GlobalID": "f01c40cb-77c5-4887-8405-bbaa820b81b4"
            },
            "geometry": {
                "type": "Point",
                "coordinates": [
                    -80.124220689999959,
                    25.813292830000023
                ]
            }
        },
        {
            "type": "Feature",
            "properties": {
                "Join_Count": "1",
                "TARGET_FID": "102",
                "Project_Na": "City of Miami Beach Citywide Gravity Sewer Mains Replacement",
                "Latitude": "25.82835528",
                "Longitude": "-80.13050937",
                "City": "Miami Beach",
                "Link_to_Da": "https://experience.arcgis.com/experience/d4f2e042f59e4b2eaee108c0777a0937#data_s=id%3AdataSource_39-18afc2829a4-layer-11%3A17%2Cid%3AdataSource_40-18b430bf924-layer-10%3A700",
                "Implementa": "City of Miami Beach Environment and Sustainability Department",
                "Infrastruc": "Gray",
                "Categories": "Connectivity",
                "Disaster_F": "Critical Infrastructure",
                "New_15_25_": "Design, permitting, and construction to replace aging sewer mains in areas where rehab isn't possible to reduce vulnerability to inudation.",
                "Project_St": "2023",
                "Project_En": "2029",
                "Project__1": "Ongoing",
                "Estimated_": "12525000",
                "Additional": "None",
                "OLD___Brie": "Design, permitting, and construction to replace aging sewer mains in areas where rehab isn't possible to reduce vulnerability to inudation",
                "MUNICUID": "29",
                "MUNICID": "02",
                "NAME": "MIAMI BEACH",
                "FIPSCODE": "1245025",
                "CREATEDBY": "None",
                "CREATEDDAT": "12/31/1899",
                "MODIFIEDBY": "None",
                "MODIFIEDDA": "12/31/1899",
                "GlobalID": "f01c40cb-77c5-4887-8405-bbaa820b81b4"
            },
            "geometry": {
                "type": "Point",
                "coordinates": [
                    -80.13050936999997,
                    25.828355280000039
                ]
            }
        },
        {
            "type": "Feature",
            "properties": {
                "Join_Count": "1",
                "TARGET_FID": "103",
                "Project_Na": "Brittany Bay Park Living Shoreline Project",
                "Latitude": "25.84729691",
                "Longitude": "-80.1217575",
                "City": "Miami Beach",
                "Link_to_Da": "https://www.nature.org/en-us/about-us/where-we-work/united-states/florida/stories-in-florida/florida-coastal-resilience/#:~:text=In%20May%202023%2C%20TNC%20and,habitat%20along%20the%20coastal%20ecosystem.",
                "Implementa": "City of Miami Beach",
                "Infrastruc": "Hybrid",
                "Categories": "Green Infrastructure",
                "Disaster_F": "Storm Surge",
                "New_15_25_": "Improve coastal Miami with green solutions to reduce flooding and wave impacts while also creating a natural habitat along the coastal ecosystems. Inputting native plants and limestone to improve sustainable and safe environment for both people and natur",
                "Project_St": "2019",
                "Project_En": "2025",
                "Project__1": "Ongoing",
                "Estimated_": "2800000",
                "Additional": "None",
                "OLD___Brie": "This project would improve coastal Miami with green solutions that will help to reduce flooding and wave impacts while also creating a natural habitat along the coastal ecosystems. The urban planners have inputted native plants and limestone to improve s",
                "MUNICUID": "29",
                "MUNICID": "02",
                "NAME": "MIAMI BEACH",
                "FIPSCODE": "1245025",
                "CREATEDBY": "None",
                "CREATEDDAT": "12/31/1899",
                "MODIFIEDBY": "None",
                "MODIFIEDDA": "12/31/1899",
                "GlobalID": "f01c40cb-77c5-4887-8405-bbaa820b81b4"
            },
            "geometry": {
                "type": "Point",
                "coordinates": [
                    -80.121757499999944,
                    25.847296910000068
                ]
            }
        },
        {
            "type": "Feature",
            "properties": {
                "Join_Count": "1",
                "TARGET_FID": "104",
                "Project_Na": "New World Symphony",
                "Latitude": "25.79107893",
                "Longitude": "-80.13206657",
                "City": "Miami Beach",
                "Link_to_Da": "https://www.gombinfo.com/artsandculture/dashboard/explore-the-dashboard/",
                "Implementa": "City of Miami Beach",
                "Infrastruc": "Gray",
                "Categories": "Public Facilities",
                "Disaster_F": "Multi-hazard",
                "New_15_25_": "New roof garden, flood barriers, and fire alarm system replacement.",
                "Project_St": "2025",
                "Project_En": "2026",
                "Project__1": "Ongoing",
                "Estimated_": "2500000",
                "Additional": "None",
                "OLD___Brie": "New roof garden, flood barriers, and fire alarm system replacement.",
                "MUNICUID": "29",
                "MUNICID": "02",
                "NAME": "MIAMI BEACH",
                "FIPSCODE": "1245025",
                "CREATEDBY": "None",
                "CREATEDDAT": "12/31/1899",
                "MODIFIEDBY": "None",
                "MODIFIEDDA": "12/31/1899",
                "GlobalID": "f01c40cb-77c5-4887-8405-bbaa820b81b4"
            },
            "geometry": {
                "type": "Point",
                "coordinates": [
                    -80.132066569999949,
                    25.791078930000026
                ]
            }
        },
        {
            "type": "Feature",
            "properties": {
                "Join_Count": "1",
                "TARGET_FID": "105",
                "Project_Na": "Aquatic Sculpture Park",
                "Latitude": "25.77309521",
                "Longitude": "-80.12711427",
                "City": "Miami Beach",
                "Link_to_Da": "https://www.gombinfo.com/artsandculture/dashboard/explore-the-dashboard/",
                "Implementa": "City of Miami Beach",
                "Infrastruc": "Blue",
                "Categories": "Green Infrastructure",
                "Disaster_F": "Multi-hazard",
                "New_15_25_": "Construction of a multi-phase artifical reef project to highlight marine habitats and biodiversity of Miami Beach.",
                "Project_St": "2025",
                "Project_En": "2026",
                "Project__1": "Ongoing",
                "Estimated_": "5000000",
                "Additional": "None",
                "OLD___Brie": "Built a multi-phase artifical reef project to highlight marine habitats and biodiversity of Miami Beach.",
                "MUNICUID": "1",
                "MUNICID": "30",
                "NAME": "UNINCORPORATED MIAMI-DADE",
                "FIPSCODE": "0",
                "CREATEDBY": "E316899",
                "CREATEDDAT": "06/22/2023",
                "MODIFIEDBY": "E316899",
                "MODIFIEDDA": "06/22/2023",
                "GlobalID": "b0f0eaf9-b39e-4f70-ae21-2ef071a9e234"
            },
            "geometry": {
                "type": "Point",
                "coordinates": [
                    -80.127114269999936,
                    25.773095210000065
                ]
            }
        },
        {
            "type": "Feature",
            "properties": {
                "Join_Count": "1",
                "TARGET_FID": "106",
                "Project_Na": "Town of Bay Harbor Islands Stormwater Improvements",
                "Latitude": "25.88563821",
                "Longitude": "-80.13312562",
                "City": "Bal Harbour",
                "Link_to_Da": "https://experience.arcgis.com/experience/d4f2e042f59e4b2eaee108c0777a0937#data_s=id%3AdataSource_39-18afc2829a4-layer-11%3A17",
                "Implementa": "Town of Bal Harbour Public Works and Department",
                "Infrastruc": "Hybrid",
                "Categories": "Flood Control Infrastructure",
                "Disaster_F": "Flooding",
                "New_15_25_": "The project will increase the capacit of the existing stromwater system by upsizing the stormwater pipes segments and outfalls; and installing check-valves throughout the community to reduce impacts from these conditions.",
                "Project_St": "2022",
                "Project_En": "Null",
                "Project__1": "Ongoing",
                "Estimated_": "310000",
                "Additional": "None",
                "OLD___Brie": "The project will increase the capacit of the existing stromwater system by upsizing the stormwater pipes segments and outfalls; and installing check-valves throughout the community to reduce impacts from these conditions",
                "MUNICUID": "23",
                "MUNICID": "13",
                "NAME": "BAY HARBOR ISLANDS",
                "FIPSCODE": "1203975",
                "CREATEDBY": "None",
                "CREATEDDAT": "12/31/1899",
                "MODIFIEDBY": "None",
                "MODIFIEDDA": "12/31/1899",
                "GlobalID": "26c72812-fa6c-4f8e-8307-7825d6345e81"
            },
            "geometry": {
                "type": "Point",
                "coordinates": [
                    -80.133125619999987,
                    25.885638210000025
                ]
            }
        },
        {
            "type": "Feature",
            "properties": {
                "Join_Count": "1",
                "TARGET_FID": "107",
                "Project_Na": "Miami Beach Convention Center",
                "Latitude": "25.79494329",
                "Longitude": "-80.13321625",
                "City": "Miami Beach",
                "Link_to_Da": "https://constructionreviewonline.com/news/usa/renovation-and-expansion-of-miami-beach-convention-center-completed/",
                "Implementa": "The City of Miami Beach",
                "Infrastruc": "Hybrid",
                "Categories": "Green Infrastructure",
                "Disaster_F": "Critical Infrastructure",
                "New_15_25_": "Transform former asphalt into a vibrant public park with green space, mangrove shoreline, and sustainable design that enhances ecology, flood resilience, and energy efficiency.",
                "Project_St": "2015",
                "Project_En": "2020",
                "Project__1": "Completed",
                "Estimated_": "620000000",
                "Additional": "None",
                "OLD___Brie": "Miami Beach  Convention Center transformed  6.3 acres of asphalt to a public  park with green space and art,  expanding the tree canopy with  1300 new Florida-friendly trees.  A living shoreline was created  with mangrove habitat and a  new seawall that",
                "MUNICUID": "29",
                "MUNICID": "02",
                "NAME": "MIAMI BEACH",
                "FIPSCODE": "1245025",
                "CREATEDBY": "None",
                "CREATEDDAT": "12/31/1899",
                "MODIFIEDBY": "None",
                "MODIFIEDDA": "12/31/1899",
                "GlobalID": "f01c40cb-77c5-4887-8405-bbaa820b81b4"
            },
            "geometry": {
                "type": "Point",
                "coordinates": [
                    -80.133216249999975,
                    25.794943290000049
                ]
            }
        },
        {
            "type": "Feature",
            "properties": {
                "Join_Count": "1",
                "TARGET_FID": "108",
                "Project_Na": "Town of Bay Harbor Islands Seawall Replacement",
                "Latitude": "25.88683664",
                "Longitude": "-80.13384875",
                "City": "Bal Harbour",
                "Link_to_Da": "https://experience.arcgis.com/experience/d4f2e042f59e4b2eaee108c0777a0937#data_s=id%3AdataSource_39-18afc2829a4-layer-11%3A17%2Cid%3AdataSource_40-18b430bf924-layer-10%3A720",
                "Implementa": "Town of Bal Harbour Public Works and Department",
                "Infrastruc": "Hybrid",
                "Categories": "Shoreline Protection",
                "Disaster_F": "Flooding",
                "New_15_25_": "Design, permitting and replacement of approximately 75 linear feet of the existing seawall at the 9600 West Bay Harbor Drive Town Property.",
                "Project_St": "2022",
                "Project_En": "Null",
                "Project__1": "Ongoing",
                "Estimated_": "255000",
                "Additional": "None",
                "OLD___Brie": "Design, permitting and replacement of approximately 75 linear feet of the existing seawall at the 9600 West Bay Harbor Drive Town Property",
                "MUNICUID": "23",
                "MUNICID": "13",
                "NAME": "BAY HARBOR ISLANDS",
                "FIPSCODE": "1203975",
                "CREATEDBY": "None",
                "CREATEDDAT": "12/31/1899",
                "MODIFIEDBY": "None",
                "MODIFIEDDA": "12/31/1899",
                "GlobalID": "26c72812-fa6c-4f8e-8307-7825d6345e81"
            },
            "geometry": {
                "type": "Point",
                "coordinates": [
                    -80.13384874999997,
                    25.88683664000007
                ]
            }
        },
        {
            "type": "Feature",
            "properties": {
                "Join_Count": "1",
                "TARGET_FID": "109",
                "Project_Na": "Miami City Ballet",
                "Latitude": "25.79827221",
                "Longitude": "-80.12935373",
                "City": "Miami Beach",
                "Link_to_Da": "https://www.gombinfo.com/artsandculture/dashboard/explore-the-dashboard/",
                "Implementa": "City of Miami Beach",
                "Infrastruc": "Gray",
                "Categories": "Public Facilities",
                "Disaster_F": "Multi-hazard",
                "New_15_25_": "Facility-wide infrastructure upgrades and ensure long-term sustainability. Educate and record live stream programs.",
                "Project_St": "2025",
                "Project_En": "2026",
                "Project__1": "Ongoing",
                "Estimated_": "49800",
                "Additional": "None",
                "OLD___Brie": "Facility-wide infrastructure upgrades and ensure long-term sustainability. Educate and record live stream programs.",
                "MUNICUID": "29",
                "MUNICID": "02",
                "NAME": "MIAMI BEACH",
                "FIPSCODE": "1245025",
                "CREATEDBY": "None",
                "CREATEDDAT": "12/31/1899",
                "MODIFIEDBY": "None",
                "MODIFIEDDA": "12/31/1899",
                "GlobalID": "f01c40cb-77c5-4887-8405-bbaa820b81b4"
            },
            "geometry": {
                "type": "Point",
                "coordinates": [
                    -80.129353729999934,
                    25.79827221000005
                ]
            }
        },
        {
            "type": "Feature",
            "properties": {
                "Join_Count": "1",
                "TARGET_FID": "110",
                "Project_Na": "Miami Beach Slow Streets 2.0",
                "Latitude": "25.78406085",
                "Longitude": "-80.13917496",
                "City": "Miami Beach",
                "Link_to_Da": "Slow Streets - City of Miami Beach",
                "Implementa": "City of Miami Beach",
                "Infrastruc": "Gray",
                "Categories": "Public Facilities",
                "Disaster_F": "Multi-hazard",
                "New_15_25_": "The City of Miami Beach will implement the Flamingo Park Neighborhood Slow Streets 2.0 Plan in coordination with Miami-Dade County and the community. This work will build on the plans that were started in 2020 as part of the first version of Slow Streets",
                "Project_St": "2020",
                "Project_En": "Null",
                "Project__1": "Ongoing",
                "Estimated_": "0",
                "Additional": "None",
                "OLD___Brie": "The City of Miami Beach will implement the Flamingo Park Neighborhood Slow Streets 2.0 Plan in coordination with Miami-Dade County and the community. This work will build on the plans that were started in 2020 as part of the first version of Slow Streets",
                "MUNICUID": "29",
                "MUNICID": "02",
                "NAME": "MIAMI BEACH",
                "FIPSCODE": "1245025",
                "CREATEDBY": "None",
                "CREATEDDAT": "12/31/1899",
                "MODIFIEDBY": "None",
                "MODIFIEDDA": "12/31/1899",
                "GlobalID": "f01c40cb-77c5-4887-8405-bbaa820b81b4"
            },
            "geometry": {
                "type": "Point",
                "coordinates": [
                    -80.139174959999934,
                    25.78406085000006
                ]
            }
        },
        {
            "type": "Feature",
            "properties": {
                "Join_Count": "1",
                "TARGET_FID": "111",
                "Project_Na": "Miami Beach Botanical Garden",
                "Latitude": "25.79568812",
                "Longitude": "-80.13549459",
                "City": "Miami Beach",
                "Link_to_Da": "https://www.gombinfo.com/artsandculture/dashboard/explore-the-dashboard/",
                "Implementa": "City of Miami Beach",
                "Infrastruc": "Green",
                "Categories": "Public Facilities",
                "Disaster_F": "Multi-hazard",
                "New_15_25_": "Promote environmental enjoyment by making sustainable and resilient upgrades within the garden.",
                "Project_St": "2011",
                "Project_En": "2029",
                "Project__1": "Ongoing",
                "Estimated_": "1697",
                "Additional": "None",
                "OLD___Brie": "Promote environmental enjoyment by making sustainable and resilient upgrades within the garden.",
                "MUNICUID": "29",
                "MUNICID": "02",
                "NAME": "MIAMI BEACH",
                "FIPSCODE": "1245025",
                "CREATEDBY": "None",
                "CREATEDDAT": "12/31/1899",
                "MODIFIEDBY": "None",
                "MODIFIEDDA": "12/31/1899",
                "GlobalID": "f01c40cb-77c5-4887-8405-bbaa820b81b4"
            },
            "geometry": {
                "type": "Point",
                "coordinates": [
                    -80.135494589999951,
                    25.795688120000023
                ]
            }
        },
        {
            "type": "Feature",
            "properties": {
                "Join_Count": "1",
                "TARGET_FID": "112",
                "Project_Na": "City of Miami Beach First Street Flood Mitigation and Sea Level Rise Adaptation",
                "Latitude": "25.76989635",
                "Longitude": "-80.13694985",
                "City": "Miami Beach",
                "Link_to_Da": "https://experience.arcgis.com/experience/d4f2e042f59e4b2eaee108c0777a0937#data_s=id%3AdataSource_39-18afc2829a4-layer-11%3A17%2Cid%3AdataSource_40-18b430bf924-layer-10%3A601",
                "Implementa": "City of Miami Beach Environment and Sustainability Department",
                "Infrastruc": "Hybrid",
                "Categories": "Flood Control Infrastructure",
                "Disaster_F": "Multi-hazard",
                "New_15_25_": "Enhancing stormwater infrastructure, elevating roadways, and upgrading water and wastewater systems to mitigate flooding and adapt to sea level rise.",
                "Project_St": "2022",
                "Project_En": "2032",
                "Project__1": "Ongoing",
                "Estimated_": "97034197",
                "Additional": "None",
                "OLD___Brie": "Reduce flooding associated with intense rainstorms. Minimize street flooding associated with sea level rise and tidal surges. Upgrade underground utility infrastructure for potable water and wastewater. Install water quality drainage wells to reduce envi",
                "MUNICUID": "29",
                "MUNICID": "02",
                "NAME": "MIAMI BEACH",
                "FIPSCODE": "1245025",
                "CREATEDBY": "None",
                "CREATEDDAT": "12/31/1899",
                "MODIFIEDBY": "None",
                "MODIFIEDDA": "12/31/1899",
                "GlobalID": "f01c40cb-77c5-4887-8405-bbaa820b81b4"
            },
            "geometry": {
                "type": "Point",
                "coordinates": [
                    -80.136949849999951,
                    25.769896350000067
                ]
            }
        },
        {
            "type": "Feature",
            "properties": {
                "Join_Count": "1",
                "TARGET_FID": "113",
                "Project_Na": "City of Miami Beach Fire Station #1",
                "Latitude": "25.77585308",
                "Longitude": "-80.13684116",
                "City": "Miami Beach",
                "Link_to_Da": "https://experience.arcgis.com/experience/d4f2e042f59e4b2eaee108c0777a0937#data_s=id%3AdataSource_39-18afc2829a4-layer-11%3A17%2Cid%3AdataSource_40-18b430bf924-layer-10%3A591",
                "Implementa": "Miami Beach Fire Department",
                "Infrastruc": "Gray",
                "Categories": "Public Facilities",
                "Disaster_F": "Critical Infrastructure",
                "New_15_25_": "Constructing a resilient, LEED Gold-certified emergency operations center with elevated apparatus bays, dormitories, and backup power to withstand Category 5 hurricanes.",
                "Project_St": "2022",
                "Project_En": "2028",
                "Project__1": "Ongoing",
                "Estimated_": "22171143",
                "Additional": "None",
                "OLD___Brie": "The project will construct a new Category 5 hurricane resilient fire station tha tis built over 8ft above FEMA-required base flood elevation standards. Interior features 20 dormitory rooms, office, kitchen, training facilities, gym, and equipment storage",
                "MUNICUID": "29",
                "MUNICID": "02",
                "NAME": "MIAMI BEACH",
                "FIPSCODE": "1245025",
                "CREATEDBY": "None",
                "CREATEDDAT": "12/31/1899",
                "MODIFIEDBY": "None",
                "MODIFIEDDA": "12/31/1899",
                "GlobalID": "f01c40cb-77c5-4887-8405-bbaa820b81b4"
            },
            "geometry": {
                "type": "Point",
                "coordinates": [
                    -80.13684115999996,
                    25.775853080000047
                ]
            }
        },
        {
            "type": "Feature",
            "properties": {
                "Join_Count": "1",
                "TARGET_FID": "114",
                "Project_Na": "West Avenue Stormwater Resilience (City of Miami Beach)",
                "Latitude": "25.78518155",
                "Longitude": "-80.14168677",
                "City": "Miami Beach",
                "Link_to_Da": "https://www.miamibeachfl.gov/residents/neighborhood-affairs-division/active-projects/neighborhood-improvements/west-avenue-neighborhood-improvements-project-phase-ii/",
                "Implementa": "City of Miami Beach Public Works Department",
                "Infrastruc": "Blue",
                "Categories": "Flood Control Infrastructure",
                "Disaster_F": "Flooding",
                "New_15_25_": "Corridor flood-control with raised roads, seawalls, pump stations and drainage upgrades.",
                "Project_St": "2014",
                "Project_En": "2015",
                "Project__1": "Completed",
                "Estimated_": "105140819",
                "Additional": "None",
                "OLD___Brie": "Corridor flood-control with raised roads, seawalls, pump stations and drainage upgrades.",
                "MUNICUID": "29",
                "MUNICID": "02",
                "NAME": "MIAMI BEACH",
                "FIPSCODE": "1245025",
                "CREATEDBY": "None",
                "CREATEDDAT": "12/31/1899",
                "MODIFIEDBY": "None",
                "MODIFIEDDA": "12/31/1899",
                "GlobalID": "f01c40cb-77c5-4887-8405-bbaa820b81b4"
            },
            "geometry": {
                "type": "Point",
                "coordinates": [
                    -80.141686769999978,
                    25.785181550000061
                ]
            }
        },
        {
            "type": "Feature",
            "properties": {
                "Join_Count": "1",
                "TARGET_FID": "115",
                "Project_Na": "Aventura Drainage Improvement Projects",
                "Latitude": "25.95234446",
                "Longitude": "-80.14279862",
                "City": "Aventura",
                "Link_to_Da": "https://www.miamidade.gov/citt/library/2015/municipal-plans/aventura.pdf",
                "Implementa": "Public Works and Waste Management Miami Dade County",
                "Infrastruc": "Gray",
                "Categories": "Flood Control Infrastructure",
                "Disaster_F": "Flooding",
                "New_15_25_": "Drainage, pump and conveyance upgrades for flood reduction in Aventura neighborhoods.",
                "Project_St": "2017",
                "Project_En": "Null",
                "Project__1": "Ongoing",
                "Estimated_": "5255000",
                "Additional": "None",
                "OLD___Brie": "Drainage, pump and conveyance upgrades for flood reduction in Aventura neighborhoods.",
                "MUNICUID": "3",
                "MUNICID": "28",
                "NAME": "AVENTURA",
                "FIPSCODE": "1202681",
                "CREATEDBY": "None",
                "CREATEDDAT": "12/31/1899",
                "MODIFIEDBY": "None",
                "MODIFIEDDA": "12/31/1899",
                "GlobalID": "797226e1-4b99-4fd0-8a94-19d9ed51eda0"
            },
            "geometry": {
                "type": "Point",
                "coordinates": [
                    -80.142798619999951,
                    25.952344460000063
                ]
            }
        },
        {
            "type": "Feature",
            "properties": {
                "Join_Count": "1",
                "TARGET_FID": "116",
                "Project_Na": "Sunset Islands 2 & 3 Infrastructure Improvements",
                "Latitude": "25.80208116",
                "Longitude": "-80.1449132",
                "City": "Miami Beach",
                "Link_to_Da": "Sunset Islands 2 & 3 Infrastructure Improvements - City of Miami Beach",
                "Implementa": "City of Miami Beach",
                "Infrastruc": "Gray",
                "Categories": "Flood Control Infrastructure",
                "Disaster_F": "Critical Infrastructure",
                "New_15_25_": "Involves the replacement of a decommissioned subaqueous water main and sewer main, ensuring enhanced infrastructure reliability and operational efficiency. The pipes will be installed via Horizontal Directional Drilling (HDD): an advanced trenchless tech",
                "Project_St": "2025",
                "Project_En": "2026",
                "Project__1": "Ongoing",
                "Estimated_": "4173631.87",
                "Additional": "None",
                "OLD___Brie": "The City of Miami Beach is upgrading the water and sewer infrastructure in Sunset Islands II and III. This project involves the replacement of a decommissioned subaqueous water main and sewer main, ensuring enhanced infrastructure reliability and operati",
                "MUNICUID": "29",
                "MUNICID": "02",
                "NAME": "MIAMI BEACH",
                "FIPSCODE": "1245025",
                "CREATEDBY": "None",
                "CREATEDDAT": "12/31/1899",
                "MODIFIEDBY": "None",
                "MODIFIEDDA": "12/31/1899",
                "GlobalID": "f01c40cb-77c5-4887-8405-bbaa820b81b4"
            },
            "geometry": {
                "type": "Point",
                "coordinates": [
                    -80.144913199999962,
                    25.802081160000057
                ]
            }
        },
        {
            "type": "Feature",
            "properties": {
                "Join_Count": "1",
                "TARGET_FID": "117",
                "Project_Na": "Maurice Gibb Memorial ParkÂ ",
                "Latitude": "25.79270689",
                "Longitude": "-80.1447473",
                "City": "Miami Beach",
                "Link_to_Da": "https://www.miamibeachfl.gov/wp-content/uploads/2023/03/Maurice-Gibb-Park-Project-Start-Fact-Sheet-March-2023-test.pdf",
                "Implementa": "City of Miami Beach",
                "Infrastruc": "Hybrid",
                "Categories": "Green Infrastructure",
                "Disaster_F": "Extreme Heat",
                "New_15_25_": "Enhance public space with new playgrounds, improved shoreline access, upgraded drainage, walking trails, shaded seating areas, dog park, and community pavilion.",
                "Project_St": "2023",
                "Project_En": "2025",
                "Project__1": "Completed",
                "Estimated_": "12100000",
                "Additional": "None",
                "OLD___Brie": "A revitalization effort aimed at enhancing community amenities and coastal resilience. Key upgrades include a living shoreline with mangrove trees and seawall elevation improvements to mitigate flooding. The project also introduces a dog park, fishing pi",
                "MUNICUID": "29",
                "MUNICID": "02",
                "NAME": "MIAMI BEACH",
                "FIPSCODE": "1245025",
                "CREATEDBY": "None",
                "CREATEDDAT": "12/31/1899",
                "MODIFIEDBY": "None",
                "MODIFIEDDA": "12/31/1899",
                "GlobalID": "f01c40cb-77c5-4887-8405-bbaa820b81b4"
            },
            "geometry": {
                "type": "Point",
                "coordinates": [
                    -80.144747299999949,
                    25.792706890000034
                ]
            }
        },
        {
            "type": "Feature",
            "properties": {
                "Join_Count": "1",
                "TARGET_FID": "118",
                "Project_Na": "First Street Neighborhood Improvements & South Pointe Stormwater Project",
                "Latitude": "25.76997544",
                "Longitude": "-80.13515475",
                "City": "Miami Beach",
                "Link_to_Da": "https://www.miamibeachfl.gov/residents/neighborhood-affairs-division/active-projects/neighborhood-improvements/1-street-between-alton-road-and-washinton-avenue/",
                "Implementa": "City of Miami Beach",
                "Infrastruc": "Hybrid",
                "Categories": "Flood Control Infrastructure",
                "Disaster_F": "Flooding",
                "New_15_25_": "Reconstruct roadway and utilities, elevate street, install new drainage and pump systems, add landscaping, lighting, and improves storm resilience",
                "Project_St": "2027",
                "Project_En": "2029",
                "Project__1": "Ongoing",
                "Estimated_": "60000000",
                "Additional": "None",
                "OLD___Brie": "Aims to address flooding issues, upgrade infrastructure, and enhance neighborhood aesthetics between Alton Road and Washington Avenue. The project will install drainage wells and elevate the road by an average of 1.5 feet to mitigate flooding from intens",
                "MUNICUID": "29",
                "MUNICID": "02",
                "NAME": "MIAMI BEACH",
                "FIPSCODE": "1245025",
                "CREATEDBY": "None",
                "CREATEDDAT": "12/31/1899",
                "MODIFIEDBY": "None",
                "MODIFIEDDA": "12/31/1899",
                "GlobalID": "f01c40cb-77c5-4887-8405-bbaa820b81b4"
            },
            "geometry": {
                "type": "Point",
                "coordinates": [
                    -80.13515474999997,
                    25.769975440000053
                ]
            }
        },
        {
            "type": "Feature",
            "properties": {
                "Join_Count": "1",
                "TARGET_FID": "119",
                "Project_Na": "Mooring Field Project",
                "Latitude": "25.78546633",
                "Longitude": "-80.14796037",
                "City": "Miami Beach",
                "Link_to_Da": "Mooring Field - City of Miami Beach",
                "Implementa": "City of Miami Beach",
                "Infrastruc": "Gray",
                "Categories": "Public Facilities",
                "Disaster_F": "Multi-hazard",
                "New_15_25_": "A mooring field is a managed mooring system attached to the bottom of a waterway that adheres to an approved management plan. The feasibility of establishing a regulated mooring field has been explored to provide boaters with the opportunity to anchor wh",
                "Project_St": "2025",
                "Project_En": "Null",
                "Project__1": "Ongoing",
                "Estimated_": "2329089",
                "Additional": "None",
                "OLD___Brie": "Miami Beach is a popular boating destination, and local anchorage near South Beach is in high demand. A mooring field is a managed mooring system attached to the bottom of a waterway that adheres to an approved management plan. The feasibility of establi",
                "MUNICUID": "29",
                "MUNICID": "02",
                "NAME": "MIAMI BEACH",
                "FIPSCODE": "1245025",
                "CREATEDBY": "None",
                "CREATEDDAT": "12/31/1899",
                "MODIFIEDBY": "None",
                "MODIFIEDDA": "12/31/1899",
                "GlobalID": "f01c40cb-77c5-4887-8405-bbaa820b81b4"
            },
            "geometry": {
                "type": "Point",
                "coordinates": [
                    -80.147960369999964,
                    25.785466330000077
                ]
            }
        },
        {
            "type": "Feature",
            "properties": {
                "Join_Count": "1",
                "TARGET_FID": "120",
                "Project_Na": "NE 189 Street Stormwater Improvements (County-level Resilient Florida award)",
                "Latitude": "25.94867144",
                "Longitude": "-80.1909353",
                "City": "Miami-Dade County",
                "Link_to_Da": "https://www.miamidade.gov/govaction/legistarfiles/Matters/Y2025/250969.pdf#:~:text=applying%20for%20and%20accepting%20FY%202024%2D25%20grant,flooding%2C%20sea%20level%20rise%2C%20and%20storm%20events.",
                "Implementa": "Resilient Florida",
                "Infrastruc": "Hybrid",
                "Categories": "Flood Control Infrastructure",
                "Disaster_F": "Flooding",
                "New_15_25_": "NE 189 Street stormwater improvements to reduce neighborhood flooding.",
                "Project_St": "2024",
                "Project_En": "Null",
                "Project__1": "Ongoing",
                "Estimated_": "510000",
                "Additional": "None",
                "OLD___Brie": "NE 189 Street stormwater improvements to reduce neighborhood flooding.",
                "MUNICUID": "4",
                "MUNICID": "30",
                "NAME": "UNINCORPORATED MIAMI-DADE",
                "FIPSCODE": "0",
                "CREATEDBY": "E316899",
                "CREATEDDAT": "04/21/2022",
                "MODIFIEDBY": "E316899",
                "MODIFIEDDA": "04/21/2022",
                "GlobalID": "6d57fb7a-ea31-4b13-9e05-3811c3de948f"
            },
            "geometry": {
                "type": "Point",
                "coordinates": [
                    -80.190935299999978,
                    25.948671440000055
                ]
            }
        },
        {
            "type": "Feature",
            "properties": {
                "Join_Count": "1",
                "TARGET_FID": "121",
                "Project_Na": "Pump station upgrades and tidal flood mitigation projects",
                "Latitude": "25.84424863",
                "Longitude": "-80.15801163",
                "City": "North Bay Village",
                "Link_to_Da": "https://northbayvillage-fl.gov/stormwater/#:~:text=This%20project%20will%20evaluate%20the,by%20the%20end%20of%202023.",
                "Implementa": "City of North Bay",
                "Infrastruc": "Gray",
                "Categories": "Flood Control Infrastructure",
                "Disaster_F": "Multi-hazard",
                "New_15_25_": "The previous pump system was non-functional, so the village is planning to replace the pump station wwhich would improve drainage during high-tide events.",
                "Project_St": "2022",
                "Project_En": "Null",
                "Project__1": "Ongoing",
                "Estimated_": "275000",
                "Additional": "None",
                "OLD___Brie": "The previous pump system was non-functional, so the village is planning to replace the pump station. Which would also improve drainage during high-tide events.",
                "MUNICUID": "33",
                "MUNICID": "23",
                "NAME": "NORTH BAY VILLAGE",
                "FIPSCODE": "1249225",
                "CREATEDBY": "None",
                "CREATEDDAT": "12/31/1899",
                "MODIFIEDBY": "None",
                "MODIFIEDDA": "12/31/1899",
                "GlobalID": "6b613988-af26-493a-9b1e-99253e39290c"
            },
            "geometry": {
                "type": "Point",
                "coordinates": [
                    -80.158011629999976,
                    25.844248630000038
                ]
            }
        },
        {
            "type": "Feature",
            "properties": {
                "Join_Count": "1",
                "TARGET_FID": "122",
                "Project_Na": "Garden District Flood Mitigation",
                "Latitude": "25.68920279",
                "Longitude": "-80.15988619",
                "City": "Key Biscayne",
                "Link_to_Da": "https://keybiscayne.fl.gov/elevating_our_island_paradise/program_library/garden_district_flood_mitigation_project.php#:~:text=Home,Galen%20Drive%2C%20and%20Ocean%20Lane",
                "Implementa": "Villlage of Key Biscayne",
                "Infrastruc": "Hybrid",
                "Categories": "Shoreline Protection",
                "Disaster_F": "Flooding",
                "New_15_25_": "Enhance stormwater management in Key Biscayne's Garden District through new pump systems, injection wells, and redevelopment of existing drainage infrastructure.",
                "Project_St": "2024",
                "Project_En": "2026",
                "Project__1": "Ongoing",
                "Estimated_": "0",
                "Additional": "None",
                "OLD___Brie": "The Garden District Flood Mitigation Project will enhance the resiliency of the infrastructure within the Garden District in the face of increasing environmental challenges and the evolving needs of the community. The scope of this project includes storm",
                "MUNICUID": "74",
                "MUNICID": "24",
                "NAME": "KEY BISCAYNE",
                "FIPSCODE": "1236300",
                "CREATEDBY": "None",
                "CREATEDDAT": "12/31/1899",
                "MODIFIEDBY": "None",
                "MODIFIEDDA": "12/31/1899",
                "GlobalID": "70964e2b-4266-4df7-b51c-a17364fff5f9"
            },
            "geometry": {
                "type": "Point",
                "coordinates": [
                    -80.159886189999952,
                    25.689202790000024
                ]
            }
        },
        {
            "type": "Feature",
            "properties": {
                "Join_Count": "1",
                "TARGET_FID": "123",
                "Project_Na": "Venetian Causeway Water and Sewer Main Upgrades Phase 2",
                "Latitude": "25.79214286",
                "Longitude": "-80.1679301",
                "City": "Miami Beach",
                "Link_to_Da": "https://www.miamibeachfl.gov/residents/neighborhood-affairs-division/active-projects/neighborhood-improvements/venetian-causeway-water-and-sewer-main-replacement-project-2/",
                "Implementa": "City of Miami Beach",
                "Infrastruc": "Gray",
                "Categories": "Connectivity",
                "Disaster_F": "Critical Infrastructure",
                "New_15_25_": "Replace deteriorated aerial water and sewer mains along the causeway to boost capacity, reliability, and meet future demand.",
                "Project_St": "2024",
                "Project_En": "2026",
                "Project__1": "Ongoing",
                "Estimated_": "18132386.4",
                "Additional": "None",
                "OLD___Brie": "The City of Miami Beach is upgrading itÂs water and sewer infrastructure. This project will replace the aerial water main crossings on the Causeway, which run along the north and south sides of the Venetian bridges. The pipes are in poor condition and",
                "MUNICUID": "34",
                "MUNICID": "01",
                "NAME": "MIAMI",
                "FIPSCODE": "1245000",
                "CREATEDBY": "None",
                "CREATEDDAT": "12/31/1899",
                "MODIFIEDBY": "None",
                "MODIFIEDDA": "12/31/1899",
                "GlobalID": "df52bf02-7c6d-4658-b2cc-c2ddb8cd5281"
            },
            "geometry": {
                "type": "Point",
                "coordinates": [
                    -80.167930099999978,
                    25.79214286000007
                ]
            }
        },
        {
            "type": "Feature",
            "properties": {
                "Join_Count": "1",
                "TARGET_FID": "124",
                "Project_Na": "Key Biscayne Backup Stormwater Generator 2",
                "Latitude": "25.69876691",
                "Longitude": "-80.1571067",
                "City": "Key Biscayne",
                "Link_to_Da": "https://keybiscayne.fl.gov/elevating_our_island_paradise/program_library/backup_stormwater_generators.php",
                "Implementa": "Villlage of Key Biscayne",
                "Infrastruc": "Gray",
                "Categories": "Flood Control Infrastructure",
                "Disaster_F": "Flooding",
                "New_15_25_": "Install an independently powered generator at the Harbor Drive pump station to maintain stormwater management during electrical outages, enhancing flood resilience.",
                "Project_St": "2025",
                "Project_En": "2026",
                "Project__1": "Ongoing",
                "Estimated_": "0",
                "Additional": "None",
                "OLD___Brie": "The purpose of this project is the installation of a new independently powered generators for two stormwater pump stations that will ensure operation in the case of an electrical outage.\n",
                "MUNICUID": "74",
                "MUNICID": "24",
                "NAME": "KEY BISCAYNE",
                "FIPSCODE": "1236300",
                "CREATEDBY": "None",
                "CREATEDDAT": "12/31/1899",
                "MODIFIEDBY": "None",
                "MODIFIEDDA": "12/31/1899",
                "GlobalID": "70964e2b-4266-4df7-b51c-a17364fff5f9"
            },
            "geometry": {
                "type": "Point",
                "coordinates": [
                    -80.157106699999986,
                    25.698766910000074
                ]
            }
        },
        {
            "type": "Feature",
            "properties": {
                "Join_Count": "1",
                "TARGET_FID": "125",
                "Project_Na": "Key Biscayne CSRM Back Bay Shoreline Protection",
                "Latitude": "25.69526286",
                "Longitude": "-80.15642059",
                "City": "Key Biscayne",
                "Link_to_Da": "https://keybiscayne.fl.gov/elevating_our_island_paradise/program_library/csrm_beach_and_back_bay_study.php",
                "Implementa": "United States Army Corps of Engineers (USACE) Coastal Storm Risk Management (CSRM) Program, Village of Key Biscayne",
                "Infrastruc": "Hybrid",
                "Categories": "Shoreline Protection",
                "Disaster_F": "Storm Surge",
                "New_15_25_": "Collaborating with USACE and Miami-Dade County to enhance back bay shoreline protection through hybrid offshore barrier reefs, reducing erosion and storm surge impacts.",
                "Project_St": "2024",
                "Project_En": "2028",
                "Project__1": "Ongoing",
                "Estimated_": "0",
                "Additional": "None",
                "OLD___Brie": "This studyÂs objectives include developing proposals to do the following: 1.Reduce damage due to coastal flooding, extreme high tides and future projected sea level rise in the study area with considerations for recreation, tourism and environmental r",
                "MUNICUID": "74",
                "MUNICID": "24",
                "NAME": "KEY BISCAYNE",
                "FIPSCODE": "1236300",
                "CREATEDBY": "None",
                "CREATEDDAT": "12/31/1899",
                "MODIFIEDBY": "None",
                "MODIFIEDDA": "12/31/1899",
                "GlobalID": "70964e2b-4266-4df7-b51c-a17364fff5f9"
            },
            "geometry": {
                "type": "Point",
                "coordinates": [
                    -80.156420589999982,
                    25.695262860000071
                ]
            }
        },
        {
            "type": "Feature",
            "properties": {
                "Join_Count": "1",
                "TARGET_FID": "126",
                "Project_Na": "North Bay Village Stormwater & Elevation Projects",
                "Latitude": "25.85239115",
                "Longitude": "-80.15741748",
                "City": "North Bay Village",
                "Link_to_Da": "https://northbayvillage-fl.gov/nbv-awarded-2-million-in-state-funding-for-harbor-island-stormwater-outfall-improvements/",
                "Implementa": "City of North Bay Village",
                "Infrastruc": "Hybrid",
                "Categories": "Flood Control Infrastructure",
                "Disaster_F": "Flooding",
                "New_15_25_": "By implementing baffle boxes, NBV aims to reduce the levels of pollutants, sediment, and suspended solids in the stormwater discharge, ultimately enhancing the overall water quality and health of Biscayne BayÂs ecosystem",
                "Project_St": "2017",
                "Project_En": "Null",
                "Project__1": "Ongoing",
                "Estimated_": "0",
                "Additional": "None",
                "OLD___Brie": "Small island municipality flood mitigation Ã¢ÂÂ pumps, valves, and elevation works.",
                "MUNICUID": "33",
                "MUNICID": "23",
                "NAME": "NORTH BAY VILLAGE",
                "FIPSCODE": "1249225",
                "CREATEDBY": "None",
                "CREATEDDAT": "12/31/1899",
                "MODIFIEDBY": "None",
                "MODIFIEDDA": "12/31/1899",
                "GlobalID": "6b613988-af26-493a-9b1e-99253e39290c"
            },
            "geometry": {
                "type": "Point",
                "coordinates": [
                    -80.157417479999935,
                    25.852391150000074
                ]
            }
        },
        {
            "type": "Feature",
            "properties": {
                "Join_Count": "1",
                "TARGET_FID": "127",
                "Project_Na": "Palm & Hibiscus Islands Neighborhood Improvement Project",
                "Latitude": "25.78051332",
                "Longitude": "-80.16236056",
                "City": "Miami Beach",
                "Link_to_Da": "Palm and Hibiscus Islands Right of Way Improvements - City of Miami Beach",
                "Implementa": "City of Miami Beach",
                "Infrastruc": "Gray",
                "Categories": "Public Facilities",
                "Disaster_F": "Multi-hazard",
                "New_15_25_": "Upgrades to lighting, pouring concrete valley gutters, improving the islands' drainage system, installing pump stations, raising the road, rebuilding the road and paving the road.",
                "Project_St": "2020",
                "Project_En": "Null",
                "Project__1": "Ongoing",
                "Estimated_": "48015405",
                "Additional": "None",
                "OLD___Brie": "On this neighborhood project, the right of way is undergoing full construction. Work includes upgrades to lighting, pouring concrete valley gutters, improving the islands' drainage system, installing pump stations, raising the road, rebuilding the road a",
                "MUNICUID": "29",
                "MUNICID": "02",
                "NAME": "MIAMI BEACH",
                "FIPSCODE": "1245025",
                "CREATEDBY": "None",
                "CREATEDDAT": "12/31/1899",
                "MODIFIEDBY": "None",
                "MODIFIEDDA": "12/31/1899",
                "GlobalID": "f01c40cb-77c5-4887-8405-bbaa820b81b4"
            },
            "geometry": {
                "type": "Point",
                "coordinates": [
                    -80.162360559999968,
                    25.780513320000068
                ]
            }
        },
        {
            "type": "Feature",
            "properties": {
                "Join_Count": "1",
                "TARGET_FID": "128",
                "Project_Na": "G-58 Coastal Structure Resiliency",
                "Latitude": "25.90035117",
                "Longitude": "-80.16249119",
                "City": "North Miami",
                "Link_to_Da": "https://www.sfwmd.gov/sites/default/files/documents/2024_SFWMD_SLR%26FRP_FINAL.pdf",
                "Implementa": "SFWMD",
                "Infrastruc": "Gray",
                "Categories": "Flood Control Infrastructure",
                "Disaster_F": "Flooding",
                "New_15_25_": "Upgrade the G-58 coastal structure with enhanced pumping capacity, flood barriers, and structural hardening to improve flood resilience in North Biscayne Bay.",
                "Project_St": "Null",
                "Project_En": "Null",
                "Project__1": "Ongoing",
                "Estimated_": "25409897",
                "Additional": "None",
                "OLD___Brie": "harden this Coastal Structure to address flooding, sea level rise, and other related risks to vulnerable communities in the Basin",
                "MUNICUID": "10",
                "MUNICID": "06",
                "NAME": "NORTH MIAMI",
                "FIPSCODE": "1249450",
                "CREATEDBY": "None",
                "CREATEDDAT": "12/31/1899",
                "MODIFIEDBY": "E316899",
                "MODIFIEDDA": "02/18/2021",
                "GlobalID": "7a531bfb-19e3-4b7d-b354-bda553d619cc"
            },
            "geometry": {
                "type": "Point",
                "coordinates": [
                    -80.162491189999969,
                    25.900351170000079
                ]
            }
        },
        {
            "type": "Feature",
            "properties": {
                "Join_Count": "1",
                "TARGET_FID": "129",
                "Project_Na": "Off-Shore Barier Reef System",
                "Latitude": "25.6910296",
                "Longitude": "-80.15539848",
                "City": "Key Biscayne",
                "Link_to_Da": "https://keybiscayne.fl.gov/village_services/resiliency___sustainability/elevating_our_island_paradise/off-shore_barrier_reef_system.php",
                "Implementa": "Villlage of Key Biscayne",
                "Infrastruc": "Blue",
                "Categories": "Green Infrastructure",
                "Disaster_F": "Storm Surge",
                "New_15_25_": "Conduct a study to evaluate the feasibility and environmental impact of an offshore barrier/reef system to protect Key Biscayne's beach from erosion.",
                "Project_St": "Null",
                "Project_En": "Null",
                "Project__1": "Ongoing",
                "Estimated_": "0",
                "Additional": "None",
                "OLD___Brie": "A ÂHydrodynamic and Sediment Transport AnalysisÂ study would aim to determine the viability of using an off-shore barrier/reef system to protect the beach from erosion, assess the effectiveness of the system, and evaluate its potential impact on th",
                "MUNICUID": "74",
                "MUNICID": "24",
                "NAME": "KEY BISCAYNE",
                "FIPSCODE": "1236300",
                "CREATEDBY": "None",
                "CREATEDDAT": "12/31/1899",
                "MODIFIEDBY": "None",
                "MODIFIEDDA": "12/31/1899",
                "GlobalID": "70964e2b-4266-4df7-b51c-a17364fff5f9"
            },
            "geometry": {
                "type": "Point",
                "coordinates": [
                    -80.155398479999974,
                    25.691029600000036
                ]
            }
        },
        {
            "type": "Feature",
            "properties": {
                "Join_Count": "1",
                "TARGET_FID": "130",
                "Project_Na": "Key Biscayne Zone 1 Integrated Infrastructure Project",
                "Latitude": "25.68864141",
                "Longitude": "-80.17136305",
                "City": "Key Biscayne",
                "Link_to_Da": "https://keybiscayne.fl.gov/elevating_our_island_paradise/program_library/zone_1_integrated_infrastructure_project.php",
                "Implementa": "Villlage of Key Biscayne",
                "Infrastruc": "Hybrid",
                "Categories": "Flood Control Infrastructure",
                "Disaster_F": "Multi-hazard",
                "New_15_25_": "Upgrade stormwater infrastructure, elevates roadways, and enhances utility systems in Key Biscayne's most flood-prone area to improve resilience and safety.",
                "Project_St": "2025",
                "Project_En": "2027",
                "Project__1": "Ongoing",
                "Estimated_": "0",
                "Additional": "None",
                "OLD___Brie": "The projectÂs purpose is to alleviate localized flooding and enhance safety throughout the Key Biscayne K-8 Center Basin. The upgraded stormwater system will significantly reduce the street flooding currently experienced in the area and improve stormw",
                "MUNICUID": "74",
                "MUNICID": "24",
                "NAME": "KEY BISCAYNE",
                "FIPSCODE": "1236300",
                "CREATEDBY": "None",
                "CREATEDDAT": "12/31/1899",
                "MODIFIEDBY": "None",
                "MODIFIEDDA": "12/31/1899",
                "GlobalID": "70964e2b-4266-4df7-b51c-a17364fff5f9"
            },
            "geometry": {
                "type": "Point",
                "coordinates": [
                    -80.171363049999968,
                    25.688641410000059
                ]
            }
        },
        {
            "type": "Feature",
            "properties": {
                "Join_Count": "1",
                "TARGET_FID": "131",
                "Project_Na": "Sub-Basin #11 Drainage Improvements",
                "Latitude": "25.6251536",
                "Longitude": "-80.34144686",
                "City": "Palmetto Bay",
                "Link_to_Da": "https://www.palmettobay-fl.gov/1236/Stormwater-Master-Plan",
                "Implementa": "Village of Palmetto Bay",
                "Infrastruc": "Gray",
                "Categories": "Flood Control Infrastructure",
                "Disaster_F": "Flooding",
                "New_15_25_": "Enhancing stormwater infrastructure in Sub-Basin #11 to reduce flooding and improve water quality, with design and permitting in progress.",
                "Project_St": "Null",
                "Project_En": "Null",
                "Project__1": "Ongoing",
                "Estimated_": "1450000",
                "Additional": "None",
                "OLD___Brie": "The project includes replacing the existing undersized culverts at multiple locations along the primary drainage path to improve stormwater conveyance. Additionally, a new detention basin is proposed near the downstream end of the sub-basin to provide st",
                "MUNICUID": "76",
                "MUNICID": "33",
                "NAME": "PALMETTO BAY",
                "FIPSCODE": "1254275",
                "CREATEDBY": "None",
                "CREATEDDAT": "12/31/1899",
                "MODIFIEDBY": "None",
                "MODIFIEDDA": "12/31/1899",
                "GlobalID": "88d5404d-a956-49f2-b412-d6cc89bfa9e3"
            },
            "geometry": {
                "type": "Point",
                "coordinates": [
                    -80.341446859999962,
                    25.625153600000033
                ]
            }
        },
        {
            "type": "Feature",
            "properties": {
                "Join_Count": "1",
                "TARGET_FID": "132",
                "Project_Na": "Village of Key Biscayne Central and South Basins Stormwater Improvements",
                "Latitude": "25.6903871",
                "Longitude": "-80.17020472",
                "City": "Bal Harbour",
                "Link_to_Da": "https://experience.arcgis.com/experience/d4f2e042f59e4b2eaee108c0777a0937#data_s=id%3AdataSource_39-18afc2829a4-layer-11%3A17",
                "Implementa": "Town of Bal Harbour Public Works and Department",
                "Infrastruc": "Hybrid",
                "Categories": "Flood Control Infrastructure",
                "Disaster_F": "Flooding",
                "New_15_25_": "Enhances stormwater infrastructure by increasing drainage capacity, mitigating street flooding, and implementing resilient strategies to protect residents, property, and quality of life against climate impacts.",
                "Project_St": "2022",
                "Project_En": "Null",
                "Project__1": "Ongoing",
                "Estimated_": "1771252",
                "Additional": "None",
                "OLD___Brie": "The overall aim of this large-scale infrastructure project is to meet the community's needs by streamlining and maximizing the efficacy of the stormwater system. This means increasing the drainage capacity by actively pumping water away from flood prone,",
                "MUNICUID": "74",
                "MUNICID": "24",
                "NAME": "KEY BISCAYNE",
                "FIPSCODE": "1236300",
                "CREATEDBY": "None",
                "CREATEDDAT": "12/31/1899",
                "MODIFIEDBY": "None",
                "MODIFIEDDA": "12/31/1899",
                "GlobalID": "70964e2b-4266-4df7-b51c-a17364fff5f9"
            },
            "geometry": {
                "type": "Point",
                "coordinates": [
                    -80.170204719999958,
                    25.690387100000066
                ]
            }
        },
        {
            "type": "Feature",
            "properties": {
                "Join_Count": "1",
                "TARGET_FID": "133",
                "Project_Na": "Replacement of Seawalls Shorecrest",
                "Latitude": "25.83654375",
                "Longitude": "-80.17982267",
                "City": "Miami",
                "Link_to_Da": "https://www.miami.gov/My-Government/Departments/Resilience-and-Public-Works/Resilience-and-Public-Works-Projects-Per-District/District-5-Resilience-and-Public-Works-Projects/Replacement-of-Seawalls-Shorecrest",
                "Implementa": "Department of Resilience and Public Works",
                "Infrastruc": "Gray",
                "Categories": "Shoreline Protection",
                "Disaster_F": "Flooding",
                "New_15_25_": "Design and construction of shore protection at three locations within the Legion Park and Shorecrest neighborhoods.",
                "Project_St": "2026",
                "Project_En": "2027",
                "Project__1": "Ongoing",
                "Estimated_": "3688974",
                "Additional": "None",
                "OLD___Brie": "Design and construction of shore protection at three locations within the Legion Park and Shorecrest neighborhoods.",
                "MUNICUID": "34",
                "MUNICID": "01",
                "NAME": "MIAMI",
                "FIPSCODE": "1245000",
                "CREATEDBY": "None",
                "CREATEDDAT": "12/31/1899",
                "MODIFIEDBY": "None",
                "MODIFIEDDA": "12/31/1899",
                "GlobalID": "df52bf02-7c6d-4658-b2cc-c2ddb8cd5281"
            },
            "geometry": {
                "type": "Point",
                "coordinates": [
                    -80.179822669999965,
                    25.836543750000033
                ]
            }
        },
        {
            "type": "Feature",
            "properties": {
                "Join_Count": "1",
                "TARGET_FID": "134",
                "Project_Na": "Tidal valve installations and stormwater conveyance upgrades (municipal projects)",
                "Latitude": "25.73196274",
                "Longitude": "-80.23288242",
                "City": "North Miami",
                "Link_to_Da": "https://www.miami.gov/My-Government/Departments/Office-of-Capital-Improvements/SWMP-Current-Master-Plan-Projects",
                "Implementa": "Miami Forever Bond Program, City of North Miami",
                "Infrastruc": "Gray",
                "Categories": "Flood Control Infrastructure",
                "Disaster_F": "Multi-hazard",
                "New_15_25_": "Stormwater Master Plan update and subsequent drainage project designs to prevent flooding and the public right of way that is caused by storm events such as king tides.",
                "Project_St": "2024",
                "Project_En": "2025",
                "Project__1": "Completed",
                "Estimated_": "192000",
                "Additional": "None",
                "OLD___Brie": "Stormwater Master Plan update and subsequent drainage project designs. This project will prevent flooding and the public right of way that is caused by storm events such as king tides.",
                "MUNICUID": "34",
                "MUNICID": "01",
                "NAME": "MIAMI",
                "FIPSCODE": "1245000",
                "CREATEDBY": "None",
                "CREATEDDAT": "12/31/1899",
                "MODIFIEDBY": "None",
                "MODIFIEDDA": "12/31/1899",
                "GlobalID": "df52bf02-7c6d-4658-b2cc-c2ddb8cd5281"
            },
            "geometry": {
                "type": "Point",
                "coordinates": [
                    -80.232882419999953,
                    25.731962740000029
                ]
            }
        },
        {
            "type": "Feature",
            "properties": {
                "Join_Count": "1",
                "TARGET_FID": "135",
                "Project_Na": "Shorecrest South Flood Improvements",
                "Latitude": "25.84639461",
                "Longitude": "-80.17654187",
                "City": "Miami",
                "Link_to_Da": "https://www.miami.gov/My-Government/Departments/Resilience-and-Public-Works/Resilience-and-Public-Works-Projects-Per-District/District-5-Resilience-and-Public-Works-Projects/Shorecrest-South-Neighborhood-Flood-Improvements",
                "Implementa": "Resilience and Public Works Department",
                "Infrastruc": "Hybrid",
                "Categories": "Flood Control Infrastructure",
                "Disaster_F": "Flooding",
                "New_15_25_": "Design-build project upgrading stormwater and roadway infrastructure, including inlets, pipes, trenches, pump station, resurfacing, ADA ramps, curbs, signage, and optional water main improvements with MDWASD.\n",
                "Project_St": "2026",
                "Project_En": "2029",
                "Project__1": "Ongoing",
                "Estimated_": "70497875",
                "Additional": "None",
                "OLD___Brie": "Design-build of stormwater infrastructure and associated roadway improvements including new and upsized stormwater inlets and pipes, exfiltration trenches, injection wells, stormwater pumpstation with outfall to the Little River Canal (tributary to Bisca",
                "MUNICUID": "34",
                "MUNICID": "01",
                "NAME": "MIAMI",
                "FIPSCODE": "1245000",
                "CREATEDBY": "None",
                "CREATEDDAT": "12/31/1899",
                "MODIFIEDBY": "None",
                "MODIFIEDDA": "12/31/1899",
                "GlobalID": "df52bf02-7c6d-4658-b2cc-c2ddb8cd5281"
            },
            "geometry": {
                "type": "Point",
                "coordinates": [
                    -80.176541869999937,
                    25.846394610000061
                ]
            }
        },
        {
            "type": "Feature",
            "properties": {
                "Join_Count": "1",
                "TARGET_FID": "136",
                "Project_Na": "Belle Meade Isle Circle Cul-De-Sac Improvements",
                "Latitude": "25.84244838",
                "Longitude": "-80.17470929",
                "City": "Miami",
                "Link_to_Da": "https://www.miami.gov/My-Government/Departments/Resilience-and-Public-Works/Resilience-and-Public-Works-Projects-Per-District/District-5-Resilience-and-Public-Works-Projects/Belle-Meade-Isle-Circle-Cul-De-Sac-Improvements",
                "Implementa": "Department of Resilience and Public Works",
                "Infrastruc": "Gray",
                "Categories": "Flood Control Infrastructure",
                "Disaster_F": "Multi-hazard",
                "New_15_25_": "Design and construction of right-of-way improvements including roadway reconstruction.",
                "Project_St": "2025",
                "Project_En": "2026",
                "Project__1": "Ongoing",
                "Estimated_": "761012",
                "Additional": "None",
                "OLD___Brie": "Design and construction of right-of-way improvements including roadway reconstruction.",
                "MUNICUID": "34",
                "MUNICID": "01",
                "NAME": "MIAMI",
                "FIPSCODE": "1245000",
                "CREATEDBY": "None",
                "CREATEDDAT": "12/31/1899",
                "MODIFIEDBY": "None",
                "MODIFIEDDA": "12/31/1899",
                "GlobalID": "df52bf02-7c6d-4658-b2cc-c2ddb8cd5281"
            },
            "geometry": {
                "type": "Point",
                "coordinates": [
                    -80.174709289999953,
                    25.842448380000064
                ]
            }
        },
        {
            "type": "Feature",
            "properties": {
                "Join_Count": "1",
                "TARGET_FID": "137",
                "Project_Na": "Neighborhood stormwater pump upgrades & outfall improvements",
                "Latitude": "25.901",
                "Longitude": "-80.18",
                "City": "North Miami",
                "Link_to_Da": "https://www.citynmb.com/437/Storm-Water",
                "Implementa": "City of North Miami",
                "Infrastruc": "Hybrid",
                "Categories": "Flood Control Infrastructure",
                "Disaster_F": "Flooding",
                "New_15_25_": "Pump station and force main work (PS 469/468 area) and neighborhood drainage upgrades. Storm Water Division has the responsibility for street sweeping, swale maintenance, right of way flooding issues, lake water cleaning/maintenance.",
                "Project_St": "2024",
                "Project_En": "2025",
                "Project__1": "Ongoing",
                "Estimated_": "1000000",
                "Additional": "None",
                "OLD___Brie": "Pump station and force main work (PS 469/468 area) and neighborhood drainage upgrades. Storm Water Division has the responsibility for street sweeping, swale maintenance, right of way flooding issues, lake water cleaning/maintenance.",
                "MUNICUID": "10",
                "MUNICID": "06",
                "NAME": "NORTH MIAMI",
                "FIPSCODE": "1249450",
                "CREATEDBY": "None",
                "CREATEDDAT": "12/31/1899",
                "MODIFIEDBY": "E316899",
                "MODIFIEDDA": "02/18/2021",
                "GlobalID": "7a531bfb-19e3-4b7d-b354-bda553d619cc"
            },
            "geometry": {
                "type": "Point",
                "coordinates": [
                    -80.18,
                    25.901
                ]
            }
        },
        {
            "type": "Feature",
            "properties": {
                "Join_Count": "1",
                "TARGET_FID": "138",
                "Project_Na": "Replacement of Seawalls Morningside",
                "Latitude": "25.8302629",
                "Longitude": "-80.18000664",
                "City": "Miami",
                "Link_to_Da": "https://www.miami.gov/My-Government/Departments/Resilience-and-Public-Works/Resilience-and-Public-Works-Projects-Per-District/District-2-Resilience-and-Public-Works-Projects/Replacement-of-Seawalls-Morningside",
                "Implementa": "Resilience and Public Works Department",
                "Infrastruc": "Hybrid",
                "Categories": "Shoreline Protection",
                "Disaster_F": "Flooding",
                "New_15_25_": "Designs and constructs three Morningside seawalls, including raising or replacement, dredging, outfall improvements, tidal valves, guardrails, resurfacing, lighting, landscaping, and right-of-way restoration.",
                "Project_St": "2026",
                "Project_En": "2027",
                "Project__1": "Ongoing",
                "Estimated_": "1553538",
                "Additional": "None",
                "OLD___Brie": "Design and construction of three seawalls in the Morningside neighborhood. The works includes raising or replacing seawalls, dredging, bursting outfall pipes, installing manhole structures, tidal valves, manatee grates, riprap, guardrails, signs and pave",
                "MUNICUID": "34",
                "MUNICID": "01",
                "NAME": "MIAMI",
                "FIPSCODE": "1245000",
                "CREATEDBY": "None",
                "CREATEDDAT": "12/31/1899",
                "MODIFIEDBY": "None",
                "MODIFIEDDA": "12/31/1899",
                "GlobalID": "df52bf02-7c6d-4658-b2cc-c2ddb8cd5281"
            },
            "geometry": {
                "type": "Point",
                "coordinates": [
                    -80.180006639999988,
                    25.830262900000037
                ]
            }
        },
        {
            "type": "Feature",
            "properties": {
                "Join_Count": "1",
                "TARGET_FID": "139",
                "Project_Na": "C-8 Basin Resiliency and S-28 Coastal Structure",
                "Latitude": "25.87181912",
                "Longitude": "-80.17974736",
                "City": "Miami",
                "Link_to_Da": "https://www.sfwmd.gov/sites/default/files/documents/2024_SFWMD_SLR%26FRP_FINAL.pdf",
                "Implementa": "SFWMD",
                "Infrastruc": "Hybrid",
                "Categories": "Flood Control Infrastructure",
                "Disaster_F": "Multi-hazard",
                "New_15_25_": "Enhance flood resilience in the C-8 Basin through upgraded coastal structures, a new pump station, living shoreline, detention areas, and improved canal banks.",
                "Project_St": "2024",
                "Project_En": "2025",
                "Project__1": "Ongoing",
                "Estimated_": "298917983",
                "Additional": "None",
                "OLD___Brie": "S-28 Costal Structure Replacement: replacing major components of the S-28 Structure with a \nnew elevated, gated, water control structure. Forward Pump: building a new 2550 cfs forward pump station that will convey flood waters \nto tide when downstream wa",
                "MUNICUID": "27",
                "MUNICID": "11",
                "NAME": "MIAMI SHORES",
                "FIPSCODE": "1245175",
                "CREATEDBY": "None",
                "CREATEDDAT": "12/31/1899",
                "MODIFIEDBY": "None",
                "MODIFIEDDA": "12/31/1899",
                "GlobalID": "20c407a4-6b41-42ad-af3a-c59b433a9f43"
            },
            "geometry": {
                "type": "Point",
                "coordinates": [
                    -80.179747359999965,
                    25.871819120000055
                ]
            }
        },
        {
            "type": "Feature",
            "properties": {
                "Join_Count": "1",
                "TARGET_FID": "140",
                "Project_Na": "Belle Meade Pump Station Valve Boxes",
                "Latitude": "25.84664923",
                "Longitude": "-80.17985882",
                "City": "Miami",
                "Link_to_Da": "https://www.miami.gov/My-Government/Departments/Resilience-and-Public-Works/Resilience-and-Public-Works-Projects-Per-District/District-5-Resilience-and-Public-Works-Projects/Belle-Meade-Pump-Station-Valve-Boxes",
                "Implementa": "Department of Resilience and Public Works",
                "Infrastruc": "Gray",
                "Categories": "Flood Control Infrastructure",
                "Disaster_F": "Flooding",
                "New_15_25_": "Installations of four valve structure boxes that will faciliate access to the existing check valves in order to do future maintainence and repair.",
                "Project_St": "2025",
                "Project_En": "2025",
                "Project__1": "Ongoing",
                "Estimated_": "776381",
                "Additional": "None",
                "OLD___Brie": "Installations of four valve structure boxes that will faciliate access to the existing check valves in order to do future maintainence and repair.",
                "MUNICUID": "34",
                "MUNICID": "01",
                "NAME": "MIAMI",
                "FIPSCODE": "1245000",
                "CREATEDBY": "None",
                "CREATEDDAT": "12/31/1899",
                "MODIFIEDBY": "None",
                "MODIFIEDDA": "12/31/1899",
                "GlobalID": "df52bf02-7c6d-4658-b2cc-c2ddb8cd5281"
            },
            "geometry": {
                "type": "Point",
                "coordinates": [
                    -80.179858819999936,
                    25.846649230000025
                ]
            }
        },
        {
            "type": "Feature",
            "properties": {
                "Join_Count": "1",
                "TARGET_FID": "141",
                "Project_Na": "Brickell Key Bridge Repairs",
                "Latitude": "25.76566045",
                "Longitude": "-80.18722044",
                "City": "Miami",
                "Link_to_Da": "https://www.miami.gov/My-Government/Departments/Resilience-and-Public-Works/Resilience-and-Public-Works-Projects-Per-District/District-2-Resilience-and-Public-Works-Projects/Brickell-Key-Bridge-Repairs",
                "Implementa": "Department of Resilience and Public Works",
                "Infrastruc": "Gray",
                "Categories": "Public Facilities",
                "Disaster_F": "Flooding",
                "New_15_25_": "Removal of the Epoxy Layer Overlay, and the Sidewalk Tiles and the Concrete restoration.",
                "Project_St": "2025",
                "Project_En": "2026",
                "Project__1": "Ongoing",
                "Estimated_": "4612379",
                "Additional": "None",
                "OLD___Brie": "Removal of the Epoxy Layer Overlay, and the Sidewalk Tiles and the Concrete restoration.",
                "MUNICUID": "34",
                "MUNICID": "01",
                "NAME": "MIAMI",
                "FIPSCODE": "1245000",
                "CREATEDBY": "None",
                "CREATEDDAT": "12/31/1899",
                "MODIFIEDBY": "None",
                "MODIFIEDDA": "12/31/1899",
                "GlobalID": "df52bf02-7c6d-4658-b2cc-c2ddb8cd5281"
            },
            "geometry": {
                "type": "Point",
                "coordinates": [
                    -80.187220439999976,
                    25.765660450000041
                ]
            }
        },
        {
            "type": "Feature",
            "properties": {
                "Join_Count": "1",
                "TARGET_FID": "142",
                "Project_Na": "City of Miami Immediate Flood Control: Install 79 Backflow Valves Citywide",
                "Latitude": "25.77893568",
                "Longitude": "-80.20833455",
                "City": "Miami",
                "Link_to_Da": "https://www.miami.gov/My-Government/Departments/Office-of-Capital-Improvements/Capital-Improvements-Projects-Construction-Notices-Per-District/City-Wide-Projects/Tidal-Backflow-Valves-Installation",
                "Implementa": "Resilience and Public Works Department",
                "Infrastruc": "Gray",
                "Categories": "Flood Control Infrastructure",
                "Disaster_F": "Multi-hazard",
                "New_15_25_": "Installing Backflow Valves (Citywide) to mitigate sea level rise and flooding.",
                "Project_St": "2022",
                "Project_En": "2027",
                "Project__1": "Ongoing",
                "Estimated_": "40084000",
                "Additional": "None",
                "OLD___Brie": "The City of Miami is working to install Backflow Valves (Citywide) to mitigate sea level rise and flooding.",
                "MUNICUID": "34",
                "MUNICID": "01",
                "NAME": "MIAMI",
                "FIPSCODE": "1245000",
                "CREATEDBY": "None",
                "CREATEDDAT": "12/31/1899",
                "MODIFIEDBY": "None",
                "MODIFIEDDA": "12/31/1899",
                "GlobalID": "df52bf02-7c6d-4658-b2cc-c2ddb8cd5281"
            },
            "geometry": {
                "type": "Point",
                "coordinates": [
                    -80.208334549999961,
                    25.778935680000075
                ]
            }
        },
        {
            "type": "Feature",
            "properties": {
                "Join_Count": "1",
                "TARGET_FID": "143",
                "Project_Na": "Stormwater pump & detention upgrades (village projects)",
                "Latitude": "25.871",
                "Longitude": "-80.187",
                "City": "Miami Shores",
                "Link_to_Da": "https://www.msvfl.gov/StormwaterMasterPlan(SWMP)#:~:text=Project%20Information,Shores'%20environmental%20and%20resiliency%20goals.",
                "Implementa": "Village of Miami Shores",
                "Infrastruc": "Gray",
                "Categories": "Flood Control Infrastructure",
                "Disaster_F": "Flooding",
                "New_15_25_": "Stormwater infrastructure & roadway improvements to alleviate localized flooding affecting  650 properties. Prioritize up to 10 major stormwater improvement projects.",
                "Project_St": "2025",
                "Project_En": "2028",
                "Project__1": "Ongoing",
                "Estimated_": "10070651",
                "Additional": "None",
                "OLD___Brie": "Stormwater infrastructure & roadway improvements to alleviate localized flooding affecting  650 properties. Prioritize up to 10 major stormwater improvement projects.",
                "MUNICUID": "27",
                "MUNICID": "11",
                "NAME": "MIAMI SHORES",
                "FIPSCODE": "1245175",
                "CREATEDBY": "None",
                "CREATEDDAT": "12/31/1899",
                "MODIFIEDBY": "None",
                "MODIFIEDDA": "12/31/1899",
                "GlobalID": "20c407a4-6b41-42ad-af3a-c59b433a9f43"
            },
            "geometry": {
                "type": "Point",
                "coordinates": [
                    -80.187,
                    25.871
                ]
            }
        },
        {
            "type": "Feature",
            "properties": {
                "Join_Count": "1",
                "TARGET_FID": "144",
                "Project_Na": "Traffic Circle at North Bayshore Drive",
                "Latitude": "25.79203326",
                "Longitude": "-80.18709561",
                "City": "Miami",
                "Link_to_Da": "https://www.miami.gov/My-Government/Departments/Resilience-and-Public-Works/Resilience-and-Public-Works-Projects-Per-District/District-2-Resilience-and-Public-Works-Projects/Traffic-Circle-at-North-Bayshore-Drive",
                "Implementa": "Department of Resilience and Public Works",
                "Infrastruc": "Hybrid",
                "Categories": "Flood Control Infrastructure",
                "Disaster_F": "Multi-hazard",
                "New_15_25_": "Design and construction of a traffic circle and roadway improvements including drainage.",
                "Project_St": "2025",
                "Project_En": "2026",
                "Project__1": "Ongoing",
                "Estimated_": "2256708",
                "Additional": "None",
                "OLD___Brie": "Design and construction of a traffic circle and roadway improvements including drainage.",
                "MUNICUID": "34",
                "MUNICID": "01",
                "NAME": "MIAMI",
                "FIPSCODE": "1245000",
                "CREATEDBY": "None",
                "CREATEDDAT": "12/31/1899",
                "MODIFIEDBY": "None",
                "MODIFIEDDA": "12/31/1899",
                "GlobalID": "df52bf02-7c6d-4658-b2cc-c2ddb8cd5281"
            },
            "geometry": {
                "type": "Point",
                "coordinates": [
                    -80.187095609999972,
                    25.792033260000039
                ]
            }
        },
        {
            "type": "Feature",
            "properties": {
                "Join_Count": "1",
                "TARGET_FID": "145",
                "Project_Na": "Replacement of 8 Seawalls in Edgewater",
                "Latitude": "25.8058901",
                "Longitude": "-80.18542254",
                "City": "Miami",
                "Link_to_Da": "https://www.miami.gov/My-Government/Departments/Resilience-and-Public-Works/Resilience-and-Public-Works-Projects-Per-District/District-2-Resilience-and-Public-Works-Projects/Replacement-of-8-Seawalls-in-Edgewater-D2",
                "Implementa": "Department of Resilience and Public Works",
                "Infrastruc": "Gray",
                "Categories": "Shoreline Protection",
                "Disaster_F": "Flooding",
                "New_15_25_": "Design and construction of eight seawalls in the Edgewater neighborhood.",
                "Project_St": "2026",
                "Project_En": "2027",
                "Project__1": "Ongoing",
                "Estimated_": "3541662",
                "Additional": "None",
                "OLD___Brie": "Design and construction of eight seawalls in the Edgewater neighborhood.",
                "MUNICUID": "34",
                "MUNICID": "01",
                "NAME": "MIAMI",
                "FIPSCODE": "1245000",
                "CREATEDBY": "None",
                "CREATEDDAT": "12/31/1899",
                "MODIFIEDBY": "None",
                "MODIFIEDDA": "12/31/1899",
                "GlobalID": "df52bf02-7c6d-4658-b2cc-c2ddb8cd5281"
            },
            "geometry": {
                "type": "Point",
                "coordinates": [
                    -80.185422539999934,
                    25.805890100000056
                ]
            }
        },
        {
            "type": "Feature",
            "properties": {
                "Join_Count": "1",
                "TARGET_FID": "146",
                "Project_Na": "Edgewater Neighborhood Flood Improvements",
                "Latitude": "25.7991778",
                "Longitude": "-80.18815749",
                "City": "Miami",
                "Link_to_Da": "https://www.miami.gov/My-Government/Departments/Resilience-and-Public-Works/Resilience-and-Public-Works-Projects-Per-District/District-2-Resilience-and-Public-Works-Projects/Edgewater-Neighborhood-Flood-Improvements",
                "Implementa": "Department of Resilience and Public Works",
                "Infrastruc": "Gray",
                "Categories": "Flood Control Infrastructure",
                "Disaster_F": "Flooding",
                "New_15_25_": "Design of a stormwater infrastructure and roadway improvements for stormwater pipes.",
                "Project_St": "2026",
                "Project_En": "2027",
                "Project__1": "Ongoing",
                "Estimated_": "31542898",
                "Additional": "None",
                "OLD___Brie": "Design of a stormwater infrastructure and roadway improvements for stormwater pipes.",
                "MUNICUID": "34",
                "MUNICID": "01",
                "NAME": "MIAMI",
                "FIPSCODE": "1245000",
                "CREATEDBY": "None",
                "CREATEDDAT": "12/31/1899",
                "MODIFIEDBY": "None",
                "MODIFIEDDA": "12/31/1899",
                "GlobalID": "df52bf02-7c6d-4658-b2cc-c2ddb8cd5281"
            },
            "geometry": {
                "type": "Point",
                "coordinates": [
                    -80.18815748999998,
                    25.799177800000052
                ]
            }
        },
        {
            "type": "Feature",
            "properties": {
                "Join_Count": "1",
                "TARGET_FID": "147",
                "Project_Na": "S-27 Coastal Structure and C-7 Basin  Resiliency",
                "Latitude": "25.85021887",
                "Longitude": "-80.18911728",
                "City": "Miami-Dade County",
                "Link_to_Da": "https://www.sfwmd.gov/sites/default/files/documents/FloodResiliency_SFWMD_2023ConsolidatedAnnualReport.pdf",
                "Implementa": "SFWMD",
                "Infrastruc": "Blue",
                "Categories": "Flood Control Infrastructure",
                "Disaster_F": "Multi-hazard",
                "New_15_25_": "Enhance flood resilience in the C-7 Basin by upgrading the S-27 structure, adding a new pump station, and implementing nature-based features",
                "Project_St": "2022",
                "Project_En": "2024",
                "Project__1": "Ongoing",
                "Estimated_": "126870189",
                "Additional": "None",
                "OLD___Brie": "Similar to above",
                "MUNICUID": "34",
                "MUNICID": "01",
                "NAME": "MIAMI",
                "FIPSCODE": "1245000",
                "CREATEDBY": "None",
                "CREATEDDAT": "12/31/1899",
                "MODIFIEDBY": "None",
                "MODIFIEDDA": "12/31/1899",
                "GlobalID": "df52bf02-7c6d-4658-b2cc-c2ddb8cd5281"
            },
            "geometry": {
                "type": "Point",
                "coordinates": [
                    -80.189117279999948,
                    25.850218870000049
                ]
            }
        },
        {
            "type": "Feature",
            "properties": {
                "Join_Count": "1",
                "TARGET_FID": "148",
                "Project_Na": "City of North Miami Good Neighbor Stormwater Park",
                "Latitude": "25.90828796",
                "Longitude": "-80.18093533",
                "City": "North Miami",
                "Link_to_Da": "https://www.northmiamifl.gov/987/Stormwater-Park",
                "Implementa": "City of North Miami",
                "Infrastruc": "Hybrid",
                "Categories": "Green Infrastructure",
                "Disaster_F": "Flooding",
                "New_15_25_": "Transforming an empty flood prone parking lot into a educational space for community members by installing a retention pond with art pieces surrounding it that resembles climate change (flooding awareness).",
                "Project_St": "2019",
                "Project_En": "2020",
                "Project__1": "Completed",
                "Estimated_": "86000",
                "Additional": "None",
                "OLD___Brie": "Van Alen Institute and Urban Impact Lab are transforming an empty flood prone parking lot into a educational space for community members. The design aspect is to install a retention pond and have art work pieces surrounding it  that resembles climate cha",
                "MUNICUID": "10",
                "MUNICID": "06",
                "NAME": "NORTH MIAMI",
                "FIPSCODE": "1249450",
                "CREATEDBY": "None",
                "CREATEDDAT": "12/31/1899",
                "MODIFIEDBY": "E316899",
                "MODIFIEDDA": "02/18/2021",
                "GlobalID": "7a531bfb-19e3-4b7d-b354-bda553d619cc"
            },
            "geometry": {
                "type": "Point",
                "coordinates": [
                    -80.180935329999954,
                    25.908287960000052
                ]
            }
        },
        {
            "type": "Feature",
            "properties": {
                "Join_Count": "1",
                "TARGET_FID": "149",
                "Project_Na": "Brickell and Coconut Grove Seawalls Improvements",
                "Latitude": "25.73575807",
                "Longitude": "-80.22374447",
                "City": "Miami",
                "Link_to_Da": "https://www.miami.gov/My-Government/Departments/Resilience-and-Public-Works/Resilience-and-Public-Works-Projects-Per-District/District-2-Resilience-and-Public-Works-Projects/Brickell-and-Coconut-Grove-Seawalls-Improvements",
                "Implementa": "Department of Resilience and Public Works",
                "Infrastruc": "Gray",
                "Categories": "Shoreline Protection",
                "Disaster_F": "Flooding",
                "New_15_25_": "Design and construction of three seawalls in the South Grove neighborhoods.",
                "Project_St": "2026",
                "Project_En": "2027",
                "Project__1": "Ongoing",
                "Estimated_": "1659265",
                "Additional": "None",
                "OLD___Brie": "Design and construction of three seawalls in the South Grove neighborhoods.",
                "MUNICUID": "34",
                "MUNICID": "01",
                "NAME": "MIAMI",
                "FIPSCODE": "1245000",
                "CREATEDBY": "None",
                "CREATEDDAT": "12/31/1899",
                "MODIFIEDBY": "None",
                "MODIFIEDDA": "12/31/1899",
                "GlobalID": "df52bf02-7c6d-4658-b2cc-c2ddb8cd5281"
            },
            "geometry": {
                "type": "Point",
                "coordinates": [
                    -80.223744469999986,
                    25.735758070000031
                ]
            }
        },
        {
            "type": "Feature",
            "properties": {
                "Join_Count": "1",
                "TARGET_FID": "150",
                "Project_Na": "Mary Brickell Village Drainage Improvements PH II",
                "Latitude": "25.76353487",
                "Longitude": "-80.19418651",
                "City": "Miami",
                "Link_to_Da": "https://www.miami.gov/My-Government/Departments/Resilience-and-Public-Works/Resilience-and-Public-Works-Projects-Per-District/District-3-Resilience-and-Public-Works-Projects/Mary-Brickell-Village-Drainage-Improvements-PH-II",
                "Implementa": "Department of Resilience and Public Works",
                "Infrastruc": "Gray",
                "Categories": "Flood Control Infrastructure",
                "Disaster_F": "Flooding",
                "New_15_25_": "Design and construction of stormwater infrastructure and roadway improvements.",
                "Project_St": "2026",
                "Project_En": "2027",
                "Project__1": "Ongoing",
                "Estimated_": "1616006",
                "Additional": "None",
                "OLD___Brie": "Design and construction of stormwater infrastructure and roadway improvements.",
                "MUNICUID": "34",
                "MUNICID": "01",
                "NAME": "MIAMI",
                "FIPSCODE": "1245000",
                "CREATEDBY": "None",
                "CREATEDDAT": "12/31/1899",
                "MODIFIEDBY": "None",
                "MODIFIEDDA": "12/31/1899",
                "GlobalID": "df52bf02-7c6d-4658-b2cc-c2ddb8cd5281"
            },
            "geometry": {
                "type": "Point",
                "coordinates": [
                    -80.194186509999952,
                    25.763534870000058
                ]
            }
        },
        {
            "type": "Feature",
            "properties": {
                "Join_Count": "1",
                "TARGET_FID": "151",
                "Project_Na": "Brickell Ave from SE 15 Road to SE 8 Street",
                "Latitude": "25.7582163",
                "Longitude": "-80.19287611",
                "City": "Miami",
                "Link_to_Da": "https://miamigis.maps.arcgis.com/apps/webappviewer/index.html?id=37a66e44b32541ad9a4b11d5a5102c52",
                "Implementa": "Miami Dade County",
                "Infrastruc": "Gray",
                "Categories": "Flood Control Infrastructure",
                "Disaster_F": "Multi-hazard",
                "New_15_25_": "Design and construction of roadway improvements including sidewalk restoration, driveway repairs, gutter restoration.",
                "Project_St": "2025",
                "Project_En": "2027",
                "Project__1": "Ongoing",
                "Estimated_": "6600000",
                "Additional": "None",
                "OLD___Brie": "Design and construction of roadway improvements including sidewalk restoration, driveway repairs, gutter restoration.",
                "MUNICUID": "34",
                "MUNICID": "01",
                "NAME": "MIAMI",
                "FIPSCODE": "1245000",
                "CREATEDBY": "None",
                "CREATEDDAT": "12/31/1899",
                "MODIFIEDBY": "None",
                "MODIFIEDDA": "12/31/1899",
                "GlobalID": "df52bf02-7c6d-4658-b2cc-c2ddb8cd5281"
            },
            "geometry": {
                "type": "Point",
                "coordinates": [
                    -80.192876109999986,
                    25.758216300000072
                ]
            }
        },
        {
            "type": "Feature",
            "properties": {
                "Join_Count": "1",
                "TARGET_FID": "152",
                "Project_Na": "S-25B Coastal Structure Resiliency",
                "Latitude": "25.79337227",
                "Longitude": "-80.26428512",
                "City": "Miami",
                "Link_to_Da": "https://www.sfwmd.gov/sites/default/files/FDEP_ResilientFlorida_ResilientProjectsPlan_09_01-2021.pdf",
                "Implementa": "SFWMD",
                "Infrastruc": "Gray",
                "Categories": "Flood Control Infrastructure",
                "Disaster_F": "Flooding",
                "New_15_25_": "Upgrade S-25B spillway to enhance resilience against sea-level rise and flooding, improving flood control capacity in the C-4 Canal.",
                "Project_St": "Null",
                "Project_En": "Null",
                "Project__1": "Ongoing",
                "Estimated_": "108469363",
                "Additional": "None",
                "OLD___Brie": "additional forward pump; tie the structure to higher land elevations",
                "MUNICUID": "34",
                "MUNICID": "01",
                "NAME": "MIAMI",
                "FIPSCODE": "1245000",
                "CREATEDBY": "None",
                "CREATEDDAT": "12/31/1899",
                "MODIFIEDBY": "None",
                "MODIFIEDDA": "12/31/1899",
                "GlobalID": "df52bf02-7c6d-4658-b2cc-c2ddb8cd5281"
            },
            "geometry": {
                "type": "Point",
                "coordinates": [
                    -80.264285119999954,
                    25.793372270000077
                ]
            }
        },
        {
            "type": "Feature",
            "properties": {
                "Join_Count": "1",
                "TARGET_FID": "153",
                "Project_Na": "Miami River Greenway & Shoreline Repair (City/County)",
                "Latitude": "25.7699881",
                "Longitude": "-80.19464259",
                "City": "Miami-Dade County",
                "Link_to_Da": "https://www.tpl.org/our-work/miami-greenway#:~:text=Free%2Dflowing%20water%20can%20transform,rallying%20communities%20around%20natural%20resources.",
                "Implementa": "City of Miami and Miami Dade County",
                "Infrastruc": "Green",
                "Categories": "Green Infrastructure",
                "Disaster_F": "Multi-hazard",
                "New_15_25_": "Greenway creation and shoreline stabilization projects along the Miami River.",
                "Project_St": "2017",
                "Project_En": "2027",
                "Project__1": "Ongoing",
                "Estimated_": "0",
                "Additional": "None",
                "OLD___Brie": "Greenway creation and shoreline stabilization projects along the Miami River.",
                "MUNICUID": "34",
                "MUNICID": "01",
                "NAME": "MIAMI",
                "FIPSCODE": "1245000",
                "CREATEDBY": "None",
                "CREATEDDAT": "12/31/1899",
                "MODIFIEDBY": "None",
                "MODIFIEDDA": "12/31/1899",
                "GlobalID": "df52bf02-7c6d-4658-b2cc-c2ddb8cd5281"
            },
            "geometry": {
                "type": "Point",
                "coordinates": [
                    -80.194642589999944,
                    25.769988100000035
                ]
            }
        },
        {
            "type": "Feature",
            "properties": {
                "Join_Count": "1",
                "TARGET_FID": "154",
                "Project_Na": "G-93 Coastal Structure Resiliency",
                "Latitude": "25.73851538",
                "Longitude": "-80.28697218",
                "City": "Miami-Dade County",
                "Link_to_Da": "https://www.sfwmd.gov/sites/default/files/FDEP_ResilientFlorida_ResilientProjectsPlan_09_01-2021.pdf",
                "Implementa": "SFWMD",
                "Infrastruc": "Gray",
                "Categories": "Flood Control Infrastructure",
                "Disaster_F": "Flooding",
                "New_15_25_": "Upgrade the G-93 spillway with structural enhancements and a forward pump to improve flood resilience and conveyance capacity in Coral Gables.",
                "Project_St": "Null",
                "Project_En": "Null",
                "Project__1": "Ongoing",
                "Estimated_": "54353860",
                "Additional": "None",
                "OLD___Brie": "structure enhancement, forward pump, flood barrier",
                "MUNICUID": "1",
                "MUNICID": "30",
                "NAME": "UNINCORPORATED MIAMI-DADE",
                "FIPSCODE": "0",
                "CREATEDBY": "E316899",
                "CREATEDDAT": "06/22/2023",
                "MODIFIEDBY": "E316899",
                "MODIFIEDDA": "06/22/2023",
                "GlobalID": "b0f0eaf9-b39e-4f70-ae21-2ef071a9e234"
            },
            "geometry": {
                "type": "Point",
                "coordinates": [
                    -80.286972179999964,
                    25.738515380000024
                ]
            }
        },
        {
            "type": "Feature",
            "properties": {
                "Join_Count": "1",
                "TARGET_FID": "155",
                "Project_Na": "Mary Brickell Village Drainage Improvements Phase I",
                "Latitude": "25.76270413",
                "Longitude": "-80.19508915",
                "City": "Miami",
                "Link_to_Da": "https://www.miami.gov/My-Government/Departments/Resilience-and-Public-Works/Resilience-and-Public-Works-Projects-Per-District/District-3-Resilience-and-Public-Works-Projects/Mary-Brickell-Village-Drainage-Improvements-PH-I",
                "Implementa": "Department of Resilience and Public Works",
                "Infrastruc": "Gray",
                "Categories": "Flood Control Infrastructure",
                "Disaster_F": "Flooding",
                "New_15_25_": "Design and construction of stormwater infrastructure improvements and associated roadway work, including a pump station.",
                "Project_St": "2019",
                "Project_En": "2022",
                "Project__1": "Completed",
                "Estimated_": "5423619",
                "Additional": "None",
                "OLD___Brie": "None",
                "MUNICUID": "34",
                "MUNICID": "01",
                "NAME": "MIAMI",
                "FIPSCODE": "1245000",
                "CREATEDBY": "None",
                "CREATEDDAT": "12/31/1899",
                "MODIFIEDBY": "None",
                "MODIFIEDDA": "12/31/1899",
                "GlobalID": "df52bf02-7c6d-4658-b2cc-c2ddb8cd5281"
            },
            "geometry": {
                "type": "Point",
                "coordinates": [
                    -80.195089149999944,
                    25.762704130000031
                ]
            }
        },
        {
            "type": "Feature",
            "properties": {
                "Join_Count": "1",
                "TARGET_FID": "156",
                "Project_Na": "Buena Vista Local Drainage and Road Improvements",
                "Latitude": "25.82043461",
                "Longitude": "-80.19286801",
                "City": "Miami",
                "Link_to_Da": "https://www.miami.gov/My-Government/Departments/Resilience-and-Public-Works/Resilience-and-Public-Works-Projects-Per-District/District-5-Resilience-and-Public-Works-Projects/Buena-Vista-Local-Drainage-and-Road-Improvements",
                "Implementa": "Department of Resilience and Public Works",
                "Infrastruc": "Gray",
                "Categories": "Flood Control Infrastructure",
                "Disaster_F": "Flooding",
                "New_15_25_": "Design and construction of right-of-way improvements including drainage system, partial roadway reconstruction, milling.",
                "Project_St": "2026",
                "Project_En": "2027",
                "Project__1": "Ongoing",
                "Estimated_": "5497511",
                "Additional": "None",
                "OLD___Brie": "Design and construction of right-of-way improvements including drainage system, partial roadway reconstruction, milling.",
                "MUNICUID": "34",
                "MUNICID": "01",
                "NAME": "MIAMI",
                "FIPSCODE": "1245000",
                "CREATEDBY": "None",
                "CREATEDDAT": "12/31/1899",
                "MODIFIEDBY": "None",
                "MODIFIEDDA": "12/31/1899",
                "GlobalID": "df52bf02-7c6d-4658-b2cc-c2ddb8cd5281"
            },
            "geometry": {
                "type": "Point",
                "coordinates": [
                    -80.192868009999984,
                    25.820434610000063
                ]
            }
        },
        {
            "type": "Feature",
            "properties": {
                "Join_Count": "1",
                "TARGET_FID": "157",
                "Project_Na": "C-8 Basin Septic-to-sewer conversions project",
                "Latitude": "25.69167271",
                "Longitude": "-80.29086875",
                "City": "South Miami",
                "Link_to_Da": "https://southmiamifl.gov/806/Septic-to-Sewer-Information",
                "Implementa": "The City of South Miami",
                "Infrastruc": "Hybrid",
                "Categories": "Connectivity",
                "Disaster_F": "Flooding",
                "New_15_25_": "Stormwater infrastructure and roadway improvements protecting ~650 properties as well as septic to swere conversions.",
                "Project_St": "2025",
                "Project_En": "2028",
                "Project__1": "Ongoing",
                "Estimated_": "10070651",
                "Additional": "None",
                "OLD___Brie": "8th Street Neighborhood Flood Improvements: stormwater infrastructure and roadway improvements protecting ~650 properties.",
                "MUNICUID": "69",
                "MUNICID": "09",
                "NAME": "SOUTH MIAMI",
                "FIPSCODE": "1267550",
                "CREATEDBY": "None",
                "CREATEDDAT": "12/31/1899",
                "MODIFIEDBY": "None",
                "MODIFIEDDA": "12/31/1899",
                "GlobalID": "469b1b5f-a0d3-4fbc-9ae6-550905d80a00"
            },
            "geometry": {
                "type": "Point",
                "coordinates": [
                    -80.290868749999959,
                    25.691672710000034
                ]
            }
        },
        {
            "type": "Feature",
            "properties": {
                "Join_Count": "1",
                "TARGET_FID": "158",
                "Project_Na": "Bayhomes Drive Drainage Improvements",
                "Latitude": "25.71531785",
                "Longitude": "-80.25294005",
                "City": "Miami",
                "Link_to_Da": "https://www.miami.gov/My-Government/Departments/Resilience-and-Public-Works/Resilience-and-Public-Works-Projects-Per-District/District-2-Resilience-and-Public-Works-Projects/Bayhomes-Drive-Drainage-Improvements",
                "Implementa": "Department of Resilience and Public Works",
                "Infrastruc": "Hybrid",
                "Categories": "Flood Control Infrastructure",
                "Disaster_F": "Flooding",
                "New_15_25_": "This project will help improve localized flooding that is experienced by the community.",
                "Project_St": "2025",
                "Project_En": "2026",
                "Project__1": "Ongoing",
                "Estimated_": "1050000",
                "Additional": "None",
                "OLD___Brie": "This project will help improve localized flooding that is experienced by the community.",
                "MUNICUID": "34",
                "MUNICID": "01",
                "NAME": "MIAMI",
                "FIPSCODE": "1245000",
                "CREATEDBY": "None",
                "CREATEDDAT": "12/31/1899",
                "MODIFIEDBY": "None",
                "MODIFIEDDA": "12/31/1899",
                "GlobalID": "df52bf02-7c6d-4658-b2cc-c2ddb8cd5281"
            },
            "geometry": {
                "type": "Point",
                "coordinates": [
                    -80.25294004999995,
                    25.715317850000076
                ]
            }
        },
        {
            "type": "Feature",
            "properties": {
                "Join_Count": "1",
                "TARGET_FID": "159",
                "Project_Na": "East Little Havana Streetscape Demonstration Project",
                "Latitude": "25.77128982",
                "Longitude": "-80.20098071",
                "City": "Little Havana",
                "Link_to_Da": "https://www.miami.gov/My-Government/Departments/Resilience-and-Public-Works/Resilience-and-Public-Works-Projects-Per-District/District-3-Resilience-and-Public-Works-Projects/East-Little-Havana-Streetscape-Demonstration-Project",
                "Implementa": "U.S. Department of Housing and Urban Development",
                "Infrastruc": "Hybrid",
                "Categories": "Green Infrastructure",
                "Disaster_F": "Extreme Heat",
                "New_15_25_": "Will assist with stormwater infrastructure, and extreme heat mitigation including landscape improvements and planting indigenious trees/plants.",
                "Project_St": "2025",
                "Project_En": "2025",
                "Project__1": "Completed",
                "Estimated_": "508176",
                "Additional": "None",
                "OLD___Brie": "This project will assist with stormwater infrastructure, and extreme heat mitigation including landscape improvements. Planting indigenious trees/plants.",
                "MUNICUID": "34",
                "MUNICID": "01",
                "NAME": "MIAMI",
                "FIPSCODE": "1245000",
                "CREATEDBY": "None",
                "CREATEDDAT": "12/31/1899",
                "MODIFIEDBY": "None",
                "MODIFIEDDA": "12/31/1899",
                "GlobalID": "df52bf02-7c6d-4658-b2cc-c2ddb8cd5281"
            },
            "geometry": {
                "type": "Point",
                "coordinates": [
                    -80.200980709999953,
                    25.77128982000005
                ]
            }
        },
        {
            "type": "Feature",
            "properties": {
                "Join_Count": "1",
                "TARGET_FID": "160",
                "Project_Na": "NE 3 Avenue from NE 54 Street to NE 59 Street Improvements",
                "Latitude": "25.82559787",
                "Longitude": "-80.18971559",
                "City": "Miami",
                "Link_to_Da": "https://www.miami.gov/My-Government/Departments/Resilience-and-Public-Works/Resilience-and-Public-Works-Projects-Per-District/District-5-Resilience-and-Public-Works-Projects/NE-3-Avenue-from-NE-54-Street-to-NE-59-Street",
                "Implementa": "Department of Resilience and Public Works",
                "Infrastruc": "Hybrid",
                "Categories": "Flood Control Infrastructure",
                "Disaster_F": "Multi-hazard",
                "New_15_25_": "Design and construction of roadway and drainage improvements including roadway reconstruction, swale reconstruction, sidewalk repairs, ADA ramps, drainage system, and pavement markings.",
                "Project_St": "2025",
                "Project_En": "2027",
                "Project__1": "Ongoing",
                "Estimated_": "3259046",
                "Additional": "None",
                "OLD___Brie": "Design and construction of roadway and drainage improvements including roadway reconstruction, swale reconstruction, sidewalk repairs, ADA ramps, drainage system, and pavement markings.",
                "MUNICUID": "34",
                "MUNICID": "01",
                "NAME": "MIAMI",
                "FIPSCODE": "1245000",
                "CREATEDBY": "None",
                "CREATEDDAT": "12/31/1899",
                "MODIFIEDBY": "None",
                "MODIFIEDDA": "12/31/1899",
                "GlobalID": "df52bf02-7c6d-4658-b2cc-c2ddb8cd5281"
            },
            "geometry": {
                "type": "Point",
                "coordinates": [
                    -80.189715589999935,
                    25.825597870000024
                ]
            }
        },
        {
            "type": "Feature",
            "properties": {
                "Join_Count": "1",
                "TARGET_FID": "161",
                "Project_Na": "NW 11 ST from NW 1 AVE to NW 2 AVE",
                "Latitude": "25.78479352",
                "Longitude": "-80.19593078",
                "City": "Miami",
                "Link_to_Da": "https://www.miami.gov/My-Government/Departments/Resilience-and-Public-Works/Resilience-and-Public-Works-Projects-Per-District/District-5-Resilience-and-Public-Works-Projects/NW-11-ST-from-NW-1-AVE-to-NW-2-AVE",
                "Implementa": "Department of Resilience and Public Works",
                "Infrastruc": "Gray",
                "Categories": "Flood Control Infrastructure",
                "Disaster_F": "Multi-hazard",
                "New_15_25_": "Design and construction of right-of-way improvements including roadway reconstruction, drainage system, driveway approaches.",
                "Project_St": "2025",
                "Project_En": "2027",
                "Project__1": "Ongoing",
                "Estimated_": "2175724",
                "Additional": "None",
                "OLD___Brie": "Design and construction of right-of-way improvements including roadway reconstruction, drainage system, driveway approaches.",
                "MUNICUID": "34",
                "MUNICID": "01",
                "NAME": "MIAMI",
                "FIPSCODE": "1245000",
                "CREATEDBY": "None",
                "CREATEDDAT": "12/31/1899",
                "MODIFIEDBY": "None",
                "MODIFIEDDA": "12/31/1899",
                "GlobalID": "df52bf02-7c6d-4658-b2cc-c2ddb8cd5281"
            },
            "geometry": {
                "type": "Point",
                "coordinates": [
                    -80.195930779999969,
                    25.784793520000051
                ]
            }
        },
        {
            "type": "Feature",
            "properties": {
                "Join_Count": "1",
                "TARGET_FID": "162",
                "Project_Na": "South West Wynwood Neighborhood Flood Improvements",
                "Latitude": "25.79811231",
                "Longitude": "-80.19900626",
                "City": "Miami",
                "Link_to_Da": "https://www.miami.gov/My-Government/Departments/Resilience-and-Public-Works/Resilience-and-Public-Works-Projects-Per-District/District-5-Resilience-and-Public-Works-Projects/South-West-Wynwood-Neighborhood-Flood-Improvements-NW-3rd-Ave-to-NW-5-Pl-NW-16th",
                "Implementa": "U.S. Department of Housing and Urban Development",
                "Infrastruc": "Gray",
                "Categories": "Flood Control Infrastructure",
                "Disaster_F": "Flooding",
                "New_15_25_": "Design and construction of stormwater infrastructure and associated roadway improvements including force mains, injection wells, pump station, new and upsized stormwater inlets and pipes, gravity wells, exfiltration trenches, roadway reconstruction.",
                "Project_St": "2028",
                "Project_En": "2030",
                "Project__1": "Ongoing",
                "Estimated_": "31698773",
                "Additional": "None",
                "OLD___Brie": "Design and construction of stormwater infrastructure and associated roadway improvements including force mains, injection wells, pump station, new and upsized stormwater inlets and pipes, gravity wells, exfiltration trenches, roadway reconstruction.",
                "MUNICUID": "34",
                "MUNICID": "01",
                "NAME": "MIAMI",
                "FIPSCODE": "1245000",
                "CREATEDBY": "None",
                "CREATEDDAT": "12/31/1899",
                "MODIFIEDBY": "None",
                "MODIFIEDDA": "12/31/1899",
                "GlobalID": "df52bf02-7c6d-4658-b2cc-c2ddb8cd5281"
            },
            "geometry": {
                "type": "Point",
                "coordinates": [
                    -80.199006259999976,
                    25.798112310000079
                ]
            }
        },
        {
            "type": "Feature",
            "properties": {
                "Join_Count": "1",
                "TARGET_FID": "163",
                "Project_Na": "Jose Martin Park Adaptive Re-Design (City of Miami)",
                "Latitude": "25.77141904",
                "Longitude": "-80.20051173",
                "City": "Miami",
                "Link_to_Da": "https://www.miami.gov/files/assets/public/v/2/document-resources/pdf-docs/capital-improvements/jose-marti-park-adaptive-redesign-eng-final.pdf",
                "Implementa": "City of Miami and Miami Dade County",
                "Infrastruc": "Hybrid",
                "Categories": "Green Infrastructure",
                "Disaster_F": "Extreme Heat",
                "New_15_25_": "13-acre waterfront park redesign incorporating green infrastructure, living shoreline, drainage wells.",
                "Project_St": "2019",
                "Project_En": "Null",
                "Project__1": "Ongoing",
                "Estimated_": "18000000",
                "Additional": "None",
                "OLD___Brie": "13-acre waterfront park redesign incorporating green infrastructure, living shoreline, drainage wells.",
                "MUNICUID": "34",
                "MUNICID": "01",
                "NAME": "MIAMI",
                "FIPSCODE": "1245000",
                "CREATEDBY": "None",
                "CREATEDDAT": "12/31/1899",
                "MODIFIEDBY": "None",
                "MODIFIEDDA": "12/31/1899",
                "GlobalID": "df52bf02-7c6d-4658-b2cc-c2ddb8cd5281"
            },
            "geometry": {
                "type": "Point",
                "coordinates": [
                    -80.20051172999996,
                    25.771419040000069
                ]
            }
        },
        {
            "type": "Feature",
            "properties": {
                "Join_Count": "1",
                "TARGET_FID": "164",
                "Project_Na": "The Underline",
                "Latitude": "25.76606346",
                "Longitude": "-80.19545297",
                "City": "Miami-Dade County",
                "Link_to_Da": "https://www.theunderline.org/2017/04/04/nature-conservancy-friends-underline-announce-partnership-help-create-greenspace-beneath-miamis-metrorail/#:~:text=news%20and%20updates:-,The%20Nature%20Conservancy%20and%20Friends%20of%20The%20Underline%20announce",
                "Implementa": "The Nature Conservancy",
                "Infrastruc": "Green",
                "Categories": "Green Infrastructure",
                "Disaster_F": "Extreme Heat",
                "New_15_25_": "Consists of an urban trail and a living art destination, with recreational opportunities to advocate for transformation and improvement for a greenway vision.",
                "Project_St": "2021",
                "Project_En": "2026",
                "Project__1": "Ongoing",
                "Estimated_": "156000000",
                "Additional": "None",
                "OLD___Brie": "The Underline would consists of a urban trail and a living art destination, with recreational opportunities. The Underline would advocate for transformation and improvement for a greenway vision.",
                "MUNICUID": "34",
                "MUNICID": "01",
                "NAME": "MIAMI",
                "FIPSCODE": "1245000",
                "CREATEDBY": "None",
                "CREATEDDAT": "12/31/1899",
                "MODIFIEDBY": "None",
                "MODIFIEDDA": "12/31/1899",
                "GlobalID": "df52bf02-7c6d-4658-b2cc-c2ddb8cd5281"
            },
            "geometry": {
                "type": "Point",
                "coordinates": [
                    -80.195452969999963,
                    25.766063460000055
                ]
            }
        },
        {
            "type": "Feature",
            "properties": {
                "Join_Count": "1",
                "TARGET_FID": "165",
                "Project_Na": "Miami Forever Climate Ready Storm Surge Barriers",
                "Latitude": "25.75788847",
                "Longitude": "-80.18833102",
                "City": "Miami-Dade County",
                "Link_to_Da": "https://usace.contentdm.oclc.org/utils/getfile/collection/p16021coll7/id/25747",
                "Implementa": "City of Miami Dade County",
                "Infrastruc": "Hybrid",
                "Categories": "Shoreline Protection",
                "Disaster_F": "Storm Surge",
                "New_15_25_": "Construct storm surge and tidal gateway barriers and other waterfront features to reduce risk from storm surge up Miami River, Little River, and other canals as needed.",
                "Project_St": "2020",
                "Project_En": "2027",
                "Project__1": "Ongoing",
                "Estimated_": "2660000000",
                "Additional": "None",
                "OLD___Brie": "Construct storm surge and tidal gateway barriers and other waterfront features to reduce risk from storm surge up Miami River, Little River, and other canals as needed.",
                "MUNICUID": "34",
                "MUNICID": "01",
                "NAME": "MIAMI",
                "FIPSCODE": "1245000",
                "CREATEDBY": "None",
                "CREATEDDAT": "12/31/1899",
                "MODIFIEDBY": "None",
                "MODIFIEDDA": "12/31/1899",
                "GlobalID": "df52bf02-7c6d-4658-b2cc-c2ddb8cd5281"
            },
            "geometry": {
                "type": "Point",
                "coordinates": [
                    -80.188331019999964,
                    25.757888470000069
                ]
            }
        },
        {
            "type": "Feature",
            "properties": {
                "Join_Count": "1",
                "TARGET_FID": "166",
                "Project_Na": "Allapattah Neighborhood Flooding Improvements",
                "Latitude": "25.8035014",
                "Longitude": "-80.21537398",
                "City": "Miami",
                "Link_to_Da": "https://www.miami.gov/My-Government/Departments/Resilience-and-Public-Works/Resilience-and-Public-Works-Projects-Per-District/District-1-Resilience-and-Public-Works-Projects/Allapattah-Neighborhood-Flood-Improvements",
                "Implementa": "City of Miami Resilience and Public Works Department",
                "Infrastruc": "Gray",
                "Categories": "Flood Control Infrastructure",
                "Disaster_F": "Flooding",
                "New_15_25_": "Design stormwater infrastructure and roadway improvements including stormwater pipes.",
                "Project_St": "2027",
                "Project_En": "2028",
                "Project__1": "Ongoing",
                "Estimated_": "27217412",
                "Additional": "None",
                "OLD___Brie": "Design stormwater infrastructure and roadway improvements including stormwater pipes.",
                "MUNICUID": "34",
                "MUNICID": "01",
                "NAME": "MIAMI",
                "FIPSCODE": "1245000",
                "CREATEDBY": "None",
                "CREATEDDAT": "12/31/1899",
                "MODIFIEDBY": "None",
                "MODIFIEDDA": "12/31/1899",
                "GlobalID": "df52bf02-7c6d-4658-b2cc-c2ddb8cd5281"
            },
            "geometry": {
                "type": "Point",
                "coordinates": [
                    -80.215373979999981,
                    25.803501400000073
                ]
            }
        },
        {
            "type": "Feature",
            "properties": {
                "Join_Count": "1",
                "TARGET_FID": "167",
                "Project_Na": "SW 15 Road from SW 3 Avenue and SW 11 Street",
                "Latitude": "25.7617732",
                "Longitude": "-80.1993394",
                "City": "Miami",
                "Link_to_Da": "https://www.miami.gov/My-Government/Departments/Resilience-and-Public-Works/Resilience-and-Public-Works-Projects-Per-District/District-3-Resilience-and-Public-Works-Projects/SW-15-Road-from-SW-3-Avenue-and-SW-11-Street",
                "Implementa": "Department of Resilience and Public Works",
                "Infrastruc": "Hybrid",
                "Categories": "Flood Control Infrastructure",
                "Disaster_F": "Multi-hazard",
                "New_15_25_": "Traffic study, pedestrian safety implementations, and stormwater infrastructure improvements.",
                "Project_St": "2027",
                "Project_En": "2028",
                "Project__1": "Ongoing",
                "Estimated_": "6734239",
                "Additional": "None",
                "OLD___Brie": "Traffic study, pedestrian safety implementations, and stormwater infrastructure improvements.",
                "MUNICUID": "34",
                "MUNICID": "01",
                "NAME": "MIAMI",
                "FIPSCODE": "1245000",
                "CREATEDBY": "None",
                "CREATEDDAT": "12/31/1899",
                "MODIFIEDBY": "None",
                "MODIFIEDDA": "12/31/1899",
                "GlobalID": "df52bf02-7c6d-4658-b2cc-c2ddb8cd5281"
            },
            "geometry": {
                "type": "Point",
                "coordinates": [
                    -80.199339399999985,
                    25.76177320000005
                ]
            }
        },
        {
            "type": "Feature",
            "properties": {
                "Join_Count": "1",
                "TARGET_FID": "168",
                "Project_Na": "Wagner Creek Embankment Stabilization",
                "Latitude": "25.79414779",
                "Longitude": "-80.22159856",
                "City": "Miami",
                "Link_to_Da": "https://www.miami.gov/My-Government/Departments/Resilience-and-Public-Works/Resilience-and-Public-Works-Projects-Per-District/District-1-Resilience-and-Public-Works-Projects/Wagner-Creek-Embankment-Stabilization",
                "Implementa": "City of Miami Resilience and Public Works Department",
                "Infrastruc": "Gray",
                "Categories": "Flood Control Infrastructure",
                "Disaster_F": "Flooding",
                "New_15_25_": "Design and construction of the embankments of Wagner Creek.",
                "Project_St": "2027",
                "Project_En": "2028",
                "Project__1": "Ongoing",
                "Estimated_": "3209097",
                "Additional": "None",
                "OLD___Brie": "Design and construction of the embankments of Wagner Creek.",
                "MUNICUID": "34",
                "MUNICID": "01",
                "NAME": "MIAMI",
                "FIPSCODE": "1245000",
                "CREATEDBY": "None",
                "CREATEDDAT": "12/31/1899",
                "MODIFIEDBY": "None",
                "MODIFIEDDA": "12/31/1899",
                "GlobalID": "df52bf02-7c6d-4658-b2cc-c2ddb8cd5281"
            },
            "geometry": {
                "type": "Point",
                "coordinates": [
                    -80.221598559999961,
                    25.794147790000068
                ]
            }
        },
        {
            "type": "Feature",
            "properties": {
                "Join_Count": "1",
                "TARGET_FID": "169",
                "Project_Na": "Glencoe Street Flood Improvements",
                "Latitude": "25.74110904",
                "Longitude": "-80.21870206",
                "City": "Miami",
                "Link_to_Da": "https://www.miami.gov/My-Government/Departments/Resilience-and-Public-Works/Resilience-and-Public-Works-Projects-Per-District/District-2-Resilience-and-Public-Works-Projects/Glencoe-Street-Flood-Improvements",
                "Implementa": "Miami Dade County",
                "Infrastruc": "Hybrid",
                "Categories": "Flood Control Infrastructure",
                "Disaster_F": "Flooding",
                "New_15_25_": "Will help localized flooding experienced by the community.",
                "Project_St": "2025",
                "Project_En": "2026",
                "Project__1": "Ongoing",
                "Estimated_": "1200000",
                "Additional": "None",
                "OLD___Brie": "This project will help localized flooding experienced by the community.",
                "MUNICUID": "34",
                "MUNICID": "01",
                "NAME": "MIAMI",
                "FIPSCODE": "1245000",
                "CREATEDBY": "None",
                "CREATEDDAT": "12/31/1899",
                "MODIFIEDBY": "None",
                "MODIFIEDDA": "12/31/1899",
                "GlobalID": "df52bf02-7c6d-4658-b2cc-c2ddb8cd5281"
            },
            "geometry": {
                "type": "Point",
                "coordinates": [
                    -80.218702059999941,
                    25.741109040000026
                ]
            }
        },
        {
            "type": "Feature",
            "properties": {
                "Join_Count": "1",
                "TARGET_FID": "170",
                "Project_Na": "8th Street Neighborhood Flood Improvements",
                "Latitude": "25.76497939",
                "Longitude": "-80.2225607",
                "City": "Miami",
                "Link_to_Da": "https://www.miami.gov/My-Government/Departments/Resilience-and-Public-Works/Resilience-and-Public-Works-Projects-Per-District/District-3-Resilience-and-Public-Works-Projects/8th-Street-Neighborhood-Flood-Improvements",
                "Implementa": "Department of Resilience and Public Works",
                "Infrastruc": "Hybrid",
                "Categories": "Flood Control Infrastructure",
                "Disaster_F": "Flooding",
                "New_15_25_": "Design and construction of stormwater infrastructure and roadway improvements.",
                "Project_St": "2027",
                "Project_En": "2028",
                "Project__1": "Ongoing",
                "Estimated_": "10070651",
                "Additional": "None",
                "OLD___Brie": "Design and construction of stormwater infrastructure and roadway improvements.",
                "MUNICUID": "34",
                "MUNICID": "01",
                "NAME": "MIAMI",
                "FIPSCODE": "1245000",
                "CREATEDBY": "None",
                "CREATEDDAT": "12/31/1899",
                "MODIFIEDBY": "None",
                "MODIFIEDDA": "12/31/1899",
                "GlobalID": "df52bf02-7c6d-4658-b2cc-c2ddb8cd5281"
            },
            "geometry": {
                "type": "Point",
                "coordinates": [
                    -80.222560699999974,
                    25.764979390000065
                ]
            }
        },
        {
            "type": "Feature",
            "properties": {
                "Join_Count": "1",
                "TARGET_FID": "171",
                "Project_Na": "East Little Havana Flood Improvements",
                "Latitude": "25.77315364",
                "Longitude": "-80.21631074",
                "City": "Miami",
                "Link_to_Da": "https://www.miami.gov/My-Government/Departments/Resilience-and-Public-Works/Resilience-and-Public-Works-Projects-Per-District/District-3-Resilience-and-Public-Works-Projects/East-Little-Havana-Flood-Improvements",
                "Implementa": "U.S. Department of Housing and Urban Development",
                "Infrastruc": "Gray",
                "Categories": "Flood Control Infrastructure",
                "Disaster_F": "Flooding",
                "New_15_25_": "Design and construction of stormwater infrastructure and roadway improvements.",
                "Project_St": "2028",
                "Project_En": "2030",
                "Project__1": "Ongoing",
                "Estimated_": "55733445",
                "Additional": "None",
                "OLD___Brie": "Design and construction of stormwater infrastructure and roadway improvements.",
                "MUNICUID": "34",
                "MUNICID": "01",
                "NAME": "MIAMI",
                "FIPSCODE": "1245000",
                "CREATEDBY": "None",
                "CREATEDDAT": "12/31/1899",
                "MODIFIEDBY": "None",
                "MODIFIEDDA": "12/31/1899",
                "GlobalID": "df52bf02-7c6d-4658-b2cc-c2ddb8cd5281"
            },
            "geometry": {
                "type": "Point",
                "coordinates": [
                    -80.216310739999983,
                    25.773153640000032
                ]
            }
        },
        {
            "type": "Feature",
            "properties": {
                "Join_Count": "1",
                "TARGET_FID": "172",
                "Project_Na": "SW 17 Street from SW 16 and SW 14 Avenue",
                "Latitude": "25.75739641",
                "Longitude": "-80.22028097",
                "City": "Miami",
                "Link_to_Da": "https://miamigis.maps.arcgis.com/apps/webappviewer/index.html?id=37a66e44b32541ad9a4b11d5a5102c52",
                "Implementa": "Miami Dade County",
                "Infrastruc": "Gray",
                "Categories": "Flood Control Infrastructure",
                "Disaster_F": "Multi-hazard",
                "New_15_25_": "Construction of right of way improvements, including milling and resurfacing, sidewalk repairs.",
                "Project_St": "2019",
                "Project_En": "2024",
                "Project__1": "Ongoing",
                "Estimated_": "88328",
                "Additional": "None",
                "OLD___Brie": "Construction of right of way improvements, including milling and resurfacing, sidewalk repairs.",
                "MUNICUID": "34",
                "MUNICID": "01",
                "NAME": "MIAMI",
                "FIPSCODE": "1245000",
                "CREATEDBY": "None",
                "CREATEDDAT": "12/31/1899",
                "MODIFIEDBY": "None",
                "MODIFIEDDA": "12/31/1899",
                "GlobalID": "df52bf02-7c6d-4658-b2cc-c2ddb8cd5281"
            },
            "geometry": {
                "type": "Point",
                "coordinates": [
                    -80.220280969999976,
                    25.757396410000069
                ]
            }
        },
        {
            "type": "Feature",
            "properties": {
                "Join_Count": "1",
                "TARGET_FID": "173",
                "Project_Na": "NW 30 Street Improvement",
                "Latitude": "25.80464478",
                "Longitude": "-80.22364824",
                "City": "Miami",
                "Link_to_Da": "https://www.miami.gov/My-Government/Departments/Resilience-and-Public-Works/Resilience-and-Public-Works-Projects-Per-District/District-1-Resilience-and-Public-Works-Projects/NW-30-Street-Improvement",
                "Implementa": "City of Miami Resilience and Public Works Department",
                "Infrastruc": "Gray",
                "Categories": "Flood Control Infrastructure",
                "Disaster_F": "Multi-hazard",
                "New_15_25_": "Design and construct right of way improvements by including roadway reconstruction, milling, and resurfacing.",
                "Project_St": "2025",
                "Project_En": "2026",
                "Project__1": "Ongoing",
                "Estimated_": "6300922",
                "Additional": "None",
                "OLD___Brie": "Design and construct right of way improvements by including roadway reconstruction, milling, and resurfacing.",
                "MUNICUID": "34",
                "MUNICID": "01",
                "NAME": "MIAMI",
                "FIPSCODE": "1245000",
                "CREATEDBY": "None",
                "CREATEDDAT": "12/31/1899",
                "MODIFIEDBY": "None",
                "MODIFIEDDA": "12/31/1899",
                "GlobalID": "df52bf02-7c6d-4658-b2cc-c2ddb8cd5281"
            },
            "geometry": {
                "type": "Point",
                "coordinates": [
                    -80.223648239999989,
                    25.804644780000046
                ]
            }
        },
        {
            "type": "Feature",
            "properties": {
                "Join_Count": "1",
                "TARGET_FID": "174",
                "Project_Na": "Little Havana Pedestrian Priority Zone - Phase I",
                "Latitude": "25.77900682",
                "Longitude": "-80.23119291",
                "City": "Little Havana",
                "Link_to_Da": "https://www.miami.gov/My-Government/Departments/Resilience-and-Public-Works/Resilience-and-Public-Works-Projects-Per-District/District-3-Resilience-and-Public-Works-Projects/Little-Havana-Pedestrian-Priority-Zone-Phase-I",
                "Implementa": "Department of Resilience and Public Works",
                "Infrastruc": "Green",
                "Categories": "Green Infrastructure",
                "Disaster_F": "Multi-hazard",
                "New_15_25_": "Design and construction of pederstrian safety and greenway improvements by landscaping.",
                "Project_St": "2025",
                "Project_En": "2026",
                "Project__1": "Ongoing",
                "Estimated_": "5504338",
                "Additional": "None",
                "OLD___Brie": "Design and construction of pederstrian safety and greenway improvements by landscaping.",
                "MUNICUID": "34",
                "MUNICID": "01",
                "NAME": "MIAMI",
                "FIPSCODE": "1245000",
                "CREATEDBY": "None",
                "CREATEDDAT": "12/31/1899",
                "MODIFIEDBY": "None",
                "MODIFIEDDA": "12/31/1899",
                "GlobalID": "df52bf02-7c6d-4658-b2cc-c2ddb8cd5281"
            },
            "geometry": {
                "type": "Point",
                "coordinates": [
                    -80.231192909999947,
                    25.779006820000063
                ]
            }
        },
        {
            "type": "Feature",
            "properties": {
                "Join_Count": "1",
                "TARGET_FID": "175",
                "Project_Na": "Little Havana Pedestrian Priority Zone - Phase II",
                "Latitude": "25.77624043",
                "Longitude": "-80.23100142",
                "City": "Miami",
                "Link_to_Da": "https://www.miami.gov/My-Government/Departments/Resilience-and-Public-Works/Resilience-and-Public-Works-Projects-Per-District/District-3-Resilience-and-Public-Works-Projects/Little-Havana-Pedestrian-Priority-Zone-Phase-II",
                "Implementa": "U.S. Department of Housing and Urban Development",
                "Infrastruc": "Green",
                "Categories": "Green Infrastructure",
                "Disaster_F": "Multi-hazard",
                "New_15_25_": "Design and construction of pederstrian safety, greenway improvements, and right of way improvements.",
                "Project_St": "2028",
                "Project_En": "2029",
                "Project__1": "Ongoing",
                "Estimated_": "9538660",
                "Additional": "None",
                "OLD___Brie": "Design and construction of pederstrian safety, greenway improvements, and right of way improvements.",
                "MUNICUID": "34",
                "MUNICID": "01",
                "NAME": "MIAMI",
                "FIPSCODE": "1245000",
                "CREATEDBY": "None",
                "CREATEDDAT": "12/31/1899",
                "MODIFIEDBY": "None",
                "MODIFIEDDA": "12/31/1899",
                "GlobalID": "df52bf02-7c6d-4658-b2cc-c2ddb8cd5281"
            },
            "geometry": {
                "type": "Point",
                "coordinates": [
                    -80.231001419999984,
                    25.77624043000003
                ]
            }
        },
        {
            "type": "Feature",
            "properties": {
                "Join_Count": "1",
                "TARGET_FID": "176",
                "Project_Na": "Miami River Greenway Curtis Park East",
                "Latitude": "25.7902472",
                "Longitude": "-80.23290567",
                "City": "Miami",
                "Link_to_Da": "https://www.miami.gov/My-Government/Departments/Resilience-and-Public-Works/Resilience-and-Public-Works-Projects-Per-District/District-1-Resilience-and-Public-Works-Projects/Miami-River-Greenway-Curtis-Park-East",
                "Implementa": "City of Miami Resilience and Public Works Department",
                "Infrastruc": "Green",
                "Categories": "Green Infrastructure",
                "Disaster_F": "Extreme Heat",
                "New_15_25_": "Design and construct greenway improvements when it comes to roadway improvements according to Miami River Greenway Master Plan.",
                "Project_St": "2026",
                "Project_En": "2027",
                "Project__1": "Ongoing",
                "Estimated_": "5757370",
                "Additional": "None",
                "OLD___Brie": "Design and construct greenway improvements when it comes to roadway improvements according to Miami River Greenway Master Plan.",
                "MUNICUID": "34",
                "MUNICID": "01",
                "NAME": "MIAMI",
                "FIPSCODE": "1245000",
                "CREATEDBY": "None",
                "CREATEDDAT": "12/31/1899",
                "MODIFIEDBY": "None",
                "MODIFIEDDA": "12/31/1899",
                "GlobalID": "df52bf02-7c6d-4658-b2cc-c2ddb8cd5281"
            },
            "geometry": {
                "type": "Point",
                "coordinates": [
                    -80.23290566999998,
                    25.790247200000067
                ]
            }
        },
        {
            "type": "Feature",
            "properties": {
                "Join_Count": "1",
                "TARGET_FID": "177",
                "Project_Na": "Shoreline Repair Mini Rapids Park",
                "Latitude": "25.79376212",
                "Longitude": "-80.24199846",
                "City": "Miami",
                "Link_to_Da": "https://www.miami.gov/My-Government/Departments/Resilience-and-Public-Works/Resilience-and-Public-Works-Projects-Per-District/District-1-Resilience-and-Public-Works-Projects/Shoreline-Repair-Mini-Rapids-Park",
                "Implementa": "Department of Resilience and Public Works",
                "Infrastruc": "Gray",
                "Categories": "Shoreline Protection",
                "Disaster_F": "Flooding",
                "New_15_25_": "Design and construction of improvements to stabilize short segments of the shoreline along the Miami River which will be treated as emergency type repairs.",
                "Project_St": "2027",
                "Project_En": "2027",
                "Project__1": "Ongoing",
                "Estimated_": "1338375",
                "Additional": "None",
                "OLD___Brie": "Design and construction of improvements to stabilize short segments of the shoreline along the Miami River which will be treated as emergency type repairs.",
                "MUNICUID": "34",
                "MUNICID": "01",
                "NAME": "MIAMI",
                "FIPSCODE": "1245000",
                "CREATEDBY": "None",
                "CREATEDDAT": "12/31/1899",
                "MODIFIEDBY": "None",
                "MODIFIEDDA": "12/31/1899",
                "GlobalID": "df52bf02-7c6d-4658-b2cc-c2ddb8cd5281"
            },
            "geometry": {
                "type": "Point",
                "coordinates": [
                    -80.241998459999934,
                    25.793762120000054
                ]
            }
        },
        {
            "type": "Feature",
            "properties": {
                "Join_Count": "1",
                "TARGET_FID": "178",
                "Project_Na": "Golden Pines Roadway Improvements",
                "Latitude": "25.74572784",
                "Longitude": "-80.24627651",
                "City": "Miami",
                "Link_to_Da": "https://www.miami.gov/My-Government/Departments/Resilience-and-Public-Works/Resilience-and-Public-Works-Projects-Per-District/District-4-Resilience-and-Public-Works-Projects/Golden-Pines-Roadway-Improvements",
                "Implementa": "Department of Resilience and Public Works",
                "Infrastruc": "Gray",
                "Categories": "Flood Control Infrastructure",
                "Disaster_F": "Multi-hazard",
                "New_15_25_": "New 8inch water main, new driveways, sidewalks, and curbs.",
                "Project_St": "2023",
                "Project_En": "2023",
                "Project__1": "Completed",
                "Estimated_": "6521515",
                "Additional": "None",
                "OLD___Brie": "New 8inch water main, new driveways, sidewalks, and curbs.",
                "MUNICUID": "34",
                "MUNICID": "01",
                "NAME": "MIAMI",
                "FIPSCODE": "1245000",
                "CREATEDBY": "None",
                "CREATEDDAT": "12/31/1899",
                "MODIFIEDBY": "None",
                "MODIFIEDDA": "12/31/1899",
                "GlobalID": "df52bf02-7c6d-4658-b2cc-c2ddb8cd5281"
            },
            "geometry": {
                "type": "Point",
                "coordinates": [
                    -80.246276509999973,
                    25.745727840000029
                ]
            }
        },
        {
            "type": "Feature",
            "properties": {
                "Join_Count": "1",
                "TARGET_FID": "179",
                "Project_Na": "Clemente Park Neighborhood Flood Improvements",
                "Latitude": "25.805017",
                "Longitude": "-80.19512602",
                "City": "Miami",
                "Link_to_Da": "https://www.miami.gov/My-Government/Departments/Resilience-and-Public-Works/Resilience-and-Public-Works-Projects-Per-District/District-5-Resilience-and-Public-Works-Projects/Clemente-Neighborhood-Flood-Improvements",
                "Implementa": "Resilience and Public Works Department",
                "Infrastruc": "Gray",
                "Categories": "Flood Control Infrastructure",
                "Disaster_F": "Flooding",
                "New_15_25_": "Implements stormwater and right-of-way improvements including upgraded inlets, pipes, trenches, roadway reconstruction, ADA ramps, signage, and potentially an 8-inch water main with fire hydrants.",
                "Project_St": "2027",
                "Project_En": "2028",
                "Project__1": "Ongoing",
                "Estimated_": "14734730",
                "Additional": "None",
                "OLD___Brie": "Design and construction of stormwater infrastructure and right-of-way improvements including new and upsized stormwater inlets and pipes, gravity well, exfiltration trenches, roadway reconstruction, milling and resurfacing, curbs and gutters, ADA ramps,",
                "MUNICUID": "34",
                "MUNICID": "01",
                "NAME": "MIAMI",
                "FIPSCODE": "1245000",
                "CREATEDBY": "None",
                "CREATEDDAT": "12/31/1899",
                "MODIFIEDBY": "None",
                "MODIFIEDDA": "12/31/1899",
                "GlobalID": "df52bf02-7c6d-4658-b2cc-c2ddb8cd5281"
            },
            "geometry": {
                "type": "Point",
                "coordinates": [
                    -80.195126019999975,
                    25.805017
                ]
            }
        },
        {
            "type": "Feature",
            "properties": {
                "Join_Count": "1",
                "TARGET_FID": "180",
                "Project_Na": "Melrose Neighborhood Flood Improvements",
                "Latitude": "25.80581488",
                "Longitude": "-80.22984434",
                "City": "Miami",
                "Link_to_Da": "https://www.miami.gov/My-Government/Departments/Resilience-and-Public-Works/Resilience-and-Public-Works-Projects-Per-District/District-1-Resilience-and-Public-Works-Projects/Melrose-Neighborhood-Flood-Improvements",
                "Implementa": "City of Miami Resilience and Public Works Department",
                "Infrastruc": "Gray",
                "Categories": "Flood Control Infrastructure",
                "Disaster_F": "Flooding",
                "New_15_25_": "Design stormwater infrastructure and roadway improvements including stormwater pipes.",
                "Project_St": "2027",
                "Project_En": "2029",
                "Project__1": "Ongoing",
                "Estimated_": "11029882",
                "Additional": "None",
                "OLD___Brie": "Design stormwater infrastructure and roadway improvements including stormwater pipes.",
                "MUNICUID": "34",
                "MUNICID": "01",
                "NAME": "MIAMI",
                "FIPSCODE": "1245000",
                "CREATEDBY": "None",
                "CREATEDDAT": "12/31/1899",
                "MODIFIEDBY": "None",
                "MODIFIEDDA": "12/31/1899",
                "GlobalID": "df52bf02-7c6d-4658-b2cc-c2ddb8cd5281"
            },
            "geometry": {
                "type": "Point",
                "coordinates": [
                    -80.229844339999943,
                    25.805814880000071
                ]
            }
        },
        {
            "type": "Feature",
            "properties": {
                "Join_Count": "1",
                "TARGET_FID": "181",
                "Project_Na": "S-25 Coastal Structure Resiliency",
                "Latitude": "25.78339005",
                "Longitude": "-80.23968913",
                "City": "Miami",
                "Link_to_Da": "https://www.sfwmd.gov/sites/default/files/FDEP_ResilientFlorida_ResilientProjectsPlan_09_01-2021.pdf",
                "Implementa": "SFWMD; maintained by Miami Field \nStation",
                "Infrastruc": "Gray",
                "Categories": "Flood Control Infrastructure",
                "Disaster_F": "Flooding",
                "New_15_25_": "Enhance flood resilience in the C-5 Basin by upgrading the S-25 structure with increased discharge capacity, flood barriers, and structural improvements.",
                "Project_St": "Null",
                "Project_En": "Null",
                "Project__1": "Ongoing",
                "Estimated_": "38685544",
                "Additional": "None",
                "OLD___Brie": "additional forward pump; tie the structure to higher land elevations",
                "MUNICUID": "34",
                "MUNICID": "01",
                "NAME": "MIAMI",
                "FIPSCODE": "1245000",
                "CREATEDBY": "None",
                "CREATEDDAT": "12/31/1899",
                "MODIFIEDBY": "None",
                "MODIFIEDDA": "12/31/1899",
                "GlobalID": "df52bf02-7c6d-4658-b2cc-c2ddb8cd5281"
            },
            "geometry": {
                "type": "Point",
                "coordinates": [
                    -80.239689129999988,
                    25.783390050000037
                ]
            }
        },
        {
            "type": "Feature",
            "properties": {
                "Join_Count": "1",
                "TARGET_FID": "182",
                "Project_Na": "Roadway Improvements and Traffic Calming on Charles Avenue",
                "Latitude": "25.72587711",
                "Longitude": "-80.24471962",
                "City": "Miami",
                "Link_to_Da": "https://www.miami.gov/My-Government/Departments/Resilience-and-Public-Works/Resilience-and-Public-Works-Projects-Per-District/District-2-Resilience-and-Public-Works-Projects/Roadway-Improvements-and-Traffic-Calming-on-Charles-Avenue",
                "Implementa": "Department of Resilience and Public Works",
                "Infrastruc": "Gray",
                "Categories": "Flood Control Infrastructure",
                "Disaster_F": "Multi-hazard",
                "New_15_25_": "Design stormwater infrastructure, roadway improvements, and traffic calming improvements.",
                "Project_St": "2027",
                "Project_En": "2028",
                "Project__1": "Ongoing",
                "Estimated_": "4630148",
                "Additional": "None",
                "OLD___Brie": "Design stormwater infrastructure, roadway improvements, and traffic calming improvements.",
                "MUNICUID": "34",
                "MUNICID": "01",
                "NAME": "MIAMI",
                "FIPSCODE": "1245000",
                "CREATEDBY": "None",
                "CREATEDDAT": "12/31/1899",
                "MODIFIEDBY": "None",
                "MODIFIEDDA": "12/31/1899",
                "GlobalID": "df52bf02-7c6d-4658-b2cc-c2ddb8cd5281"
            },
            "geometry": {
                "type": "Point",
                "coordinates": [
                    -80.244719619999955,
                    25.725877110000056
                ]
            }
        },
        {
            "type": "Feature",
            "properties": {
                "Join_Count": "1",
                "TARGET_FID": "183",
                "Project_Na": "West Grove Roadway Improvements",
                "Latitude": "25.72830815",
                "Longitude": "-80.25572487",
                "City": "Miami",
                "Link_to_Da": "https://www.miami.gov/My-Government/Departments/Resilience-and-Public-Works/Resilience-and-Public-Works-Projects-Per-District/District-2-Resilience-and-Public-Works-Projects/West-Grove-Roadway-Improvements",
                "Implementa": "Department of Resilience and Public Works",
                "Infrastruc": "Gray",
                "Categories": "Flood Control Infrastructure",
                "Disaster_F": "Multi-hazard",
                "New_15_25_": "Design and construction of stormwater infrastructure and roadway improvements.",
                "Project_St": "2027",
                "Project_En": "2027",
                "Project__1": "Ongoing",
                "Estimated_": "3617822",
                "Additional": "None",
                "OLD___Brie": "Design and construction of stormwater infrastructure and roadway improvements.",
                "MUNICUID": "43",
                "MUNICID": "03",
                "NAME": "CORAL GABLES",
                "FIPSCODE": "1214250",
                "CREATEDBY": "None",
                "CREATEDDAT": "12/31/1899",
                "MODIFIEDBY": "None",
                "MODIFIEDDA": "12/31/1899",
                "GlobalID": "739e5868-6d18-4337-8ca7-22fcd511dbd7"
            },
            "geometry": {
                "type": "Point",
                "coordinates": [
                    -80.255724869999938,
                    25.728308150000032
                ]
            }
        },
        {
            "type": "Feature",
            "properties": {
                "Join_Count": "1",
                "TARGET_FID": "184",
                "Project_Na": "SW 5 Street from SW 29 Avenue to SW 32 Avenue Reconstruction",
                "Latitude": "25.76774607",
                "Longitude": "-80.24095529",
                "City": "Miami",
                "Link_to_Da": "https://www.miami.gov/My-Government/Departments/Resilience-and-Public-Works/Resilience-and-Public-Works-Projects-Per-District/District-4-Resilience-and-Public-Works-Projects/SW-5-Street-from-SW-29-Avenue-to-SW-32-Avenue-Reconstruction",
                "Implementa": "Department of Resilience and Public Works",
                "Infrastruc": "Gray",
                "Categories": "Flood Control Infrastructure",
                "Disaster_F": "Multi-hazard",
                "New_15_25_": "Design and construction of right of way improvements including roadway improvements.",
                "Project_St": "2025",
                "Project_En": "2025",
                "Project__1": "Ongoing",
                "Estimated_": "2584378",
                "Additional": "None",
                "OLD___Brie": "Design and construction of right of way improvements including roadway improvements.",
                "MUNICUID": "34",
                "MUNICID": "01",
                "NAME": "MIAMI",
                "FIPSCODE": "1245000",
                "CREATEDBY": "None",
                "CREATEDDAT": "12/31/1899",
                "MODIFIEDBY": "None",
                "MODIFIEDDA": "12/31/1899",
                "GlobalID": "df52bf02-7c6d-4658-b2cc-c2ddb8cd5281"
            },
            "geometry": {
                "type": "Point",
                "coordinates": [
                    -80.240955289999988,
                    25.767746070000044
                ]
            }
        },
        {
            "type": "Feature",
            "properties": {
                "Join_Count": "1",
                "TARGET_FID": "185",
                "Project_Na": "Auburndale Traffic Device at SW 32 Avenue and SW 2 Street",
                "Latitude": "25.77034549",
                "Longitude": "-80.2476066",
                "City": "Miami",
                "Link_to_Da": "https://www.miami.gov/My-Government/Departments/Resilience-and-Public-Works/Resilience-and-Public-Works-Projects-Per-District/District-4-Resilience-and-Public-Works-Projects/Auburndale-Traffic-Device-at-SW-32-Avenue-and-SW-2-Street",
                "Implementa": "Department of Resilience and Public Works",
                "Infrastruc": "Gray",
                "Categories": "Flood Control Infrastructure",
                "Disaster_F": "Multi-hazard",
                "New_15_25_": "Design and construction of a raised intersection and right of way improvements.",
                "Project_St": "2025",
                "Project_En": "2026",
                "Project__1": "Ongoing",
                "Estimated_": "1335790",
                "Additional": "None",
                "OLD___Brie": "Design and construction of a raised intersection and right of way improvements.",
                "MUNICUID": "34",
                "MUNICID": "01",
                "NAME": "MIAMI",
                "FIPSCODE": "1245000",
                "CREATEDBY": "None",
                "CREATEDDAT": "12/31/1899",
                "MODIFIEDBY": "None",
                "MODIFIEDDA": "12/31/1899",
                "GlobalID": "df52bf02-7c6d-4658-b2cc-c2ddb8cd5281"
            },
            "geometry": {
                "type": "Point",
                "coordinates": [
                    -80.247606599999983,
                    25.770345490000068
                ]
            }
        },
        {
            "type": "Feature",
            "properties": {
                "Join_Count": "1",
                "TARGET_FID": "186",
                "Project_Na": "South Golden Pines - No Outlet Streets Improvements",
                "Latitude": "25.74197119",
                "Longitude": "-80.23872583",
                "City": "Miami",
                "Link_to_Da": "https://www.miami.gov/My-Government/Departments/Resilience-and-Public-Works/Resilience-and-Public-Works-Projects-Per-District/District-4-Resilience-and-Public-Works-Projects/South-Golden-Pines-No-Outlet-Streets-Improvements",
                "Implementa": "Department of Resilience and Public Works",
                "Infrastruc": "Gray",
                "Categories": "Flood Control Infrastructure",
                "Disaster_F": "Multi-hazard",
                "New_15_25_": "Design and construction of right-of-way improvements including driveway approaches, sidewalks.",
                "Project_St": "2027",
                "Project_En": "2028",
                "Project__1": "Ongoing",
                "Estimated_": "9557063",
                "Additional": "None",
                "OLD___Brie": "Design and construction of right-of-way improvements including driveway approaches, sidewalks.",
                "MUNICUID": "34",
                "MUNICID": "01",
                "NAME": "MIAMI",
                "FIPSCODE": "1245000",
                "CREATEDBY": "None",
                "CREATEDDAT": "12/31/1899",
                "MODIFIEDBY": "None",
                "MODIFIEDDA": "12/31/1899",
                "GlobalID": "df52bf02-7c6d-4658-b2cc-c2ddb8cd5281"
            },
            "geometry": {
                "type": "Point",
                "coordinates": [
                    -80.238725829999964,
                    25.741971190000072
                ]
            }
        },
        {
            "type": "Feature",
            "properties": {
                "Join_Count": "1",
                "TARGET_FID": "187",
                "Project_Na": "Auburndale Roadway Reconstruction and Pedestrian Improvements",
                "Latitude": "25.7675143",
                "Longitude": "-80.24717686",
                "City": "Miami",
                "Link_to_Da": "https://www.miami.gov/My-Government/Departments/Resilience-and-Public-Works/Resilience-and-Public-Works-Projects-Per-District/District-4-Resilience-and-Public-Works-Projects/Auburndale-Roadway-Reconstruction-and-Pedestrian-Improvements",
                "Implementa": "Department of Resilience and Public Works",
                "Infrastruc": "Gray",
                "Categories": "Connectivity",
                "Disaster_F": "Multi-hazard",
                "New_15_25_": "Two raised intersections for traffic calming at the intersection of SW 32nd Ave and SW 5th Street.",
                "Project_St": "Null",
                "Project_En": "Null",
                "Project__1": "Completed",
                "Estimated_": "73646027",
                "Additional": "None",
                "OLD___Brie": "Two raised intersections for traffic calming at the intersection of SW 32nd Ave and SW 5th Street.",
                "MUNICUID": "34",
                "MUNICID": "01",
                "NAME": "MIAMI",
                "FIPSCODE": "1245000",
                "CREATEDBY": "None",
                "CREATEDDAT": "12/31/1899",
                "MODIFIEDBY": "None",
                "MODIFIEDDA": "12/31/1899",
                "GlobalID": "df52bf02-7c6d-4658-b2cc-c2ddb8cd5281"
            },
            "geometry": {
                "type": "Point",
                "coordinates": [
                    -80.247176859999968,
                    25.767514300000073
                ]
            }
        },
        {
            "type": "Feature",
            "properties": {
                "Join_Count": "1",
                "TARGET_FID": "188",
                "Project_Na": "SW 24 Street from SW 27 Ave. to SW 32 Ave.",
                "Latitude": "25.74728715",
                "Longitude": "-80.23804079",
                "City": "Miami",
                "Link_to_Da": "https://www.miami.gov/My-Government/Departments/Resilience-and-Public-Works/Resilience-and-Public-Works-Projects-Per-District/District-4-Resilience-and-Public-Works-Projects/SW-24-Street-from-SW-27-Avenue-to-SW-32-Avenue",
                "Implementa": "Department of Resilience and Public Works",
                "Infrastruc": "Gray",
                "Categories": "Flood Control Infrastructure",
                "Disaster_F": "Multi-hazard",
                "New_15_25_": "Design and construction of right of way improvements.",
                "Project_St": "2024",
                "Project_En": "2025",
                "Project__1": "Ongoing",
                "Estimated_": "8478403",
                "Additional": "None",
                "OLD___Brie": "Design and construction of right of way improvements.",
                "MUNICUID": "34",
                "MUNICID": "01",
                "NAME": "MIAMI",
                "FIPSCODE": "1245000",
                "CREATEDBY": "None",
                "CREATEDDAT": "12/31/1899",
                "MODIFIEDBY": "None",
                "MODIFIEDDA": "12/31/1899",
                "GlobalID": "df52bf02-7c6d-4658-b2cc-c2ddb8cd5281"
            },
            "geometry": {
                "type": "Point",
                "coordinates": [
                    -80.238040789999957,
                    25.747287150000034
                ]
            }
        },
        {
            "type": "Feature",
            "properties": {
                "Join_Count": "1",
                "TARGET_FID": "189",
                "Project_Na": "North Grapeland Heights Seawall",
                "Latitude": "25.7856127",
                "Longitude": "-80.24776976",
                "City": "Miami",
                "Link_to_Da": "https://www.miami.gov/My-Government/Departments/Resilience-and-Public-Works/Resilience-and-Public-Works-Projects-Per-District/District-1-Resilience-and-Public-Works-Projects/North-Grapeland-Heights-Seawall",
                "Implementa": "City of Miami",
                "Infrastruc": "Gray",
                "Categories": "Shoreline Protection",
                "Disaster_F": "Storm Surge",
                "New_15_25_": "Design and construct natural shorelines enhancements and improvements of resurfacing and landscaping.",
                "Project_St": "2026",
                "Project_En": "2027",
                "Project__1": "Ongoing",
                "Estimated_": "356406",
                "Additional": "None",
                "OLD___Brie": "Design and construct natural shorelines enhancements and improvements of resurfacing and landscaping.",
                "MUNICUID": "34",
                "MUNICID": "01",
                "NAME": "MIAMI",
                "FIPSCODE": "1245000",
                "CREATEDBY": "None",
                "CREATEDDAT": "12/31/1899",
                "MODIFIEDBY": "None",
                "MODIFIEDDA": "12/31/1899",
                "GlobalID": "df52bf02-7c6d-4658-b2cc-c2ddb8cd5281"
            },
            "geometry": {
                "type": "Point",
                "coordinates": [
                    -80.247769759999983,
                    25.785612700000058
                ]
            }
        },
        {
            "type": "Feature",
            "properties": {
                "Join_Count": "1",
                "TARGET_FID": "190",
                "Project_Na": "Fairview Flood Mitigation (City of Miami)",
                "Latitude": "25.73961386",
                "Longitude": "-80.21964778",
                "City": "Miami-Dade County",
                "Link_to_Da": "https://floridaclimateinstitute.org/resources/news-archive/2831-city-of-miami-breaks-ground-on-flood-mitigation-project",
                "Implementa": "Florida Climate Institute",
                "Infrastruc": "Hybrid",
                "Categories": "Flood Control Infrastructure",
                "Disaster_F": "Flooding",
                "New_15_25_": "Drainage and roadway improvements with pump station, outfall valves, sidewalks, bioswales. This project will indicate the best address when it comes to storm surges and sea level rise.",
                "Project_St": "2019",
                "Project_En": "2027",
                "Project__1": "Ongoing",
                "Estimated_": "698755",
                "Additional": "None",
                "OLD___Brie": "Drainage and roadway improvements with pump station, outfall valves, sidewalks, bioswales. This project will indicate the best address when it comes to storm surges and sea level rise.",
                "MUNICUID": "34",
                "MUNICID": "01",
                "NAME": "MIAMI",
                "FIPSCODE": "1245000",
                "CREATEDBY": "None",
                "CREATEDDAT": "12/31/1899",
                "MODIFIEDBY": "None",
                "MODIFIEDDA": "12/31/1899",
                "GlobalID": "df52bf02-7c6d-4658-b2cc-c2ddb8cd5281"
            },
            "geometry": {
                "type": "Point",
                "coordinates": [
                    -80.219647779999946,
                    25.739613860000077
                ]
            }
        },
        {
            "type": "Feature",
            "properties": {
                "Join_Count": "1",
                "TARGET_FID": "191",
                "Project_Na": "West Grapeland Traffic Calming",
                "Latitude": "25.78076704",
                "Longitude": "-80.2609297",
                "City": "Miami",
                "Link_to_Da": "https://www.miami.gov/My-Government/Departments/Resilience-and-Public-Works/Resilience-and-Public-Works-Projects-Per-District/District-1-Resilience-and-Public-Works-Projects/West-Grapeland-Traffic-Calming",
                "Implementa": "City of Miami Resilience and Public Works Department",
                "Infrastruc": "Gray",
                "Categories": "Flood Control Infrastructure",
                "Disaster_F": "Multi-hazard",
                "New_15_25_": "Design and construct a raised intersection.",
                "Project_St": "2025",
                "Project_En": "2026",
                "Project__1": "Ongoing",
                "Estimated_": "844260",
                "Additional": "None",
                "OLD___Brie": "Design and construct a 1 raised intersection.",
                "MUNICUID": "34",
                "MUNICID": "01",
                "NAME": "MIAMI",
                "FIPSCODE": "1245000",
                "CREATEDBY": "None",
                "CREATEDDAT": "12/31/1899",
                "MODIFIEDBY": "None",
                "MODIFIEDDA": "12/31/1899",
                "GlobalID": "df52bf02-7c6d-4658-b2cc-c2ddb8cd5281"
            },
            "geometry": {
                "type": "Point",
                "coordinates": [
                    -80.260929699999963,
                    25.780767040000057
                ]
            }
        },
        {
            "type": "Feature",
            "properties": {
                "Join_Count": "1",
                "TARGET_FID": "192",
                "Project_Na": "NW 17 Street Roadway Improvements",
                "Latitude": "25.79052729",
                "Longitude": "-80.24792078",
                "City": "Miami",
                "Link_to_Da": "https://www.miami.gov/My-Government/Departments/Resilience-and-Public-Works/Resilience-and-Public-Works-Projects-Per-District/District-1-Resilience-and-Public-Works-Projects/NW-17-Street-Roadway-Improvements",
                "Implementa": "U.S. Department of Housing and Urban Development",
                "Infrastruc": "Hybrid",
                "Categories": "Flood Control Infrastructure",
                "Disaster_F": "Multi-hazard",
                "New_15_25_": "Design a roadway and stormwater infrastructure including a drainage system, and pavement markings.",
                "Project_St": "2026",
                "Project_En": "2028",
                "Project__1": "Ongoing",
                "Estimated_": "7696320",
                "Additional": "None",
                "OLD___Brie": "Design a roadway and stormwater infrastructure including a drainage system, and pavement markings.",
                "MUNICUID": "34",
                "MUNICID": "01",
                "NAME": "MIAMI",
                "FIPSCODE": "1245000",
                "CREATEDBY": "None",
                "CREATEDDAT": "12/31/1899",
                "MODIFIEDBY": "None",
                "MODIFIEDDA": "12/31/1899",
                "GlobalID": "df52bf02-7c6d-4658-b2cc-c2ddb8cd5281"
            },
            "geometry": {
                "type": "Point",
                "coordinates": [
                    -80.247920779999959,
                    25.790527290000057
                ]
            }
        },
        {
            "type": "Feature",
            "properties": {
                "Join_Count": "1",
                "TARGET_FID": "193",
                "Project_Na": "S. Bayshore Ln. & Fairview St. Roadway Improvements & New Pump Station",
                "Latitude": "25.73961072",
                "Longitude": "-80.21970718",
                "City": "Miami",
                "Link_to_Da": "https://www.miami.gov/My-Government/Departments/Resilience-and-Public-Works/Resilience-and-Public-Works-Projects-Per-District/District-2-Resilience-and-Public-Works-Projects/S.-Bayshore-Ln.-Fairview-St.-Roadway-Improvements-New-Pump-Station",
                "Implementa": "Miami Dade Water and Sewer Department",
                "Infrastruc": "Hybrid",
                "Categories": "Flood Control Infrastructure",
                "Disaster_F": "Multi-hazard",
                "New_15_25_": "Phase 2: Construct and redesign a new stormwater pump station.",
                "Project_St": "2025",
                "Project_En": "2027",
                "Project__1": "Ongoing",
                "Estimated_": "12420228",
                "Additional": "None",
                "OLD___Brie": "Phase 2: Construct and redesign a new stormwater pump station.",
                "MUNICUID": "34",
                "MUNICID": "01",
                "NAME": "MIAMI",
                "FIPSCODE": "1245000",
                "CREATEDBY": "None",
                "CREATEDDAT": "12/31/1899",
                "MODIFIEDBY": "None",
                "MODIFIEDDA": "12/31/1899",
                "GlobalID": "df52bf02-7c6d-4658-b2cc-c2ddb8cd5281"
            },
            "geometry": {
                "type": "Point",
                "coordinates": [
                    -80.219707179999943,
                    25.73961072000003
                ]
            }
        },
        {
            "type": "Feature",
            "properties": {
                "Join_Count": "1",
                "TARGET_FID": "194",
                "Project_Na": "Pump Station E Renovation",
                "Latitude": "25.70816843",
                "Longitude": "-80.2531634",
                "City": "Coral Gables",
                "Link_to_Da": "https://www.coralgables.com/sites/default/files/2023-04/Utilities-Improvement-Projects-CH.pdf",
                "Implementa": "The City of Coral Gables",
                "Infrastruc": "Gray",
                "Categories": "Flood Control Infrastructure",
                "Disaster_F": "Flooding",
                "New_15_25_": "The improvements proposed include the installation of new pump units and support structures as well as enhancements to the station's instrumentation and control system.",
                "Project_St": "2022",
                "Project_En": "2023",
                "Project__1": "Completed",
                "Estimated_": "198747",
                "Additional": "None",
                "OLD___Brie": "The improvements proposed include the installation of new pump units and support structures as well as enhancements to the station's instrumentation and control system.",
                "MUNICUID": "43",
                "MUNICID": "03",
                "NAME": "CORAL GABLES",
                "FIPSCODE": "1214250",
                "CREATEDBY": "None",
                "CREATEDDAT": "12/31/1899",
                "MODIFIEDBY": "None",
                "MODIFIEDDA": "12/31/1899",
                "GlobalID": "739e5868-6d18-4337-8ca7-22fcd511dbd7"
            },
            "geometry": {
                "type": "Point",
                "coordinates": [
                    -80.253163399999949,
                    25.708168430000057
                ]
            }
        },
        {
            "type": "Feature",
            "properties": {
                "Join_Count": "1",
                "TARGET_FID": "195",
                "Project_Na": "Cocoplum Drainage Improvements",
                "Latitude": "25.6999076",
                "Longitude": "-80.25382024",
                "City": "Coral Gables",
                "Link_to_Da": "https://www.coralgables.com/sites/default/files/2023-04/Utilities-Improvement-Projects-CH.pdf",
                "Implementa": "The City of Coral Gables",
                "Infrastruc": "Hybrid",
                "Categories": "Flood Control Infrastructure",
                "Disaster_F": "Flooding",
                "New_15_25_": "Implements stormwater improvements in the Cocoplum Community, including drainage upgrades along Los Pinos and outfall rehabilitation, reducing flooding and improving water quality to nearby canals.",
                "Project_St": "2022",
                "Project_En": "2029",
                "Project__1": "Ongoing",
                "Estimated_": "2450154",
                "Additional": "None",
                "OLD___Brie": "This project entails stormwater drainage improvements along with other stormwater improvements in the Cocoplum Community.  Phase 1 will be performed along Los Pinos Boulevard and Los Pinos Circle.  These improvements will be designed and constructed to m",
                "MUNICUID": "43",
                "MUNICID": "03",
                "NAME": "CORAL GABLES",
                "FIPSCODE": "1214250",
                "CREATEDBY": "None",
                "CREATEDDAT": "12/31/1899",
                "MODIFIEDBY": "None",
                "MODIFIEDDA": "12/31/1899",
                "GlobalID": "739e5868-6d18-4337-8ca7-22fcd511dbd7"
            },
            "geometry": {
                "type": "Point",
                "coordinates": [
                    -80.253820239999982,
                    25.699907600000074
                ]
            }
        },
        {
            "type": "Feature",
            "properties": {
                "Join_Count": "1",
                "TARGET_FID": "196",
                "Project_Na": "Leucadendra 2 Pump Station Rehabilitation",
                "Latitude": "25.69113976",
                "Longitude": "-80.25583136",
                "City": "Coral Gables",
                "Link_to_Da": "https://www.coralgables.com/sites/default/files/2023-04/Utilities-Improvement-Projects-CH.pdf",
                "Implementa": "The City of Coral Gables",
                "Infrastruc": "Gray",
                "Categories": "Flood Control Infrastructure",
                "Disaster_F": "Flooding",
                "New_15_25_": "Upgrades Luecadendra 2 Pump Station with sanitary sewer improvements, wet-well rehabilitation, modernized electrical and control systems, and replacement of submersible pumps to enhance operational efficiency.",
                "Project_St": "2022",
                "Project_En": "2023",
                "Project__1": "Completed",
                "Estimated_": "449177",
                "Additional": "None",
                "OLD___Brie": "Improvements at Luecadendra 2 Pump Station are but not limited to sanitary sewer collection system improvements, wet-well rehabilitation, electrical & control systems upgrade and modernization, and replacement of submersible pumps.",
                "MUNICUID": "43",
                "MUNICID": "03",
                "NAME": "CORAL GABLES",
                "FIPSCODE": "1214250",
                "CREATEDBY": "None",
                "CREATEDDAT": "12/31/1899",
                "MODIFIEDBY": "None",
                "MODIFIEDDA": "12/31/1899",
                "GlobalID": "739e5868-6d18-4337-8ca7-22fcd511dbd7"
            },
            "geometry": {
                "type": "Point",
                "coordinates": [
                    -80.255831359999945,
                    25.691139760000056
                ]
            }
        },
        {
            "type": "Feature",
            "properties": {
                "Join_Count": "1",
                "TARGET_FID": "197",
                "Project_Na": "City #2 Basin Gravity Sewer Improvement Project Phase II",
                "Latitude": "25.75241312",
                "Longitude": "-80.25648645",
                "City": "Coral Gables",
                "Link_to_Da": "https://www.coralgables.com/sites/default/files/2023-04/Utilities-Improvement-Projects-CH.pdf",
                "Implementa": "The City of Coral Gables",
                "Infrastruc": "Gray",
                "Categories": "Connectivity",
                "Disaster_F": "Critical Infrastructure",
                "New_15_25_": "Phase II constructs sewer improvements by upsizing approximately 2,100 feet of pipe using pipe bursting and open trench methods, building on Phase I designs.",
                "Project_St": "2022",
                "Project_En": "2029",
                "Project__1": "Ongoing",
                "Estimated_": "2297393",
                "Additional": "None",
                "OLD___Brie": "The Phase II scope of work shall include construction of sewer system improvements including the upsizing of approximately 2,100 feet of existing pipe to a larger size using a combination of pipe bursting and open trench methods that were designed as par",
                "MUNICUID": "43",
                "MUNICID": "03",
                "NAME": "CORAL GABLES",
                "FIPSCODE": "1214250",
                "CREATEDBY": "None",
                "CREATEDDAT": "12/31/1899",
                "MODIFIEDBY": "None",
                "MODIFIEDDA": "12/31/1899",
                "GlobalID": "739e5868-6d18-4337-8ca7-22fcd511dbd7"
            },
            "geometry": {
                "type": "Point",
                "coordinates": [
                    -80.256486449999954,
                    25.752413120000028
                ]
            }
        },
        {
            "type": "Feature",
            "properties": {
                "Join_Count": "1",
                "TARGET_FID": "198",
                "Project_Na": "NW 13 Street from NW 35 Avenue to NW 37 Avenue",
                "Latitude": "25.78504561",
                "Longitude": "-80.25231951",
                "City": "Miami",
                "Link_to_Da": "https://www.miami.gov/My-Government/Departments/Resilience-and-Public-Works/Resilience-and-Public-Works-Projects-Per-District/District-1-Resilience-and-Public-Works-Projects/NW-13-Street-from-NW-35-Avenue-to-NW-37-Avenue",
                "Implementa": "City of Miami Resilience and Public Works Department",
                "Infrastruc": "Hybrid",
                "Categories": "Flood Control Infrastructure",
                "Disaster_F": "Multi-hazard",
                "New_15_25_": "Design of roadway and stormwater infrastructure improvements including sidewalks, gutters, milling.",
                "Project_St": "2025",
                "Project_En": "2026",
                "Project__1": "Ongoing",
                "Estimated_": "3258735",
                "Additional": "None",
                "OLD___Brie": "Design of roadway and stormwater infrastructure improvements including sidewalks, gutters, milling.",
                "MUNICUID": "34",
                "MUNICID": "01",
                "NAME": "MIAMI",
                "FIPSCODE": "1245000",
                "CREATEDBY": "None",
                "CREATEDDAT": "12/31/1899",
                "MODIFIEDBY": "None",
                "MODIFIEDDA": "12/31/1899",
                "GlobalID": "df52bf02-7c6d-4658-b2cc-c2ddb8cd5281"
            },
            "geometry": {
                "type": "Point",
                "coordinates": [
                    -80.25231950999995,
                    25.785045610000054
                ]
            }
        },
        {
            "type": "Feature",
            "properties": {
                "Join_Count": "1",
                "TARGET_FID": "199",
                "Project_Na": "Giralda Plaza",
                "Latitude": "25.75185878",
                "Longitude": "-80.25781354",
                "City": "Coral Gables",
                "Link_to_Da": "Giralda Plaza | Coral Gables",
                "Implementa": "City of Coral Gables",
                "Infrastruc": "Hybrid",
                "Categories": "Green Infrastructure",
                "Disaster_F": "Flooding",
                "New_15_25_": "Living streetscape that functions as networked green infrastructure providing flood protection.",
                "Project_St": "2017",
                "Project_En": "Null",
                "Project__1": "Completed",
                "Estimated_": "5000000",
                "Additional": "None",
                "OLD___Brie": "Living streetscape that functions as networked green infrastructure providing flood protection.",
                "MUNICUID": "43",
                "MUNICID": "03",
                "NAME": "CORAL GABLES",
                "FIPSCODE": "1214250",
                "CREATEDBY": "None",
                "CREATEDDAT": "12/31/1899",
                "MODIFIEDBY": "None",
                "MODIFIEDDA": "12/31/1899",
                "GlobalID": "739e5868-6d18-4337-8ca7-22fcd511dbd7"
            },
            "geometry": {
                "type": "Point",
                "coordinates": [
                    -80.257813539999972,
                    25.751858780000077
                ]
            }
        },
        {
            "type": "Feature",
            "properties": {
                "Join_Count": "1",
                "TARGET_FID": "200",
                "Project_Na": "Gables Waterways Project (Stormwater quality)",
                "Latitude": "25.72709819",
                "Longitude": "-80.26964523",
                "City": "Coral Gables",
                "Link_to_Da": "https://www.coralgables.com/department/public-works/right-way-maintenance-enforcement-division/services/waterways-and-mangroves",
                "Implementa": "City og Coral Gables Public Works Department",
                "Infrastruc": "Blue",
                "Categories": "Flood Control Infrastructure",
                "Disaster_F": "Flooding",
                "New_15_25_": "Water quality retrofit of stormwater outfalls to improve runoff quality to waterways.",
                "Project_St": "2019",
                "Project_En": "Null",
                "Project__1": "Ongoing",
                "Estimated_": "0",
                "Additional": "None",
                "OLD___Brie": "Water quality retrofit of stormwater outfalls to improve runoff quality to waterways.",
                "MUNICUID": "43",
                "MUNICID": "03",
                "NAME": "CORAL GABLES",
                "FIPSCODE": "1214250",
                "CREATEDBY": "None",
                "CREATEDDAT": "12/31/1899",
                "MODIFIEDBY": "None",
                "MODIFIEDDA": "12/31/1899",
                "GlobalID": "739e5868-6d18-4337-8ca7-22fcd511dbd7"
            },
            "geometry": {
                "type": "Point",
                "coordinates": [
                    -80.269645229999981,
                    25.727098190000049
                ]
            }
        },
        {
            "type": "Feature",
            "properties": {
                "Join_Count": "1",
                "TARGET_FID": "201",
                "Project_Na": "Critical infrastructure drainage upgrades (streets & outfalls)",
                "Latitude": "25.89058253",
                "Longitude": "-80.25766608",
                "City": "Opa-locka",
                "Link_to_Da": "https://www.opalockafl.gov/156/Stormwater-Master-Plan",
                "Implementa": "city of Opa-locka",
                "Infrastruc": "Hybrid",
                "Categories": "Flood Control Infrastructure",
                "Disaster_F": "Flooding",
                "New_15_25_": "Intended to provide a decision-making tool that facilities the design of the stormwater infrastructure to provide the level of service to residents and properties within the city.",
                "Project_St": "2020",
                "Project_En": "Null",
                "Project__1": "Ongoing",
                "Estimated_": "0",
                "Additional": "None",
                "OLD___Brie": "This plan is intended to provide a decision-making tool that facilities the design of the stormwater infrastructure to provide the level of service to residents and properties within the city.",
                "MUNICUID": "17",
                "MUNICID": "08",
                "NAME": "OPA-LOCKA",
                "FIPSCODE": "1251650",
                "CREATEDBY": "None",
                "CREATEDDAT": "12/31/1899",
                "MODIFIEDBY": "None",
                "MODIFIEDDA": "12/31/1899",
                "GlobalID": "381aaeda-9144-4cc1-b19f-0dec9431550e"
            },
            "geometry": {
                "type": "Point",
                "coordinates": [
                    -80.257666079999979,
                    25.890582530000074
                ]
            }
        },
        {
            "type": "Feature",
            "properties": {
                "Join_Count": "1",
                "TARGET_FID": "202",
                "Project_Na": "Coral Gables Canal Embankment Resiliency",
                "Latitude": "25.72967754",
                "Longitude": "-80.27183337",
                "City": "Coral Gables",
                "Link_to_Da": "https://www.sfwmd.gov/sites/default/files/documents/SFWMD_2023_SLR%26FRP_FINAL_0.pdf",
                "Implementa": "SFWMD",
                "Infrastruc": "Hybrid",
                "Categories": "Flood Control Infrastructure",
                "Disaster_F": "Flooding",
                "New_15_25_": "Raise and reinforces deficient canal embankments along the Coral Gables Canal to mitigate flooding and enhance stormwater management.",
                "Project_St": "Null",
                "Project_En": "Null",
                "Project__1": "Ongoing",
                "Estimated_": "19000000",
                "Additional": "None",
                "OLD___Brie": "embankment construction and flood walls",
                "MUNICUID": "43",
                "MUNICID": "03",
                "NAME": "CORAL GABLES",
                "FIPSCODE": "1214250",
                "CREATEDBY": "None",
                "CREATEDDAT": "12/31/1899",
                "MODIFIEDBY": "None",
                "MODIFIEDDA": "12/31/1899",
                "GlobalID": "739e5868-6d18-4337-8ca7-22fcd511dbd7"
            },
            "geometry": {
                "type": "Point",
                "coordinates": [
                    -80.271833369999968,
                    25.729677540000068
                ]
            }
        },
        {
            "type": "Feature",
            "properties": {
                "Join_Count": "1",
                "TARGET_FID": "203",
                "Project_Na": "S-26 Coastal Structure Resiliency",
                "Latitude": "25.80762729",
                "Longitude": "-80.25988655",
                "City": "Hialeah",
                "Link_to_Da": "https://www.sfwmd.gov/sites/default/files/documents/FloodResiliency_SFWMD_2023ConsolidatedAnnualReport.pdf",
                "Implementa": "SFWMD",
                "Infrastruc": "Gray",
                "Categories": "Flood Control Infrastructure",
                "Disaster_F": "Multi-hazard",
                "New_15_25_": "Enhance flood resilience in the C-6 Basin by upgrading the S-26 coastal structure with increased discharge capacity, backup power, and flood barriers.",
                "Project_St": "Null",
                "Project_En": "Null",
                "Project__1": "Ongoing",
                "Estimated_": "180471530",
                "Additional": "None",
                "OLD___Brie": "The S-26 structure will be enhanced by raising the bridge, converting the gate opening system to a more robust mechanism, replacing the existing gates with taller corrosion-resistant stainless-steel gates, and replacing the control building with an eleva",
                "MUNICUID": "13",
                "MUNICID": "04",
                "NAME": "HIALEAH",
                "FIPSCODE": "1230000",
                "CREATEDBY": "None",
                "CREATEDDAT": "12/31/1899",
                "MODIFIEDBY": "None",
                "MODIFIEDDA": "12/31/1899",
                "GlobalID": "8145221d-a929-4ea4-8446-7a4065dab69d"
            },
            "geometry": {
                "type": "Point",
                "coordinates": [
                    -80.259886549999976,
                    25.807627290000028
                ]
            }
        },
        {
            "type": "Feature",
            "properties": {
                "Join_Count": "1",
                "TARGET_FID": "204",
                "Project_Na": "Pump Station D Rehabilitation",
                "Latitude": "25.69912206",
                "Longitude": "-80.26185528",
                "City": "Coral Gables",
                "Link_to_Da": "https://www.coralgables.com/sites/default/files/2023-04/Utilities-Improvement-Projects-CH.pdf",
                "Implementa": "The City of Coral Gables",
                "Infrastruc": "Gray",
                "Categories": "Flood Control Infrastructure",
                "Disaster_F": "Flooding",
                "New_15_25_": "Installs new pump units, support structures, and upgrades instrumentation, control systems, and backup generator to enhance the station's operational efficiency and emergency preparedness.",
                "Project_St": "2022",
                "Project_En": "Null",
                "Project__1": "Ongoing",
                "Estimated_": "1300000",
                "Additional": "None",
                "OLD___Brie": "The improvements proposed include the installation of new pump units and support structures as well as enhancements to the station's instrumentation, control systems and back-up emergency generator.",
                "MUNICUID": "43",
                "MUNICID": "03",
                "NAME": "CORAL GABLES",
                "FIPSCODE": "1214250",
                "CREATEDBY": "None",
                "CREATEDDAT": "12/31/1899",
                "MODIFIEDBY": "None",
                "MODIFIEDDA": "12/31/1899",
                "GlobalID": "739e5868-6d18-4337-8ca7-22fcd511dbd7"
            },
            "geometry": {
                "type": "Point",
                "coordinates": [
                    -80.261855279999963,
                    25.699122060000036
                ]
            }
        },
        {
            "type": "Feature",
            "properties": {
                "Join_Count": "1",
                "TARGET_FID": "205",
                "Project_Na": "Additional Salinity Structure or Storm Surge/Tidal Barrier at the end of the C-3 Canal",
                "Latitude": "25.70603144",
                "Longitude": "-80.26064061",
                "City": "Coral Gables",
                "Link_to_Da": "https://www.sfwmd.gov/sites/default/files/documents/Draft_2024_Sea_Level_Rise_and_Flood_Resiliency_Plan.pdf",
                "Implementa": "SFWMD",
                "Infrastruc": "Hybrid",
                "Categories": "Shoreline Protection",
                "Disaster_F": "Storm Surge",
                "New_15_25_": "Upgrade the G-93 spillway with structural enhancements and a forward pump to improve flood resilience and conveyance capacity in Coral Gables.",
                "Project_St": "Null",
                "Project_En": "Null",
                "Project__1": "Ongoing",
                "Estimated_": "5227232",
                "Additional": "None",
                "OLD___Brie": "new structure, forward pump",
                "MUNICUID": "43",
                "MUNICID": "03",
                "NAME": "CORAL GABLES",
                "FIPSCODE": "1214250",
                "CREATEDBY": "None",
                "CREATEDDAT": "12/31/1899",
                "MODIFIEDBY": "None",
                "MODIFIEDDA": "12/31/1899",
                "GlobalID": "739e5868-6d18-4337-8ca7-22fcd511dbd7"
            },
            "geometry": {
                "type": "Point",
                "coordinates": [
                    -80.260640609999939,
                    25.706031440000061
                ]
            }
        },
        {
            "type": "Feature",
            "properties": {
                "Join_Count": "1",
                "TARGET_FID": "206",
                "Project_Na": "East Flagami Neighborhood Flood Improvements",
                "Latitude": "25.77475894",
                "Longitude": "-80.25825768",
                "City": "Miami",
                "Link_to_Da": "https://www.miami.gov/My-Government/Departments/Resilience-and-Public-Works/Resilience-and-Public-Works-Projects-Per-District/District-4-Resilience-and-Public-Works-Projects/East-Flagami-Neighborhood-Flood-Improvements",
                "Implementa": "Department of Resilience and Public Works",
                "Infrastruc": "Gray",
                "Categories": "Flood Control Infrastructure",
                "Disaster_F": "Flooding",
                "New_15_25_": "Design-Build of stormwater infrastructure and associated roadway improvements including new and upsized stormwater inlets and pipes.",
                "Project_St": "2026",
                "Project_En": "2028",
                "Project__1": "Ongoing",
                "Estimated_": "70497876",
                "Additional": "None",
                "OLD___Brie": "Design-Build of stormwater infrastructure and associated roadway improvements including new and upsized stormwater inlets and pipes.",
                "MUNICUID": "34",
                "MUNICID": "01",
                "NAME": "MIAMI",
                "FIPSCODE": "1245000",
                "CREATEDBY": "None",
                "CREATEDDAT": "12/31/1899",
                "MODIFIEDBY": "None",
                "MODIFIEDDA": "12/31/1899",
                "GlobalID": "df52bf02-7c6d-4658-b2cc-c2ddb8cd5281"
            },
            "geometry": {
                "type": "Point",
                "coordinates": [
                    -80.258257679999986,
                    25.774758940000027
                ]
            }
        },
        {
            "type": "Feature",
            "properties": {
                "Join_Count": "1",
                "TARGET_FID": "207",
                "Project_Na": "C-6 Canal Embankment Resiliency",
                "Latitude": "25.9229261",
                "Longitude": "-80.41615855",
                "City": "Miami-Dade County",
                "Link_to_Da": "https://www.miamirivercommission.org/PDF/Agenda%2001.06.2025/Connect2Protect%20Presentation.pdf",
                "Implementa": "SFWMD",
                "Infrastruc": "Gray",
                "Categories": "Flood Control Infrastructure",
                "Disaster_F": "Flooding",
                "New_15_25_": "Strengthen the C-6 Canal embankment through structural reinforcements and vegetation restoration to improve flood protection and resilience against sea-level rise.",
                "Project_St": "Null",
                "Project_En": "Null",
                "Project__1": "Ongoing",
                "Estimated_": "16942494",
                "Additional": "page 195",
                "OLD___Brie": "raising embankments",
                "MUNICUID": "1",
                "MUNICID": "30",
                "NAME": "UNINCORPORATED MIAMI-DADE",
                "FIPSCODE": "0",
                "CREATEDBY": "E316899",
                "CREATEDDAT": "06/22/2023",
                "MODIFIEDBY": "E316899",
                "MODIFIEDDA": "06/22/2023",
                "GlobalID": "b0f0eaf9-b39e-4f70-ae21-2ef071a9e234"
            },
            "geometry": {
                "type": "Point",
                "coordinates": [
                    -80.416158549999977,
                    25.922926100000041
                ]
            }
        },
        {
            "type": "Feature",
            "properties": {
                "Join_Count": "1",
                "TARGET_FID": "208",
                "Project_Na": "S-25A Coastal Structure Resiliency",
                "Latitude": "25.7826676",
                "Longitude": "-80.26976091",
                "City": "Miami",
                "Link_to_Da": "https://floridadep.gov/sites/default/files/SFWMD-Resiliency-Initiatives-FDEP-2.pdf",
                "Implementa": "SFWMD",
                "Infrastruc": "Gray",
                "Categories": "Flood Control Infrastructure",
                "Disaster_F": "Flooding",
                "New_15_25_": "Enhance flood resilience in the C-5 Basin by upgrading the S-25A structure with increased discharge capacity, flood barriers, and structural improvements.",
                "Project_St": "Null",
                "Project_En": "Null",
                "Project__1": "Ongoing",
                "Estimated_": "539504",
                "Additional": "None",
                "OLD___Brie": "tie back flood barriers; passive gravity control structures",
                "MUNICUID": "34",
                "MUNICID": "01",
                "NAME": "MIAMI",
                "FIPSCODE": "1245000",
                "CREATEDBY": "None",
                "CREATEDDAT": "12/31/1899",
                "MODIFIEDBY": "None",
                "MODIFIEDDA": "12/31/1899",
                "GlobalID": "df52bf02-7c6d-4658-b2cc-c2ddb8cd5281"
            },
            "geometry": {
                "type": "Point",
                "coordinates": [
                    -80.269760909999945,
                    25.782667600000025
                ]
            }
        },
        {
            "type": "Feature",
            "properties": {
                "Join_Count": "1",
                "TARGET_FID": "209",
                "Project_Na": "Canal Bank Stabilization",
                "Latitude": "25.71244258",
                "Longitude": "-80.2672603",
                "City": "Coral Gables",
                "Link_to_Da": "https://www.coralgables.com/sites/default/files/2023-04/Utilities-Improvement-Projects-CH.pdf",
                "Implementa": "The City of Coral Gables",
                "Infrastruc": "Hybrid",
                "Categories": "Flood Control Infrastructure",
                "Disaster_F": "Flooding",
                "New_15_25_": "Stabilizes the C-3 Waterway Canal downstream of Flood Control Structure G-93 by reinforcing canal banks to mitigate erosion and protect surrounding areas.",
                "Project_St": "2022",
                "Project_En": "2029",
                "Project__1": "Ongoing",
                "Estimated_": "647287",
                "Additional": "None",
                "OLD___Brie": "This project is to stabilize the C-3 Waterway Canal downstream of the Flood Control Structure G-93 to mitigate erosion of the bank.  It will include reinforcement of the canal banks by various means.",
                "MUNICUID": "43",
                "MUNICID": "03",
                "NAME": "CORAL GABLES",
                "FIPSCODE": "1214250",
                "CREATEDBY": "None",
                "CREATEDDAT": "12/31/1899",
                "MODIFIEDBY": "None",
                "MODIFIEDDA": "12/31/1899",
                "GlobalID": "739e5868-6d18-4337-8ca7-22fcd511dbd7"
            },
            "geometry": {
                "type": "Point",
                "coordinates": [
                    -80.267260299999975,
                    25.712442580000072
                ]
            }
        },
        {
            "type": "Feature",
            "properties": {
                "Join_Count": "1",
                "TARGET_FID": "210",
                "Project_Na": "Pump Station F Renovation",
                "Latitude": "25.70839527",
                "Longitude": "-80.28303095",
                "City": "Coral Gables",
                "Link_to_Da": "https://www.coralgables.com/sites/default/files/2023-04/Utilities-Improvement-Projects-CH.pdf",
                "Implementa": "The City of Coral Gables",
                "Infrastruc": "Gray",
                "Categories": "Flood Control Infrastructure",
                "Disaster_F": "Flooding",
                "New_15_25_": "Upgrades pumps, support structures, and instrument panels, enhancing control system integration and functionality to improve the pump stationÂs reliability and remote operational management.",
                "Project_St": "2022",
                "Project_En": "Null",
                "Project__1": "Ongoing",
                "Estimated_": "124506",
                "Additional": "None",
                "OLD___Brie": "The proposed additional improvements include upgrading the pumps, improvements to the support structure of the pump station, upgrades to the instrument panel and control systems which will allow for greater functionality, integration and control by the C",
                "MUNICUID": "43",
                "MUNICID": "03",
                "NAME": "CORAL GABLES",
                "FIPSCODE": "1214250",
                "CREATEDBY": "None",
                "CREATEDDAT": "12/31/1899",
                "MODIFIEDBY": "None",
                "MODIFIEDDA": "12/31/1899",
                "GlobalID": "739e5868-6d18-4337-8ca7-22fcd511dbd7"
            },
            "geometry": {
                "type": "Point",
                "coordinates": [
                    -80.283030949999954,
                    25.70839527000004
                ]
            }
        },
        {
            "type": "Feature",
            "properties": {
                "Join_Count": "1",
                "TARGET_FID": "211",
                "Project_Na": "C100DN-1E Sub-Basin Drainage Improvements",
                "Latitude": "25.67794714",
                "Longitude": "-80.30890877",
                "City": "Pinecrest",
                "Link_to_Da": "https://www.sfwmd.gov/sites/default/files/documents/cfp_fy17-18_approved_funding_stormwater.pdf",
                "Implementa": "Village of Pinecrest",
                "Infrastruc": "Blue",
                "Categories": "Flood Control Infrastructure",
                "Disaster_F": "Flooding",
                "New_15_25_": "Installs underground stormwater systems, additional drainage inlets, and outfall improvements to optimize water flow and minimize heavy rainfall impacts on surrounding infrastructure.",
                "Project_St": "Null",
                "Project_En": "Null",
                "Project__1": "Ongoing",
                "Estimated_": "1228832",
                "Additional": "None",
                "OLD___Brie": "This project includes new underground stormwater conveyance systems, additional drainage inlets, and improvements to the outfall system. The enhancements aim to optimize water flow and reduce the impact of heavy rainfall events on the surrounding infrast",
                "MUNICUID": "75",
                "MUNICID": "20",
                "NAME": "PINECREST",
                "FIPSCODE": "1256625",
                "CREATEDBY": "None",
                "CREATEDDAT": "12/31/1899",
                "MODIFIEDBY": "None",
                "MODIFIEDDA": "12/31/1899",
                "GlobalID": "fc36b060-f8cf-41e1-b16f-9fa23b5abfaf"
            },
            "geometry": {
                "type": "Point",
                "coordinates": [
                    -80.30890876999996,
                    25.677947140000072
                ]
            }
        },
        {
            "type": "Feature",
            "properties": {
                "Join_Count": "1",
                "TARGET_FID": "212",
                "Project_Na": "C100A-W3N Sub-Basin Drainage Improvements",
                "Latitude": "25.65593249",
                "Longitude": "-80.30905638",
                "City": "Pinecrest",
                "Link_to_Da": "https://www.pinecrest-fl.gov/Government/Manager/Capital-Improvement-Projects/Stormwater-Master-Plan-Implementation",
                "Implementa": "Village of Pinecrest",
                "Infrastruc": "Blue",
                "Categories": "Flood Control Infrastructure",
                "Disaster_F": "Flooding",
                "New_15_25_": "Installs new stormwater pipes, exfiltration trenches, and improved discharge systems to reduce localized flooding, increase infiltration, and enhance stormwater quality before outfall.",
                "Project_St": "Null",
                "Project_En": "Null",
                "Project__1": "Ongoing",
                "Estimated_": "3535767",
                "Additional": "None",
                "OLD___Brie": "The project includes the installation of new stormwater drainage pipes, exfiltration trenches, and an improved discharge system. By increasing infiltration capacity and directing excess runoff to appropriate outfalls, the improvements aim to minimize loc",
                "MUNICUID": "75",
                "MUNICID": "20",
                "NAME": "PINECREST",
                "FIPSCODE": "1256625",
                "CREATEDBY": "None",
                "CREATEDDAT": "12/31/1899",
                "MODIFIEDBY": "None",
                "MODIFIEDDA": "12/31/1899",
                "GlobalID": "fc36b060-f8cf-41e1-b16f-9fa23b5abfaf"
            },
            "geometry": {
                "type": "Point",
                "coordinates": [
                    -80.309056379999959,
                    25.655932490000055
                ]
            }
        },
        {
            "type": "Feature",
            "properties": {
                "Join_Count": "1",
                "TARGET_FID": "213",
                "Project_Na": "Oakwood and East Drive Stormwater and Roadway Improvements",
                "Latitude": "25.80838106",
                "Longitude": "-80.27275262",
                "City": "Miami Springs",
                "Link_to_Da": "https://www.miamisprings-fl.gov/media/58616#:~:text=Page%201,%2D%205%20(SUBJECT%20TO%20CHANGE)",
                "Implementa": "City of Miami Springs",
                "Infrastruc": "Blue",
                "Categories": "Flood Control Infrastructure",
                "Disaster_F": "Flooding",
                "New_15_25_": "The service area will reduce flooding and impacts to private properties and flood related hazards.",
                "Project_St": "2024",
                "Project_En": "Null",
                "Project__1": "Ongoing",
                "Estimated_": "827450",
                "Additional": "None",
                "OLD___Brie": "The service area will reduce flooding and impacts to private properties and flood related hazards.",
                "MUNICUID": "40",
                "MUNICID": "05",
                "NAME": "MIAMI SPRINGS",
                "FIPSCODE": "1245200",
                "CREATEDBY": "None",
                "CREATEDDAT": "12/31/1899",
                "MODIFIEDBY": "None",
                "MODIFIEDDA": "12/31/1899",
                "GlobalID": "c15d42af-b6aa-4fcc-92fa-3234842e7e00"
            },
            "geometry": {
                "type": "Point",
                "coordinates": [
                    -80.272752619999949,
                    25.808381060000045
                ]
            }
        },
        {
            "type": "Feature",
            "properties": {
                "Join_Count": "1",
                "TARGET_FID": "214",
                "Project_Na": "Kinloch Roadway Neighborhood Improvements",
                "Latitude": "25.7751757",
                "Longitude": "-80.27179051",
                "City": "Miami",
                "Link_to_Da": "https://www.miami.gov/My-Government/Departments/Resilience-and-Public-Works/Resilience-and-Public-Works-Projects-Per-District/District-4-Resilience-and-Public-Works-Projects/Kinloch-Roadway-Neighborhood-Improvements",
                "Implementa": "Department of Resilience and Public Works",
                "Infrastruc": "Gray",
                "Categories": "Flood Control Infrastructure",
                "Disaster_F": "Multi-hazard",
                "New_15_25_": "Improve roadway construction and right of way improvements.",
                "Project_St": "2026",
                "Project_En": "2027",
                "Project__1": "Ongoing",
                "Estimated_": "4966264",
                "Additional": "None",
                "OLD___Brie": "Improve roadway construction and right of way improvements.",
                "MUNICUID": "34",
                "MUNICID": "01",
                "NAME": "MIAMI",
                "FIPSCODE": "1245000",
                "CREATEDBY": "None",
                "CREATEDDAT": "12/31/1899",
                "MODIFIEDBY": "None",
                "MODIFIEDDA": "12/31/1899",
                "GlobalID": "df52bf02-7c6d-4658-b2cc-c2ddb8cd5281"
            },
            "geometry": {
                "type": "Point",
                "coordinates": [
                    -80.27179050999996,
                    25.775175700000034
                ]
            }
        },
        {
            "type": "Feature",
            "properties": {
                "Join_Count": "1",
                "TARGET_FID": "215",
                "Project_Na": "Drainage Improvements",
                "Latitude": "25.72425565",
                "Longitude": "-80.30048158",
                "City": "South Miami",
                "Link_to_Da": "https://www.southmiamifl.gov/685/Budget-Reports",
                "Implementa": "The City of South Miami",
                "Infrastruc": "Gray",
                "Categories": "Flood Control Infrastructure",
                "Disaster_F": "Flooding",
                "New_15_25_": "Addresses resident-reported flooding at SW 59th Place and SW 56th Terrace; project is in design, with construction expected to begin in early FY 2025.",
                "Project_St": "2025",
                "Project_En": "Null",
                "Project__1": "Ongoing",
                "Estimated_": "120000",
                "Additional": "None",
                "OLD___Brie": "A flooding request was received from residents at SW 59th Place and SW 56th Terrace and is currently under design. Once design is finalized the construction is anticipated to follow in the first quarter of FY 2025.",
                "MUNICUID": "69",
                "MUNICID": "09",
                "NAME": "SOUTH MIAMI",
                "FIPSCODE": "1267550",
                "CREATEDBY": "None",
                "CREATEDDAT": "12/31/1899",
                "MODIFIEDBY": "None",
                "MODIFIEDDA": "12/31/1899",
                "GlobalID": "469b1b5f-a0d3-4fbc-9ae6-550905d80a00"
            },
            "geometry": {
                "type": "Point",
                "coordinates": [
                    -80.300481579999939,
                    25.724255650000032
                ]
            }
        },
        {
            "type": "Feature",
            "properties": {
                "Join_Count": "1",
                "TARGET_FID": "216",
                "Project_Na": "C2-S-9NE Sub-Basin Drainage Improvements",
                "Latitude": "25.68916908",
                "Longitude": "-80.28485603",
                "City": "Pinecrest",
                "Link_to_Da": "https://www.pinecrest-fl.gov/Government/Manager/Capital-Improvement-Projects/Stormwater-Master-Plan-Implementation",
                "Implementa": "Village of Pinecrest",
                "Infrastruc": "Hybrid",
                "Categories": "Flood Control Infrastructure",
                "Disaster_F": "Flooding",
                "New_15_25_": "Adds culverts, stormwater retention areas, and upgraded discharge systems to improve drainage efficiency and ensure controlled stormwater release during high-intensity rainfall events.",
                "Project_St": "Null",
                "Project_En": "Null",
                "Project__1": "Ongoing",
                "Estimated_": "3558843",
                "Additional": "None",
                "OLD___Brie": "This project consists of additional culverts, stormwater retention areas, and upgraded discharge mechanisms. These features are intended to increase the drainage systemÂs efficiency and provide a more controlled release of stormwater during high-inten",
                "MUNICUID": "75",
                "MUNICID": "20",
                "NAME": "PINECREST",
                "FIPSCODE": "1256625",
                "CREATEDBY": "None",
                "CREATEDDAT": "12/31/1899",
                "MODIFIEDBY": "None",
                "MODIFIEDDA": "12/31/1899",
                "GlobalID": "fc36b060-f8cf-41e1-b16f-9fa23b5abfaf"
            },
            "geometry": {
                "type": "Point",
                "coordinates": [
                    -80.284856029999958,
                    25.689169080000056
                ]
            }
        },
        {
            "type": "Feature",
            "properties": {
                "Join_Count": "1",
                "TARGET_FID": "217",
                "Project_Na": "U35-S Sub-Basin Drainage Improvements",
                "Latitude": "25.67287367",
                "Longitude": "-80.30927548",
                "City": "Pinecrest",
                "Link_to_Da": "https://www.pinecrest-fl.gov/Government/Manager/Capital-Improvement-Projects/Stormwater-Master-Plan-Implementation",
                "Implementa": "Village of Pinecrest",
                "Infrastruc": "Gray",
                "Categories": "Flood Control Infrastructure",
                "Disaster_F": "Flooding",
                "New_15_25_": "Enhances stormwater conveyance with larger culverts, improved drainage channels, and new treatment areas to increase flow efficiency and ensure effective management before discharge.",
                "Project_St": "Null",
                "Project_En": "Null",
                "Project__1": "Ongoing",
                "Estimated_": "981252",
                "Additional": "None",
                "OLD___Brie": "This project involves enhancing stormwater conveyance through the installation of larger culverts, improved drainage channels, and new stormwater treatment areas. The focus is on increasing flow efficiency and ensuring that stormwater is effectively mana",
                "MUNICUID": "75",
                "MUNICID": "20",
                "NAME": "PINECREST",
                "FIPSCODE": "1256625",
                "CREATEDBY": "None",
                "CREATEDDAT": "12/31/1899",
                "MODIFIEDBY": "None",
                "MODIFIEDDA": "12/31/1899",
                "GlobalID": "fc36b060-f8cf-41e1-b16f-9fa23b5abfaf"
            },
            "geometry": {
                "type": "Point",
                "coordinates": [
                    -80.30927547999994,
                    25.672873670000058
                ]
            }
        },
        {
            "type": "Feature",
            "properties": {
                "Join_Count": "1",
                "TARGET_FID": "218",
                "Project_Na": "Tamiami Canal Blvd Improvement Project",
                "Latitude": "25.76885532",
                "Longitude": "-80.31044863",
                "City": "Miami",
                "Link_to_Da": "https://www.miami.gov/My-Government/Departments/Resilience-and-Public-Works/Resilience-and-Public-Works-Projects-Per-District/District-4-Resilience-and-Public-Works-Projects/Tamiami-Canal-Blvd-Improvement-Project",
                "Implementa": "Department of Resilience and Public Works",
                "Infrastruc": "Gray",
                "Categories": "Flood Control Infrastructure",
                "Disaster_F": "Multi-hazard",
                "New_15_25_": "Design and construction of right of way improvements including roadway improvements.",
                "Project_St": "2026",
                "Project_En": "2027",
                "Project__1": "Ongoing",
                "Estimated_": "7215420",
                "Additional": "None",
                "OLD___Brie": "Design and construction of right of way improvements including roadway improvements.",
                "MUNICUID": "34",
                "MUNICID": "01",
                "NAME": "MIAMI",
                "FIPSCODE": "1245000",
                "CREATEDBY": "None",
                "CREATEDDAT": "12/31/1899",
                "MODIFIEDBY": "None",
                "MODIFIEDDA": "12/31/1899",
                "GlobalID": "df52bf02-7c6d-4658-b2cc-c2ddb8cd5281"
            },
            "geometry": {
                "type": "Point",
                "coordinates": [
                    -80.310448629999939,
                    25.768855320000057
                ]
            }
        },
        {
            "type": "Feature",
            "properties": {
                "Join_Count": "1",
                "TARGET_FID": "219",
                "Project_Na": "Drainage Improvements",
                "Latitude": "25.71166911",
                "Longitude": "-80.28973716",
                "City": "South Miami",
                "Link_to_Da": "https://www.southmiamifl.gov/685/Budget-Reports",
                "Implementa": "The City of South Miami",
                "Infrastruc": "Hybrid",
                "Categories": "Flood Control Infrastructure",
                "Disaster_F": "Flooding",
                "New_15_25_": "Construction planned for SW 59th Avenue from SW 64th to SW 66th Street includes new drainage systems, exfiltration drains, culverts, inlets, manholes, paving, and landscaping.",
                "Project_St": "2025",
                "Project_En": "Null",
                "Project__1": "Ongoing",
                "Estimated_": "100000",
                "Additional": "None",
                "OLD___Brie": "Construction drawings are being developed and Construction is anticipated to be start first quarter of FY 2025 for drainage improvements at SW 59th Avenue from SW 64th Street to SW 66th Street.  The drainage improvements will consist of installing a new",
                "MUNICUID": "69",
                "MUNICID": "09",
                "NAME": "SOUTH MIAMI",
                "FIPSCODE": "1267550",
                "CREATEDBY": "None",
                "CREATEDDAT": "12/31/1899",
                "MODIFIEDBY": "None",
                "MODIFIEDDA": "12/31/1899",
                "GlobalID": "469b1b5f-a0d3-4fbc-9ae6-550905d80a00"
            },
            "geometry": {
                "type": "Point",
                "coordinates": [
                    -80.289737159999959,
                    25.711669110000059
                ]
            }
        },
        {
            "type": "Feature",
            "properties": {
                "Join_Count": "1",
                "TARGET_FID": "220",
                "Project_Na": "C100A-E-1 Sub-Basin Drainage Improvements",
                "Latitude": "25.6529155",
                "Longitude": "-80.30415601",
                "City": "Pinecrest",
                "Link_to_Da": "https://www.pinecrest-fl.gov/Government/Manager/Capital-Improvement-Projects/Stormwater-Master-Plan-Implementation",
                "Implementa": "Village of Pinecrest",
                "Infrastruc": "Gray",
                "Categories": "Flood Control Infrastructure",
                "Disaster_F": "Flooding",
                "New_15_25_": "Expands the drainage network, adds new pumps, and improves outfall conditions to manage higher runoff, enhancing drainage performance and reducing flood susceptibility.",
                "Project_St": "Null",
                "Project_En": "Null",
                "Project__1": "Ongoing",
                "Estimated_": "1714848",
                "Additional": "None",
                "OLD___Brie": "The proposed work includes expanding the existing drainage network, installing new pumps, and improving outfall conditions to handle increased runoff volumes. The goal is to enhance drainage performance and reduce flooding susceptibility.",
                "MUNICUID": "75",
                "MUNICID": "20",
                "NAME": "PINECREST",
                "FIPSCODE": "1256625",
                "CREATEDBY": "None",
                "CREATEDDAT": "12/31/1899",
                "MODIFIEDBY": "None",
                "MODIFIEDDA": "12/31/1899",
                "GlobalID": "fc36b060-f8cf-41e1-b16f-9fa23b5abfaf"
            },
            "geometry": {
                "type": "Point",
                "coordinates": [
                    -80.304156009999986,
                    25.652915500000063
                ]
            }
        },
        {
            "type": "Feature",
            "properties": {
                "Join_Count": "1",
                "TARGET_FID": "221",
                "Project_Na": "C-100 Canal Restoration Coordination Projects",
                "Latitude": "25.67099893",
                "Longitude": "-80.32172165",
                "City": "Pinecrest",
                "Link_to_Da": "https://www.sfwmd.gov/our-work/c100a-canal",
                "Implementa": "U.S. Army Corps of Engineers",
                "Infrastruc": "Hybrid",
                "Categories": "Flood Control Infrastructure",
                "Disaster_F": "Multi-hazard",
                "New_15_25_": "Coordination with SFWMD on canal/flow improvements to reduce flooding",
                "Project_St": "2016",
                "Project_En": "Null",
                "Project__1": "Ongoing",
                "Estimated_": "0",
                "Additional": "None",
                "OLD___Brie": "Coordination with SFWMD on canal/flow improvements to reduce flooding",
                "MUNICUID": "1",
                "MUNICID": "30",
                "NAME": "UNINCORPORATED MIAMI-DADE",
                "FIPSCODE": "0",
                "CREATEDBY": "E316899",
                "CREATEDDAT": "06/22/2023",
                "MODIFIEDBY": "E316899",
                "MODIFIEDDA": "06/22/2023",
                "GlobalID": "b0f0eaf9-b39e-4f70-ae21-2ef071a9e234"
            },
            "geometry": {
                "type": "Point",
                "coordinates": [
                    -80.321721649999972,
                    25.670998930000053
                ]
            }
        },
        {
            "type": "Feature",
            "properties": {
                "Join_Count": "1",
                "TARGET_FID": "222",
                "Project_Na": "U32-S Sub-Basin Drainage Improvements",
                "Latitude": "25.64905361",
                "Longitude": "-80.30833856",
                "City": "Pinecrest",
                "Link_to_Da": "https://www.pinecrest-fl.gov/Government/Manager/Capital-Improvement-Projects/Stormwater-Master-Plan-Implementation",
                "Implementa": "Village of Pinecrest",
                "Infrastruc": "Gray",
                "Categories": "Flood Control Infrastructure",
                "Disaster_F": "Flooding",
                "New_15_25_": "Installs larger pipes, improves slope grading, and enhances runoff management to optimize stormwater flow, increase drainage efficiency, and reduce standing water issues.",
                "Project_St": "Null",
                "Project_En": "Null",
                "Project__1": "Ongoing",
                "Estimated_": "4644125",
                "Additional": "None",
                "OLD___Brie": "This project is focused on increasing drainage efficiency by installing larger pipes, improving slope grading, and enhancing overall runoff management. The upgrades aim to optimize stormwater flow paths and reduce standing water issues.",
                "MUNICUID": "75",
                "MUNICID": "20",
                "NAME": "PINECREST",
                "FIPSCODE": "1256625",
                "CREATEDBY": "None",
                "CREATEDDAT": "12/31/1899",
                "MODIFIEDBY": "None",
                "MODIFIEDDA": "12/31/1899",
                "GlobalID": "fc36b060-f8cf-41e1-b16f-9fa23b5abfaf"
            },
            "geometry": {
                "type": "Point",
                "coordinates": [
                    -80.308338559999981,
                    25.649053610000067
                ]
            }
        },
        {
            "type": "Feature",
            "properties": {
                "Join_Count": "1",
                "TARGET_FID": "223",
                "Project_Na": "C100DN-1W Sub-Basin Drainage Improvements",
                "Latitude": "25.67779905",
                "Longitude": "-80.30991914",
                "City": "Pinecrest",
                "Link_to_Da": "https://www.pinecrest-fl.gov/Government/Manager/Capital-Improvement-Projects/Stormwater-Master-Plan-Implementation",
                "Implementa": "Village of Pinecrest",
                "Infrastruc": "Hybrid",
                "Categories": "Flood Control Infrastructure",
                "Disaster_F": "Flooding",
                "New_15_25_": "Upgrades existing stormwater infrastructure with larger RCP pipes, new catch basins, and outfall modifications to reduce street flooding, prevent stagnation, and improve drainage efficiency.",
                "Project_St": "2025",
                "Project_En": "Null",
                "Project__1": "Ongoing",
                "Estimated_": "3094682",
                "Additional": "None",
                "OLD___Brie": "The proposed improvements focus on upgrading the existing stormwater infrastructure with larger diameter RCP pipes, new catch basins, and modifications to the outfall system. These enhancements aim to prevent water stagnation, reduce street flooding, and",
                "MUNICUID": "75",
                "MUNICID": "20",
                "NAME": "PINECREST",
                "FIPSCODE": "1256625",
                "CREATEDBY": "None",
                "CREATEDDAT": "12/31/1899",
                "MODIFIEDBY": "None",
                "MODIFIEDDA": "12/31/1899",
                "GlobalID": "fc36b060-f8cf-41e1-b16f-9fa23b5abfaf"
            },
            "geometry": {
                "type": "Point",
                "coordinates": [
                    -80.309919139999977,
                    25.677799050000033
                ]
            }
        },
        {
            "type": "Feature",
            "properties": {
                "Join_Count": "1",
                "TARGET_FID": "224",
                "Project_Na": "C100A-5 Sub-Basin Drainage Improvements",
                "Latitude": "25.64810307",
                "Longitude": "-80.30628315",
                "City": "Pinecrest",
                "Link_to_Da": "https://www.pinecrest-fl.gov/Government/Manager/Capital-Improvement-Projects/Stormwater-Master-Plan-Implementation",
                "Implementa": "Village of Pinecrest",
                "Infrastruc": "Gray",
                "Categories": "Flood Control Infrastructure",
                "Disaster_F": "Flooding",
                "New_15_25_": "Installs upgraded stormwater pipes, new exfiltration trenches, and improved flow management to enhance stormwater transport efficiency and reduce local flooding risks.",
                "Project_St": "Null",
                "Project_En": "Null",
                "Project__1": "Ongoing",
                "Estimated_": "4261880",
                "Additional": "None",
                "OLD___Brie": "The project involves installing upgraded stormwater collection pipes, new exfiltration trenches, and improved flow management features. These enhancements will provide a more efficient means of stormwater transport and mitigate flooding risks in the area",
                "MUNICUID": "75",
                "MUNICID": "20",
                "NAME": "PINECREST",
                "FIPSCODE": "1256625",
                "CREATEDBY": "None",
                "CREATEDDAT": "12/31/1899",
                "MODIFIEDBY": "None",
                "MODIFIEDDA": "12/31/1899",
                "GlobalID": "fc36b060-f8cf-41e1-b16f-9fa23b5abfaf"
            },
            "geometry": {
                "type": "Point",
                "coordinates": [
                    -80.306283149999956,
                    25.648103070000047
                ]
            }
        },
        {
            "type": "Feature",
            "properties": {
                "Join_Count": "1",
                "TARGET_FID": "225",
                "Project_Na": "C100A-W3S Sub-Basin Drainage Improvements",
                "Latitude": "25.64815337",
                "Longitude": "-80.31389797",
                "City": "Pinecrest",
                "Link_to_Da": "https://www.pinecrest-fl.gov/Government/Manager/Capital-Improvement-Projects/Stormwater-Master-Plan-Implementation",
                "Implementa": "Village of Pinecrest",
                "Infrastruc": "Gray",
                "Categories": "Flood Control Infrastructure",
                "Disaster_F": "Flooding",
                "New_15_25_": "Installs new exfiltration systems, upsizes pipes, and upgrades drainage infrastructure to enhance flood control and prevent excessive surface runoff accumulation.",
                "Project_St": "Null",
                "Project_En": "Null",
                "Project__1": "Ongoing",
                "Estimated_": "2208589",
                "Additional": "None",
                "OLD___Brie": "This project consists of installing new exfiltration systems, increasing pipe sizes, and upgrading drainage infrastructure to improve flood control and prevent excessive surface runoff accumulation.",
                "MUNICUID": "75",
                "MUNICID": "20",
                "NAME": "PINECREST",
                "FIPSCODE": "1256625",
                "CREATEDBY": "None",
                "CREATEDDAT": "12/31/1899",
                "MODIFIEDBY": "None",
                "MODIFIEDDA": "12/31/1899",
                "GlobalID": "fc36b060-f8cf-41e1-b16f-9fa23b5abfaf"
            },
            "geometry": {
                "type": "Point",
                "coordinates": [
                    -80.313897969999971,
                    25.648153370000045
                ]
            }
        },
        {
            "type": "Feature",
            "properties": {
                "Join_Count": "1",
                "TARGET_FID": "226",
                "Project_Na": "C100D-N-1 Sub-Basin Drainage Improvements",
                "Latitude": "25.68809211",
                "Longitude": "-80.30479461",
                "City": "Pinecrest",
                "Link_to_Da": "https://www.pinecrest-fl.gov/Government/Manager/Capital-Improvement-Projects/Stormwater-Master-Plan-Implementation",
                "Implementa": "Village of Pinecrest",
                "Infrastruc": "Blue",
                "Categories": "Flood Control Infrastructure",
                "Disaster_F": "Flooding",
                "New_15_25_": "Adds stormwater detention structures, new catch basins, and reinforced outfall systems to improve flood resilience and increase stormwater storage capacity.",
                "Project_St": "Null",
                "Project_En": "Null",
                "Project__1": "Ongoing",
                "Estimated_": "627709",
                "Additional": "None",
                "OLD___Brie": "Planned enhancements include stormwater detention structures, new catch basins, and reinforced outfall systems to provide better flood resilience and stormwater storage capacity.",
                "MUNICUID": "75",
                "MUNICID": "20",
                "NAME": "PINECREST",
                "FIPSCODE": "1256625",
                "CREATEDBY": "None",
                "CREATEDDAT": "12/31/1899",
                "MODIFIEDBY": "None",
                "MODIFIEDDA": "12/31/1899",
                "GlobalID": "fc36b060-f8cf-41e1-b16f-9fa23b5abfaf"
            },
            "geometry": {
                "type": "Point",
                "coordinates": [
                    -80.304794609999988,
                    25.688092110000071
                ]
            }
        },
        {
            "type": "Feature",
            "properties": {
                "Join_Count": "1",
                "TARGET_FID": "227",
                "Project_Na": "U29-S Sub Basin Drainage Improvements",
                "Latitude": "25.66549993",
                "Longitude": "-80.31367355",
                "City": "Pinecrest",
                "Link_to_Da": "https://www.pinecrest-fl.gov/Government/Manager/Capital-Improvement-Projects/Stormwater-Master-Plan-Implementation",
                "Implementa": "Village of Pinecrest",
                "Infrastruc": "Gray",
                "Categories": "Flood Control Infrastructure",
                "Disaster_F": "Flooding",
                "New_15_25_": "Installs a new stormwater system with reinforced concrete pipes, additional inlets, and a pump station to enhance flood mitigation and efficiently manage stormwater runoff.",
                "Project_St": "Null",
                "Project_En": "Null",
                "Project__1": "Ongoing",
                "Estimated_": "2361083",
                "Additional": "None",
                "OLD___Brie": "This project proposes the installation of a new stormwater management system, including reinforced concrete pipes (RCP), additional drainage inlets, and a new pump station. The primary goal is to improve flood mitigation in the area by increasing the sys",
                "MUNICUID": "75",
                "MUNICID": "20",
                "NAME": "PINECREST",
                "FIPSCODE": "1256625",
                "CREATEDBY": "None",
                "CREATEDDAT": "12/31/1899",
                "MODIFIEDBY": "None",
                "MODIFIEDDA": "12/31/1899",
                "GlobalID": "fc36b060-f8cf-41e1-b16f-9fa23b5abfaf"
            },
            "geometry": {
                "type": "Point",
                "coordinates": [
                    -80.313673549999976,
                    25.665499930000067
                ]
            }
        },
        {
            "type": "Feature",
            "properties": {
                "Join_Count": "1",
                "TARGET_FID": "228",
                "Project_Na": "Sub-Basin #43 Drainage Improvements",
                "Latitude": "25.61646195",
                "Longitude": "-80.31351835",
                "City": "Palmetto Bay",
                "Link_to_Da": "https://www.palmettobay-fl.gov/1236/Stormwater-Master-Plan",
                "Implementa": "Village of Palmetto Bay",
                "Infrastruc": "Gray",
                "Categories": "Flood Control Infrastructure",
                "Disaster_F": "Flooding",
                "New_15_25_": "Enhancing stormwater infrastructure in Sub-Basin #43 to reduce flooding and improve water quality, with design and permitting in progress.",
                "Project_St": "Null",
                "Project_En": "Null",
                "Project__1": "Ongoing",
                "Estimated_": "1570000",
                "Additional": "None",
                "OLD___Brie": "The project involves replacing outdated stormwater pipes with larger diameter alternatives to accommodate increased flow. Existing outfall structures will be reinforced to prevent erosion and blockages. Additional catch basins will be installed in areas",
                "MUNICUID": "76",
                "MUNICID": "33",
                "NAME": "PALMETTO BAY",
                "FIPSCODE": "1254275",
                "CREATEDBY": "None",
                "CREATEDDAT": "12/31/1899",
                "MODIFIEDBY": "None",
                "MODIFIEDDA": "12/31/1899",
                "GlobalID": "88d5404d-a956-49f2-b412-d6cc89bfa9e3"
            },
            "geometry": {
                "type": "Point",
                "coordinates": [
                    -80.313518349999981,
                    25.61646195000003
                ]
            }
        },
        {
            "type": "Feature",
            "properties": {
                "Join_Count": "1",
                "TARGET_FID": "229",
                "Project_Na": "Sub-Basin #42 Drainage Improvements",
                "Latitude": "25.6132268",
                "Longitude": "-80.31629032",
                "City": "Palmetto Bay",
                "Link_to_Da": "https://www.palmettobay-fl.gov/1236/Stormwater-Master-Plan",
                "Implementa": "Village of Palmetto Bay",
                "Infrastruc": "Hybrid",
                "Categories": "Flood Control Infrastructure",
                "Disaster_F": "Flooding",
                "New_15_25_": "Enhancing stormwater infrastructure in Sub-Basin #42 to reduce flooding and improve water quality, with design and permitting in progress.",
                "Project_St": "Null",
                "Project_En": "Null",
                "Project__1": "Ongoing",
                "Estimated_": "930000",
                "Additional": "None",
                "OLD___Brie": "Key upgrades include reconstructing sections of storm drains that currently cause localized flooding. A detention basin will be added near a major roadway intersection to capture excess runoff. Additionally, streambank stabilization techniques will be em",
                "MUNICUID": "76",
                "MUNICID": "33",
                "NAME": "PALMETTO BAY",
                "FIPSCODE": "1254275",
                "CREATEDBY": "None",
                "CREATEDDAT": "12/31/1899",
                "MODIFIEDBY": "None",
                "MODIFIEDDA": "12/31/1899",
                "GlobalID": "88d5404d-a956-49f2-b412-d6cc89bfa9e3"
            },
            "geometry": {
                "type": "Point",
                "coordinates": [
                    -80.31629031999995,
                    25.613226800000064
                ]
            }
        },
        {
            "type": "Feature",
            "properties": {
                "Join_Count": "1",
                "TARGET_FID": "230",
                "Project_Na": "U28-E Sub-Basin Drainage Improvements",
                "Latitude": "25.66931873",
                "Longitude": "-80.31670968",
                "City": "Pinecrest",
                "Link_to_Da": "https://www.pinecrest-fl.gov/Government/Manager/Capital-Improvement-Projects/Stormwater-Master-Plan-Implementation",
                "Implementa": "Village of Pinecrest",
                "Infrastruc": "Hybrid",
                "Categories": "Flood Control Infrastructure",
                "Disaster_F": "Flooding",
                "New_15_25_": "Upgrades stormwater pipes, adds drainage inlets, and incorporates retention basins to increase storage capacity, control runoff, and reduce flooding frequency and severity.",
                "Project_St": "Null",
                "Project_En": "Null",
                "Project__1": "Ongoing",
                "Estimated_": "3615130",
                "Additional": "None",
                "OLD___Brie": "The drainage improvements involve upgrading stormwater pipes, adding additional drainage inlets, and incorporating retention basins to enhance storage capacity and control runoff. The measures aim to reduce the frequency and severity of flooding in the a",
                "MUNICUID": "75",
                "MUNICID": "20",
                "NAME": "PINECREST",
                "FIPSCODE": "1256625",
                "CREATEDBY": "None",
                "CREATEDDAT": "12/31/1899",
                "MODIFIEDBY": "None",
                "MODIFIEDDA": "12/31/1899",
                "GlobalID": "fc36b060-f8cf-41e1-b16f-9fa23b5abfaf"
            },
            "geometry": {
                "type": "Point",
                "coordinates": [
                    -80.316709679999974,
                    25.669318730000043
                ]
            }
        },
        {
            "type": "Feature",
            "properties": {
                "Join_Count": "1",
                "TARGET_FID": "231",
                "Project_Na": "Sub-Basin #41 Drainage Improvements",
                "Latitude": "25.60936332",
                "Longitude": "-80.31619432",
                "City": "Palmetto Bay",
                "Link_to_Da": "https://www.palmettobay-fl.gov/1236/Stormwater-Master-Plan",
                "Implementa": "Village of Palmetto Bay",
                "Infrastruc": "Gray",
                "Categories": "Flood Control Infrastructure",
                "Disaster_F": "Flooding",
                "New_15_25_": "Enhancing stormwater infrastructure in Sub-Basin #41 to reduce flooding and improve water quality, with design and permitting in progress.",
                "Project_St": "Null",
                "Project_En": "Null",
                "Project__1": "Ongoing",
                "Estimated_": "1270000",
                "Additional": "None",
                "OLD___Brie": "Proposed measures include enlarging culverts at key crossings to eliminate existing capacity restrictions. Stormwater ditches will be widened and lined with erosion control materials to prevent washout. A minor realignment of certain drainage paths is al",
                "MUNICUID": "76",
                "MUNICID": "33",
                "NAME": "PALMETTO BAY",
                "FIPSCODE": "1254275",
                "CREATEDBY": "None",
                "CREATEDDAT": "12/31/1899",
                "MODIFIEDBY": "None",
                "MODIFIEDDA": "12/31/1899",
                "GlobalID": "88d5404d-a956-49f2-b412-d6cc89bfa9e3"
            },
            "geometry": {
                "type": "Point",
                "coordinates": [
                    -80.316194319999966,
                    25.609363320000057
                ]
            }
        },
        {
            "type": "Feature",
            "properties": {
                "Join_Count": "1",
                "TARGET_FID": "232",
                "Project_Na": "Old Cutler Omni Pines Drainage Improvements",
                "Latitude": "25.58138326",
                "Longitude": "-80.33792329",
                "City": "Cutler Bay",
                "Link_to_Da": "https://www.cutlerbay-fl.gov/sites/default/files/fileattachments/town_manager/page/2211/cutler_bay_swmp-update_1_1-compressed.pdf",
                "Implementa": "Town of Cutler Bay Public Works Division",
                "Infrastruc": "Hybrid",
                "Categories": "Flood Control Infrastructure",
                "Disaster_F": "Flooding",
                "New_15_25_": "Improve drainage performance and prevents flooding through new pipes, exfiltration trenches, catch basins, manholes, swale restoration, and pollution-control infrastructure upgrades.",
                "Project_St": "Null",
                "Project_En": "Null",
                "Project__1": "Ongoing",
                "Estimated_": "970000",
                "Additional": "None",
                "OLD___Brie": "Infrastructure improvements in this project include 2,240 feet of drainage pipes, 520 feet of exfiltration trenches, and new pollution retardant baffles. The installation of curb inlet catch basins, additional manholes, and swale restoration will improve",
                "MUNICUID": "77",
                "MUNICID": "36",
                "NAME": "CUTLER BAY",
                "FIPSCODE": "1215968",
                "CREATEDBY": "None",
                "CREATEDDAT": "12/31/1899",
                "MODIFIEDBY": "None",
                "MODIFIEDDA": "12/31/1899",
                "GlobalID": "706f6e89-d110-4e47-ad52-d8aecc500d1b"
            },
            "geometry": {
                "type": "Point",
                "coordinates": [
                    -80.337923289999935,
                    25.581383260000052
                ]
            }
        },
        {
            "type": "Feature",
            "properties": {
                "Join_Count": "1",
                "TARGET_FID": "233",
                "Project_Na": "Omni Estates Drainage Improvements",
                "Latitude": "25.59908713",
                "Longitude": "-80.32847086",
                "City": "Cutler Bay",
                "Link_to_Da": "https://www.cutlerbay-fl.gov/sites/default/files/fileattachments/town_manager/page/2211/cutler_bay_swmp-update_1_1-compressed.pdf",
                "Implementa": "Town of Cutler Bay Public Works Division",
                "Infrastruc": "Gray",
                "Categories": "Flood Control Infrastructure",
                "Disaster_F": "Flooding",
                "New_15_25_": "Upgrade drainage infrastructure with new pipes, exfiltration trenches, and catch basins to reduce flooding and enhance stormwater conveyance and water quality.",
                "Project_St": "Null",
                "Project_En": "Null",
                "Project__1": "Ongoing",
                "Estimated_": "1150000",
                "Additional": "None",
                "OLD___Brie": "Will upgrade drainage infrastructure to prevent roadway and property flooding. The project includes 860 feet of new drainage pipes, 2,000 feet of exfiltration trench installation, and 19 catch basins to improve stormwater conveyance. Additional measures",
                "MUNICUID": "77",
                "MUNICID": "36",
                "NAME": "CUTLER BAY",
                "FIPSCODE": "1215968",
                "CREATEDBY": "None",
                "CREATEDDAT": "12/31/1899",
                "MODIFIEDBY": "None",
                "MODIFIEDDA": "12/31/1899",
                "GlobalID": "706f6e89-d110-4e47-ad52-d8aecc500d1b"
            },
            "geometry": {
                "type": "Point",
                "coordinates": [
                    -80.328470859999982,
                    25.599087130000044
                ]
            }
        },
        {
            "type": "Feature",
            "properties": {
                "Join_Count": "1",
                "TARGET_FID": "234",
                "Project_Na": "Cantamar Drainage Improvements",
                "Latitude": "25.5742573",
                "Longitude": "-80.33164743",
                "City": "Cutler Bay",
                "Link_to_Da": "https://www.cutlerbay-fl.gov/sites/default/files/fileattachments/town_manager/page/2211/cutler_bay_swmp-update_1_1-compressed.pdf",
                "Implementa": "Town of Cutler Bay Public Works Division",
                "Infrastruc": "Hybrid",
                "Categories": "Flood Control Infrastructure",
                "Disaster_F": "Flooding",
                "New_15_25_": "Addresse drainage inadequacies and prevent roadway flooding through new pipes, exfiltration trenches, and catch basins, with added swales, manholes, and pollution-control measures.",
                "Project_St": "Null",
                "Project_En": "Null",
                "Project__1": "Ongoing",
                "Estimated_": "1976000",
                "Additional": "None",
                "OLD___Brie": "This project will install significant new stormwater infrastructure, including over 2,500 feet of drainage pipes, 1,500 feet of exfiltration trenches, and 28 new catch basins. The improvements will also include new pollution retardant baffles, sediment t",
                "MUNICUID": "77",
                "MUNICID": "36",
                "NAME": "CUTLER BAY",
                "FIPSCODE": "1215968",
                "CREATEDBY": "None",
                "CREATEDDAT": "12/31/1899",
                "MODIFIEDBY": "None",
                "MODIFIEDDA": "12/31/1899",
                "GlobalID": "706f6e89-d110-4e47-ad52-d8aecc500d1b"
            },
            "geometry": {
                "type": "Point",
                "coordinates": [
                    -80.331647429999975,
                    25.574257300000056
                ]
            }
        },
        {
            "type": "Feature",
            "properties": {
                "Join_Count": "1",
                "TARGET_FID": "235",
                "Project_Na": "Sub-Basin #57/96 Drainage Improvements",
                "Latitude": "25.62505528",
                "Longitude": "-80.33538253",
                "City": "Palmetto Bay",
                "Link_to_Da": "https://www.palmettobay-fl.gov/1236/Stormwater-Master-Plan",
                "Implementa": "Village of Palmetto Bay",
                "Infrastruc": "Blue",
                "Categories": "Flood Control Infrastructure",
                "Disaster_F": "Flooding",
                "New_15_25_": "Enhancing stormwater infrastructure in Sub-Basin 57/96 to mitigate flooding, improve water quality, and increase resilience against sea-level rise.",
                "Project_St": "Null",
                "Project_En": "Null",
                "Project__1": "Ongoing",
                "Estimated_": "2160000",
                "Additional": "None",
                "OLD___Brie": "Major channel modifications will be undertaken to improve flow direction and reduce bottlenecks. A combination of new detention ponds and enlarged conveyance structures will be implemented to manage stormwater surges. The project also includes enhancing",
                "MUNICUID": "76",
                "MUNICID": "33",
                "NAME": "PALMETTO BAY",
                "FIPSCODE": "1254275",
                "CREATEDBY": "None",
                "CREATEDDAT": "12/31/1899",
                "MODIFIEDBY": "None",
                "MODIFIEDDA": "12/31/1899",
                "GlobalID": "88d5404d-a956-49f2-b412-d6cc89bfa9e3"
            },
            "geometry": {
                "type": "Point",
                "coordinates": [
                    -80.335382529999947,
                    25.625055280000026
                ]
            }
        },
        {
            "type": "Feature",
            "properties": {
                "Join_Count": "1",
                "TARGET_FID": "236",
                "Project_Na": "Bel Aire Sec. 2.1 Drainage Improvements",
                "Latitude": "25.59313825",
                "Longitude": "-80.34957333",
                "City": "Cutler Bay",
                "Link_to_Da": "https://www.cutlerbay-fl.gov/sites/default/files/fileattachments/town_manager/page/2211/cutler_bay_swmp-update_1_1-compressed.pdf",
                "Implementa": "Town of Cutler Bay Public Works Division",
                "Infrastruc": "Gray",
                "Categories": "Flood Control Infrastructure",
                "Disaster_F": "Flooding",
                "New_15_25_": "Enhances drainage efficiency and prevents roadway flooding through new pipes, catch basins, and exfiltration trenches, with added swale restoration and pollution-control measures.",
                "Project_St": "Null",
                "Project_En": "Null",
                "Project__1": "Ongoing",
                "Estimated_": "1629000",
                "Additional": "None",
                "OLD___Brie": "This project will install additional drainage pipes, catch basins, and exfiltration trenches. The project will enhance drainage efficiency and prevent flood accumulation in roadways. New pollution prevention measures will improve water quality in storm r",
                "MUNICUID": "77",
                "MUNICID": "36",
                "NAME": "CUTLER BAY",
                "FIPSCODE": "1215968",
                "CREATEDBY": "None",
                "CREATEDDAT": "12/31/1899",
                "MODIFIEDBY": "None",
                "MODIFIEDDA": "12/31/1899",
                "GlobalID": "706f6e89-d110-4e47-ad52-d8aecc500d1b"
            },
            "geometry": {
                "type": "Point",
                "coordinates": [
                    -80.349573329999942,
                    25.593138250000038
                ]
            }
        },
        {
            "type": "Feature",
            "properties": {
                "Join_Count": "1",
                "TARGET_FID": "237",
                "Project_Na": "Cutler Ridge Sec. 4 Drainage Improvements",
                "Latitude": "25.57511828",
                "Longitude": "-80.34206538",
                "City": "Cutler Bay",
                "Link_to_Da": "https://www.cutlerbay-fl.gov/sites/default/files/fileattachments/town_manager/page/2211/cutler_bay_swmp-update_1_1-compressed.pdf",
                "Implementa": "Town of Cutler Bay Public Works Division",
                "Infrastruc": "Hybrid",
                "Categories": "Flood Control Infrastructure",
                "Disaster_F": "Flooding",
                "New_15_25_": "Enhances flood resilience and stormwater management with new pipes, exfiltration trenches, catch basins, and swale restoration for improved retention and controlled water release.",
                "Project_St": "Null",
                "Project_En": "Null",
                "Project__1": "Ongoing",
                "Estimated_": "7334000",
                "Additional": "None",
                "OLD___Brie": "The project will install drainage pipes, exfiltration trenches, and over 40 new catch basins to improve stormwater conveyance. Additional upgrades include new manholes, pollution retardant baffles, and swale restorations to enhance flood resilience. Infr",
                "MUNICUID": "77",
                "MUNICID": "36",
                "NAME": "CUTLER BAY",
                "FIPSCODE": "1215968",
                "CREATEDBY": "None",
                "CREATEDDAT": "12/31/1899",
                "MODIFIEDBY": "None",
                "MODIFIEDDA": "12/31/1899",
                "GlobalID": "706f6e89-d110-4e47-ad52-d8aecc500d1b"
            },
            "geometry": {
                "type": "Point",
                "coordinates": [
                    -80.342065379999951,
                    25.575118280000027
                ]
            }
        },
        {
            "type": "Feature",
            "properties": {
                "Join_Count": "1",
                "TARGET_FID": "238",
                "Project_Na": "Bel Aire Sec. 13.1 Drainage Improvements",
                "Latitude": "25.59819668",
                "Longitude": "-80.33941279",
                "City": "Cutler Bay",
                "Link_to_Da": "https://www.cutlerbay-fl.gov/sites/default/files/fileattachments/town_manager/page/2211/cutler_bay_swmp-update_1_1-compressed.pdf",
                "Implementa": "Town of Cutler Bay Public Works Division",
                "Infrastruc": "Gray",
                "Categories": "Flood Control Infrastructure",
                "Disaster_F": "Flooding",
                "New_15_25_": "Enhance stormwater management with new pipes, exfiltration trenches, and catch basins, reducing flooding and runoff contamination while improving drainage efficiency and water quality.",
                "Project_St": "Null",
                "Project_En": "Null",
                "Project__1": "Ongoing",
                "Estimated_": "513000",
                "Additional": "None",
                "OLD___Brie": "This project will enhance stormwater management through 825 feet of new drainage pipes, 650 feet of exfiltration trenches, and six new catch basins. The area suffers from insufficient infrastructure, leading to localized flooding and runoff contamination",
                "MUNICUID": "77",
                "MUNICID": "36",
                "NAME": "CUTLER BAY",
                "FIPSCODE": "1215968",
                "CREATEDBY": "None",
                "CREATEDDAT": "12/31/1899",
                "MODIFIEDBY": "None",
                "MODIFIEDDA": "12/31/1899",
                "GlobalID": "706f6e89-d110-4e47-ad52-d8aecc500d1b"
            },
            "geometry": {
                "type": "Point",
                "coordinates": [
                    -80.339412789999983,
                    25.598196680000058
                ]
            }
        },
        {
            "type": "Feature",
            "properties": {
                "Join_Count": "1",
                "TARGET_FID": "239",
                "Project_Na": "Bel Aire Sec. 23 Drainage Improvements",
                "Latitude": "25.59790044",
                "Longitude": "-80.33218973",
                "City": "Cutler Bay",
                "Link_to_Da": "https://www.cutlerbay-fl.gov/sites/default/files/fileattachments/town_manager/page/2211/cutler_bay_swmp-update_1_1-compressed.pdf",
                "Implementa": "Town of Cutler Bay Public Works Division",
                "Infrastruc": "Gray",
                "Categories": "Flood Control Infrastructure",
                "Disaster_F": "Flooding",
                "New_15_25_": "Mitigate flooding and enhances drainage with new pipes, exfiltration trenches, swale restoration, and pollution-control features for improved stormwater management and water quality.",
                "Project_St": "2021",
                "Project_En": "Null",
                "Project__1": "Ongoing",
                "Estimated_": "4969000",
                "Additional": "None",
                "OLD___Brie": "Aimed at mitigating flooding and improving stormwater drainage by installing new exfiltration trenches, drainage pipes, and pollution retardant baffles. Addresses storm drain deficiencies that currently fail to meet performance standards. Infrastructure",
                "MUNICUID": "77",
                "MUNICID": "36",
                "NAME": "CUTLER BAY",
                "FIPSCODE": "1215968",
                "CREATEDBY": "None",
                "CREATEDDAT": "12/31/1899",
                "MODIFIEDBY": "None",
                "MODIFIEDDA": "12/31/1899",
                "GlobalID": "706f6e89-d110-4e47-ad52-d8aecc500d1b"
            },
            "geometry": {
                "type": "Point",
                "coordinates": [
                    -80.332189729999982,
                    25.597900440000046
                ]
            }
        },
        {
            "type": "Feature",
            "properties": {
                "Join_Count": "1",
                "TARGET_FID": "240",
                "Project_Na": "S-22 Coastal Structure Resiliency",
                "Latitude": "25.66963032",
                "Longitude": "-80.28374477",
                "City": "Coral Gables",
                "Link_to_Da": "https://www.sfwmd.gov/sites/default/files/FDEP_ResilientFlorida_ResilientProjectsPlan_09_01-2021.pdf",
                "Implementa": "SFWMD",
                "Infrastruc": "Gray",
                "Categories": "Flood Control Infrastructure",
                "Disaster_F": "Flooding",
                "New_15_25_": "Upgrade the S-22 spillway with structural enhancements and a forward pump to improve flood resilience and conveyance capacity in Miami.",
                "Project_St": "2022",
                "Project_En": "2026",
                "Project__1": "Ongoing",
                "Estimated_": "92414986",
                "Additional": "None",
                "OLD___Brie": "forward pumps",
                "MUNICUID": "43",
                "MUNICID": "03",
                "NAME": "CORAL GABLES",
                "FIPSCODE": "1214250",
                "CREATEDBY": "None",
                "CREATEDDAT": "12/31/1899",
                "MODIFIEDBY": "None",
                "MODIFIEDDA": "12/31/1899",
                "GlobalID": "739e5868-6d18-4337-8ca7-22fcd511dbd7"
            },
            "geometry": {
                "type": "Point",
                "coordinates": [
                    -80.283744769999942,
                    25.669630320000067
                ]
            }
        },
        {
            "type": "Feature",
            "properties": {
                "Join_Count": "1",
                "TARGET_FID": "241",
                "Project_Na": "Goulds Pineland Project",
                "Latitude": "25.61217092",
                "Longitude": "-80.39120775",
                "City": "Miami-Dade County",
                "Link_to_Da": "https://communitynewspapers.com/coral-gables-news/commissioner-dennis-c-moss-participates-dedication-goulds-pineland-preserve/",
                "Implementa": "Miami Dade County Environmental Endangered Lands",
                "Infrastruc": "Green",
                "Categories": "Green Infrastructure",
                "Disaster_F": "Multi-hazard",
                "New_15_25_": "Full protection and continual management of Goulds Pineland Perserve by Miami Environmental Endangered Lands Program and adding conservation land to the perserve.",
                "Project_St": "1991",
                "Project_En": "2016",
                "Project__1": "Completed",
                "Estimated_": "219000000",
                "Additional": "None",
                "OLD___Brie": "Goulds Pineland Perserve will be fully protected and continually managed by Miami Environmental Endangered Lands Program. This project would consists of adding conservation land to the perserve.",
                "MUNICUID": "1",
                "MUNICID": "30",
                "NAME": "UNINCORPORATED MIAMI-DADE",
                "FIPSCODE": "0",
                "CREATEDBY": "E316899",
                "CREATEDDAT": "06/22/2023",
                "MODIFIEDBY": "E316899",
                "MODIFIEDDA": "06/22/2023",
                "GlobalID": "b0f0eaf9-b39e-4f70-ae21-2ef071a9e234"
            },
            "geometry": {
                "type": "Point",
                "coordinates": [
                    -80.391207749999978,
                    25.61217092000004
                ]
            }
        },
        {
            "type": "Feature",
            "properties": {
                "Join_Count": "1",
                "TARGET_FID": "242",
                "Project_Na": "Lakes by the Bay Sec. 10 Drainage Improvements",
                "Latitude": "25.56939661",
                "Longitude": "-80.34216013",
                "City": "Cutler Bay",
                "Link_to_Da": "https://www.cutlerbay-fl.gov/sites/default/files/fileattachments/town_manager/page/2211/cutler_bay_swmp-update_1_1-compressed.pdf",
                "Implementa": "Town of Cutler Bay Public Works Division",
                "Infrastruc": "Hybrid",
                "Categories": "Flood Control Infrastructure",
                "Disaster_F": "Flooding",
                "New_15_25_": "Improve stormwater drainage with new pipes, exfiltration trenches, and catch basins, reducing flooding and enhancing water quality through swale restoration and pollution control.",
                "Project_St": "Null",
                "Project_En": "Null",
                "Project__1": "Ongoing",
                "Estimated_": "1964000",
                "Additional": "None",
                "OLD___Brie": "This project will improve stormwater drainage by implementing drainage pipes, exfiltration trenches, and catch basins throughout the sub-basin. The improvements will help redirect stormwater flow and prevent localized flooding. The addition of pollution",
                "MUNICUID": "77",
                "MUNICID": "36",
                "NAME": "CUTLER BAY",
                "FIPSCODE": "1215968",
                "CREATEDBY": "None",
                "CREATEDDAT": "12/31/1899",
                "MODIFIEDBY": "None",
                "MODIFIEDDA": "12/31/1899",
                "GlobalID": "706f6e89-d110-4e47-ad52-d8aecc500d1b"
            },
            "geometry": {
                "type": "Point",
                "coordinates": [
                    -80.342160129999968,
                    25.569396610000069
                ]
            }
        },
        {
            "type": "Feature",
            "properties": {
                "Join_Count": "1",
                "TARGET_FID": "243",
                "Project_Na": "Cutler Ridge Sec. 7 Drainage Improvements",
                "Latitude": "25.56884543",
                "Longitude": "-80.354103",
                "City": "Cutler Bay",
                "Link_to_Da": "https://www.cutlerbay-fl.gov/sites/default/files/fileattachments/town_manager/page/2211/cutler_bay_swmp-update_1_1-compressed.pdf",
                "Implementa": "Town of Cutler Bay Public Works Division",
                "Infrastruc": "Hybrid",
                "Categories": "Flood Control Infrastructure",
                "Disaster_F": "Flooding",
                "New_15_25_": "Enhances stormwater management with new pipes, exfiltration trenches, and catch basins, improving filtration, drainage, and flood prevention through upgraded swales and street grading.",
                "Project_St": "Null",
                "Project_En": "Null",
                "Project__1": "Ongoing",
                "Estimated_": "3870000",
                "Additional": "None",
                "OLD___Brie": "The project will include the installation of nearly 6,000 feet of drainage pipes, 3,600 feet of exfiltration trenches, and over 40 catch basins. Upgrades also include sediment traps, pollution retardant baffles, and additional manholes to enhance stormwa",
                "MUNICUID": "77",
                "MUNICID": "36",
                "NAME": "CUTLER BAY",
                "FIPSCODE": "1215968",
                "CREATEDBY": "None",
                "CREATEDDAT": "12/31/1899",
                "MODIFIEDBY": "None",
                "MODIFIEDDA": "12/31/1899",
                "GlobalID": "706f6e89-d110-4e47-ad52-d8aecc500d1b"
            },
            "geometry": {
                "type": "Point",
                "coordinates": [
                    -80.354103,
                    25.568845430000067
                ]
            }
        },
        {
            "type": "Feature",
            "properties": {
                "Join_Count": "1",
                "TARGET_FID": "244",
                "Project_Na": "Palm Grove Road Improvements",
                "Latitude": "25.85571028",
                "Longitude": "-80.18410513",
                "City": "Miami",
                "Link_to_Da": "https://ago-item-storage.s3.amazonaws.com/08b8b0e68486482795574a9380dabdd2/ADAPTATION_PLAN_JANUARY_2022.pdf?X-Amz-Security-Token=IQoJb3JpZ2luX2VjEC8aCXVzLWVhc3QtMSJHMEUCIQCo60%2BFnr4n6jUELV3MjOhR9r%2B31cO6AbY9RMEVXMFGqwIgETzXOLHNJ93IHpqnSm6xtm%2FVQMpLR%2",
                "Implementa": "City of Miami Resilience and Public Works",
                "Infrastruc": "Gray",
                "Categories": "Flood Control Infrastructure",
                "Disaster_F": "Flooding",
                "New_15_25_": "Milling and resurfacing, repair of curbs, gutters, and drainage improvements throughout the neighborhood.",
                "Project_St": "2025",
                "Project_En": "2026",
                "Project__1": "Completed",
                "Estimated_": "3462098",
                "Additional": "None",
                "OLD___Brie": "None",
                "MUNICUID": "30",
                "MUNICID": "30",
                "NAME": "UNINCORPORATED MIAMI-DADE",
                "FIPSCODE": "0",
                "CREATEDBY": "None",
                "CREATEDDAT": "12/31/1899",
                "MODIFIEDBY": "None",
                "MODIFIEDDA": "12/31/1899",
                "GlobalID": "e83ab358-1ca2-448e-b453-a9b3a1946255"
            },
            "geometry": {
                "type": "Point",
                "coordinates": [
                    -80.184105129999978,
                    25.855710280000039
                ]
            }
        },
        {
            "type": "Feature",
            "properties": {
                "Join_Count": "1",
                "TARGET_FID": "245",
                "Project_Na": "New Little River Drainage Improvement Project",
                "Latitude": "25.85193649",
                "Longitude": "-80.19914398",
                "City": "Miami",
                "Link_to_Da": "https://www.miamidade.gov/fire/library/OEM/local-mitigation-strategy-part-6-completed-projects.pdf",
                "Implementa": "Department of Transportation and Public Works",
                "Infrastruc": "Hybrid",
                "Categories": "Flood Control Infrastructure",
                "Disaster_F": "Flooding",
                "New_15_25_": "General drainage improvements, and mitigation of flood complaints.",
                "Project_St": "2025",
                "Project_En": "2026",
                "Project__1": "Completed",
                "Estimated_": "482816.23",
                "Additional": "None",
                "OLD___Brie": "None",
                "MUNICUID": "22",
                "MUNICID": "30",
                "NAME": "UNINCORPORATED MIAMI-DADE",
                "FIPSCODE": "0",
                "CREATEDBY": "None",
                "CREATEDDAT": "12/31/1899",
                "MODIFIEDBY": "E316899",
                "MODIFIEDDA": "03/03/2021",
                "GlobalID": "b9495799-1efe-4c6b-a3e0-99de4b6c4a87"
            },
            "geometry": {
                "type": "Point",
                "coordinates": [
                    -80.199143979999974,
                    25.851936490000071
                ]
            }
        },
        {
            "type": "Feature",
            "properties": {
                "Join_Count": "1",
                "TARGET_FID": "246",
                "Project_Na": "North Miami Avenue and NW. 71st -Drainage Improvement Project",
                "Latitude": "25.8401714",
                "Longitude": "-80.1966486",
                "City": "Miami",
                "Link_to_Da": "https://ago-item-storage.s3.amazonaws.com/08b8b0e68486482795574a9380dabdd2/ADAPTATION_PLAN_JANUARY_2022.pdf?X-Amz-Security-Token=IQoJb3JpZ2luX2VjEC8aCXVzLWVhc3QtMSJHMEUCIQCo60%2BFnr4n6jUELV3MjOhR9r%2B31cO6AbY9RMEVXMFGqwIgETzXOLHNJ93IHpqnSm6xtm%2FVQMpLR%2",
                "Implementa": "Department of Transportation and Public Works",
                "Infrastruc": "Blue",
                "Categories": "Flood Control Infrastructure",
                "Disaster_F": "Flooding",
                "New_15_25_": "General drainage improvements, and mitigation of flood complaints.",
                "Project_St": "2025",
                "Project_En": "2026",
                "Project__1": "Completed",
                "Estimated_": "1542044",
                "Additional": "None",
                "OLD___Brie": "None",
                "MUNICUID": "34",
                "MUNICID": "01",
                "NAME": "MIAMI",
                "FIPSCODE": "1245000",
                "CREATEDBY": "None",
                "CREATEDDAT": "12/31/1899",
                "MODIFIEDBY": "None",
                "MODIFIEDDA": "12/31/1899",
                "GlobalID": "df52bf02-7c6d-4658-b2cc-c2ddb8cd5281"
            },
            "geometry": {
                "type": "Point",
                "coordinates": [
                    -80.196648599999946,
                    25.840171400000031
                ]
            }
        },
        {
            "type": "Feature",
            "properties": {
                "Join_Count": "1",
                "TARGET_FID": "247",
                "Project_Na": "NE 88th. Terrance Drainage Improvement Project",
                "Latitude": "25.85691956",
                "Longitude": "-80.18405312",
                "City": "Miami",
                "Link_to_Da": "https://ago-item-storage.s3.amazonaws.com/08b8b0e68486482795574a9380dabdd2/ADAPTATION_PLAN_JANUARY_2022.pdf?X-Amz-Security-Token=IQoJb3JpZ2luX2VjEC8aCXVzLWVhc3QtMSJHMEUCIQCo60%2BFnr4n6jUELV3MjOhR9r%2B31cO6AbY9RMEVXMFGqwIgETzXOLHNJ93IHpqnSm6xtm%2FVQMpLR%2",
                "Implementa": "Department of Transportation and Public Works",
                "Infrastruc": "Gray",
                "Categories": "Flood Control Infrastructure",
                "Disaster_F": "Flooding",
                "New_15_25_": "General drainage improvements, and mitigation of flood complaints.",
                "Project_St": "2026",
                "Project_En": "2027",
                "Project__1": "Completed",
                "Estimated_": "1200000",
                "Additional": "None",
                "OLD___Brie": "None",
                "MUNICUID": "27",
                "MUNICID": "11",
                "NAME": "MIAMI SHORES",
                "FIPSCODE": "1245175",
                "CREATEDBY": "None",
                "CREATEDDAT": "12/31/1899",
                "MODIFIEDBY": "None",
                "MODIFIEDDA": "12/31/1899",
                "GlobalID": "20c407a4-6b41-42ad-af3a-c59b433a9f43"
            },
            "geometry": {
                "type": "Point",
                "coordinates": [
                    -80.184053119999987,
                    25.856919560000051
                ]
            }
        },
        {
            "type": "Feature",
            "properties": {
                "Join_Count": "1",
                "TARGET_FID": "248",
                "Project_Na": "Larchmont Gardens Stormwater Pump Station",
                "Latitude": "25.85232708",
                "Longitude": "-80.20329489",
                "City": "Miami",
                "Link_to_Da": "https://ago-item-storage.s3.amazonaws.com/08b8b0e68486482795574a9380dabdd2/ADAPTATION_PLAN_JANUARY_2022.pdf?X-Amz-Security-Token=IQoJb3JpZ2luX2VjEC8aCXVzLWVhc3QtMSJHMEUCIQCo60%2BFnr4n6jUELV3MjOhR9r%2B31cO6AbY9RMEVXMFGqwIgETzXOLHNJ93IHpqnSm6xtm%2FVQMpLR%2",
                "Implementa": "Department of Transportation and Public Works",
                "Infrastruc": "Gray",
                "Categories": "Flood Control Infrastructure",
                "Disaster_F": "Flooding",
                "New_15_25_": "Installing new pumps with all components necessary, drainage structures, slabs, and roadway restoration.",
                "Project_St": "2014",
                "Project_En": "Null",
                "Project__1": "Completed",
                "Estimated_": "3573278",
                "Additional": "None",
                "OLD___Brie": "None",
                "MUNICUID": "22",
                "MUNICID": "30",
                "NAME": "UNINCORPORATED MIAMI-DADE",
                "FIPSCODE": "0",
                "CREATEDBY": "None",
                "CREATEDDAT": "12/31/1899",
                "MODIFIEDBY": "E316899",
                "MODIFIEDDA": "03/03/2021",
                "GlobalID": "b9495799-1efe-4c6b-a3e0-99de4b6c4a87"
            },
            "geometry": {
                "type": "Point",
                "coordinates": [
                    -80.203294889999938,
                    25.852327080000066
                ]
            }
        },
        {
            "type": "Feature",
            "properties": {
                "Join_Count": "1",
                "TARGET_FID": "249",
                "Project_Na": "North Miami Ave. Drainage Improvement Project",
                "Latitude": "25.8529174",
                "Longitude": "-80.19713469",
                "City": "Miami",
                "Link_to_Da": "https://ago-item-storage.s3.amazonaws.com/08b8b0e68486482795574a9380dabdd2/ADAPTATION_PLAN_JANUARY_2022.pdf?X-Amz-Security-Token=IQoJb3JpZ2luX2VjEC8aCXVzLWVhc3QtMSJHMEUCIQCo60%2BFnr4n6jUELV3MjOhR9r%2B31cO6AbY9RMEVXMFGqwIgETzXOLHNJ93IHpqnSm6xtm%2FVQMpLR%2",
                "Implementa": "Department of Transportation and Public Works",
                "Infrastruc": "Blue",
                "Categories": "Flood Control Infrastructure",
                "Disaster_F": "Flooding",
                "New_15_25_": "General drainage improvements, and mitigation of flood complaints.",
                "Project_St": "2024",
                "Project_En": "2025",
                "Project__1": "Completed",
                "Estimated_": "1540000",
                "Additional": "None",
                "OLD___Brie": "None",
                "MUNICUID": "22",
                "MUNICID": "30",
                "NAME": "UNINCORPORATED MIAMI-DADE",
                "FIPSCODE": "0",
                "CREATEDBY": "None",
                "CREATEDDAT": "12/31/1899",
                "MODIFIEDBY": "E316899",
                "MODIFIEDDA": "03/03/2021",
                "GlobalID": "b9495799-1efe-4c6b-a3e0-99de4b6c4a87"
            },
            "geometry": {
                "type": "Point",
                "coordinates": [
                    -80.197134689999984,
                    25.852917400000024
                ]
            }
        },
        {
            "type": "Feature",
            "properties": {
                "Join_Count": "1",
                "TARGET_FID": "250",
                "Project_Na": "NE 89th. St. -Berm",
                "Latitude": "25.85639231",
                "Longitude": "-80.17162734",
                "City": "Miami",
                "Link_to_Da": "https://ago-item-storage.s3.amazonaws.com/08b8b0e68486482795574a9380dabdd2/ADAPTATION_PLAN_JANUARY_2022.pdf?X-Amz-Security-Token=IQoJb3JpZ2luX2VjEC8aCXVzLWVhc3QtMSJHMEUCIQCo60%2BFnr4n6jUELV3MjOhR9r%2B31cO6AbY9RMEVXMFGqwIgETzXOLHNJ93IHpqnSm6xtm%2FVQMpLR%2",
                "Implementa": "Department of Transportation and Public Works",
                "Infrastruc": "Gray",
                "Categories": "Flood Control Infrastructure",
                "Disaster_F": "Flooding",
                "New_15_25_": "In 2018, Miami Dade County installed a small berm to reduce the tidal flooding on this street. The Water and Sewer Department upgraded the water.",
                "Project_St": "2025",
                "Project_En": "2026",
                "Project__1": "Completed",
                "Estimated_": "1542044",
                "Additional": "None",
                "OLD___Brie": "None",
                "MUNICUID": "30",
                "MUNICID": "30",
                "NAME": "UNINCORPORATED MIAMI-DADE",
                "FIPSCODE": "0",
                "CREATEDBY": "None",
                "CREATEDDAT": "12/31/1899",
                "MODIFIEDBY": "None",
                "MODIFIEDDA": "12/31/1899",
                "GlobalID": "e83ab358-1ca2-448e-b453-a9b3a1946255"
            },
            "geometry": {
                "type": "Point",
                "coordinates": [
                    -80.171627339999986,
                    25.856392310000047
                ]
            }
        },
        {
            "type": "Feature",
            "properties": {
                "Join_Count": "1",
                "TARGET_FID": "251",
                "Project_Na": "Oakland Grove Mini Park",
                "Latitude": "25.85304246",
                "Longitude": "-80.1912225",
                "City": "Miami",
                "Link_to_Da": "https://ago-item-storage.s3.amazonaws.com/08b8b0e68486482795574a9380dabdd2/ADAPTATION_PLAN_JANUARY_2022.pdf?X-Amz-Security-Token=IQoJb3JpZ2luX2VjEC8aCXVzLWVhc3QtMSJHMEUCIQCo60%2BFnr4n6jUELV3MjOhR9r%2B31cO6AbY9RMEVXMFGqwIgETzXOLHNJ93IHpqnSm6xtm%2FVQMpLR%2",
                "Implementa": "City of Miami Parks and Recreation",
                "Infrastruc": "Green",
                "Categories": "Green Infrastructure",
                "Disaster_F": "Extreme Heat",
                "New_15_25_": "Replace observation deck, and install walkway lighting bollards and sod.",
                "Project_St": "2024",
                "Project_En": "2025",
                "Project__1": "Completed",
                "Estimated_": "287000",
                "Additional": "None",
                "OLD___Brie": "None",
                "MUNICUID": "34",
                "MUNICID": "01",
                "NAME": "MIAMI",
                "FIPSCODE": "1245000",
                "CREATEDBY": "None",
                "CREATEDDAT": "12/31/1899",
                "MODIFIEDBY": "None",
                "MODIFIEDDA": "12/31/1899",
                "GlobalID": "df52bf02-7c6d-4658-b2cc-c2ddb8cd5281"
            },
            "geometry": {
                "type": "Point",
                "coordinates": [
                    -80.191222499999981,
                    25.85304246000004
                ]
            }
        },
        {
            "type": "Feature",
            "properties": {
                "Join_Count": "1",
                "TARGET_FID": "252",
                "Project_Na": "NE 89th St. Water Pipe Installation",
                "Latitude": "25.85772004",
                "Longitude": "-80.17577972",
                "City": "Miami",
                "Link_to_Da": "https://ago-item-storage.s3.amazonaws.com/08b8b0e68486482795574a9380dabdd2/ADAPTATION_PLAN_JANUARY_2022.pdf?X-Amz-Security-Token=IQoJb3JpZ2luX2VjEC8aCXVzLWVhc3QtMSJHMEUCIQCo60%2BFnr4n6jUELV3MjOhR9r%2B31cO6AbY9RMEVXMFGqwIgETzXOLHNJ93IHpqnSm6xtm%2FVQMpLR%2",
                "Implementa": "Miami-Dade County Water and Sewer Depatment",
                "Infrastruc": "Gray",
                "Categories": "Public Facilities",
                "Disaster_F": "Critical Infrastructure",
                "New_15_25_": "Install approximately 1700 LF of 8 inch DIP water main.",
                "Project_St": "2021",
                "Project_En": "2022",
                "Project__1": "Completed",
                "Estimated_": "390000",
                "Additional": "None",
                "OLD___Brie": "None",
                "MUNICUID": "30",
                "MUNICID": "30",
                "NAME": "UNINCORPORATED MIAMI-DADE",
                "FIPSCODE": "0",
                "CREATEDBY": "None",
                "CREATEDDAT": "12/31/1899",
                "MODIFIEDBY": "None",
                "MODIFIEDDA": "12/31/1899",
                "GlobalID": "e83ab358-1ca2-448e-b453-a9b3a1946255"
            },
            "geometry": {
                "type": "Point",
                "coordinates": [
                    -80.17577971999998,
                    25.857720040000061
                ]
            }
        },
        {
            "type": "Feature",
            "properties": {
                "Join_Count": "1",
                "TARGET_FID": "253",
                "Project_Na": "Required Connections to Sewer Systems",
                "Latitude": "25.84980525",
                "Longitude": "-80.19296214",
                "City": "Miami",
                "Link_to_Da": "https://ago-item-storage.s3.amazonaws.com/08b8b0e68486482795574a9380dabdd2/ADAPTATION_PLAN_JANUARY_2022.pdf?X-Amz-Security-Token=IQoJb3JpZ2luX2VjEC8aCXVzLWVhc3QtMSJHMEUCIQCo60%2BFnr4n6jUELV3MjOhR9r%2B31cO6AbY9RMEVXMFGqwIgETzXOLHNJ93IHpqnSm6xtm%2FVQMpLR%2",
                "Implementa": "Miami-Dade County Regulatory and Economic Resources",
                "Infrastruc": "Gray",
                "Categories": "Public Facilities",
                "Disaster_F": "Critical Infrastructure",
                "New_15_25_": "Convert their septic system to the centralized sewer system. Issued a notice of required connection for improvements to the property.",
                "Project_St": "2025",
                "Project_En": "Null",
                "Project__1": "Completed",
                "Estimated_": "0",
                "Additional": "None",
                "OLD___Brie": "None",
                "MUNICUID": "34",
                "MUNICID": "01",
                "NAME": "MIAMI",
                "FIPSCODE": "1245000",
                "CREATEDBY": "None",
                "CREATEDDAT": "12/31/1899",
                "MODIFIEDBY": "None",
                "MODIFIEDDA": "12/31/1899",
                "GlobalID": "df52bf02-7c6d-4658-b2cc-c2ddb8cd5281"
            },
            "geometry": {
                "type": "Point",
                "coordinates": [
                    -80.192962139999963,
                    25.849805250000031
                ]
            }
        },
        {
            "type": "Feature",
            "properties": {
                "Join_Count": "1",
                "TARGET_FID": "254",
                "Project_Na": "El Portal Septic to Sewer Phase 1",
                "Latitude": "25.85626046",
                "Longitude": "-80.20243001",
                "City": "Miami",
                "Link_to_Da": "https://ago-item-storage.s3.amazonaws.com/08b8b0e68486482795574a9380dabdd2/ADAPTATION_PLAN_JANUARY_2022.pdf?X-Amz-Security-Token=IQoJb3JpZ2luX2VjEC8aCXVzLWVhc3QtMSJHMEUCIQCo60%2BFnr4n6jUELV3MjOhR9r%2B31cO6AbY9RMEVXMFGqwIgETzXOLHNJ93IHpqnSm6xtm%2FVQMpLR%2",
                "Implementa": "Village of El Portal",
                "Infrastruc": "Gray",
                "Categories": "Public Facilities",
                "Disaster_F": "Critical Infrastructure",
                "New_15_25_": "Connecting Horace Mann Middle School to centralized sewer system is 90% designed. Working to get easement.",
                "Project_St": "2025",
                "Project_En": "Null",
                "Project__1": "Ongoing",
                "Estimated_": "3400000",
                "Additional": "None",
                "OLD___Brie": "None",
                "MUNICUID": "31",
                "MUNICID": "18",
                "NAME": "EL PORTAL",
                "FIPSCODE": "1220650",
                "CREATEDBY": "None",
                "CREATEDDAT": "12/31/1899",
                "MODIFIEDBY": "None",
                "MODIFIEDDA": "12/31/1899",
                "GlobalID": "7f716f54-937f-47e2-b137-16bf07679802"
            },
            "geometry": {
                "type": "Point",
                "coordinates": [
                    -80.202430009999944,
                    25.856260460000044
                ]
            }
        },
        {
            "type": "Feature",
            "properties": {
                "Join_Count": "1",
                "TARGET_FID": "255",
                "Project_Na": "Lake Belmar Basin Drainage Improvements",
                "Latitude": "25.85928335",
                "Longitude": "-80.17585623",
                "City": "Miami",
                "Link_to_Da": "https://ago-item-storage.s3.amazonaws.com/08b8b0e68486482795574a9380dabdd2/ADAPTATION_PLAN_JANUARY_2022.pdf?X-Amz-Security-Token=IQoJb3JpZ2luX2VjEC8aCXVzLWVhc3QtMSJHMEUCIQCo60%2BFnr4n6jUELV3MjOhR9r%2B31cO6AbY9RMEVXMFGqwIgETzXOLHNJ93IHpqnSm6xtm%2FVQMpLR%2",
                "Implementa": "Department of Transportation and Public Works",
                "Infrastruc": "Hybrid",
                "Categories": "Flood Control Infrastructure",
                "Disaster_F": "Flooding",
                "New_15_25_": "French drains and other drainage infrastructure installed to help alleviate flooding issues along the canal.",
                "Project_St": "2025",
                "Project_En": "2026",
                "Project__1": "Completed",
                "Estimated_": "1200000",
                "Additional": "None",
                "OLD___Brie": "None",
                "MUNICUID": "27",
                "MUNICID": "11",
                "NAME": "MIAMI SHORES",
                "FIPSCODE": "1245175",
                "CREATEDBY": "None",
                "CREATEDDAT": "12/31/1899",
                "MODIFIEDBY": "None",
                "MODIFIEDDA": "12/31/1899",
                "GlobalID": "20c407a4-6b41-42ad-af3a-c59b433a9f43"
            },
            "geometry": {
                "type": "Point",
                "coordinates": [
                    -80.175856229999965,
                    25.859283350000055
                ]
            }
        },
        {
            "type": "Feature",
            "properties": {
                "Join_Count": "1",
                "TARGET_FID": "256",
                "Project_Na": "Right of Way Improvements by South Shenandoah Mini Park",
                "Latitude": "25.76164477",
                "Longitude": "-80.22643629",
                "City": "Miami",
                "Link_to_Da": "https://www.miami.gov/My-Government/Departments/Office-of-Capital-Improvements/Capital-Improvements-Projects-Construction-Notices-Per-District/District-4-Capital-Improvements-Projects/Right-of-Way-Improvements-by-South-Shenandoah-Mini-Park",
                "Implementa": "Department of Parks and Recreation",
                "Infrastruc": "Gray",
                "Categories": "Flood Control Infrastructure",
                "Disaster_F": "Flooding",
                "New_15_25_": "Roadway restoration, drainage improvements, and accessibility to ramps.",
                "Project_St": "2019",
                "Project_En": "2020",
                "Project__1": "Completed",
                "Estimated_": "933326",
                "Additional": "None",
                "OLD___Brie": "None",
                "MUNICUID": "34",
                "MUNICID": "01",
                "NAME": "MIAMI",
                "FIPSCODE": "1245000",
                "CREATEDBY": "None",
                "CREATEDDAT": "12/31/1899",
                "MODIFIEDBY": "None",
                "MODIFIEDDA": "12/31/1899",
                "GlobalID": "df52bf02-7c6d-4658-b2cc-c2ddb8cd5281"
            },
            "geometry": {
                "type": "Point",
                "coordinates": [
                    -80.226436289999981,
                    25.761644770000032
                ]
            }
        },
        {
            "type": "Feature",
            "properties": {
                "Join_Count": "1",
                "TARGET_FID": "257",
                "Project_Na": "NE 29PL & Aventura Boulevard",
                "Latitude": "25.96158603",
                "Longitude": "-80.141874",
                "City": "Aventura",
                "Link_to_Da": "https://www.miamidade.gov/resources/emergency/documents/lms-part-2-the-projects.pdf",
                "Implementa": "City of Aventura",
                "Infrastruc": "Gray",
                "Categories": "Flood Control Infrastructure",
                "Disaster_F": "Flooding",
                "New_15_25_": "Aventura boulevard flood protective infrastructure in the vicinity of aventura boulevard, aventura mall, and aventura brightline station",
                "Project_St": "2020",
                "Project_En": "2021",
                "Project__1": "Completed",
                "Estimated_": "247000",
                "Additional": "page 22 of the link",
                "OLD___Brie": "None",
                "MUNICUID": "3",
                "MUNICID": "28",
                "NAME": "AVENTURA",
                "FIPSCODE": "1202681",
                "CREATEDBY": "None",
                "CREATEDDAT": "12/31/1899",
                "MODIFIEDBY": "None",
                "MODIFIEDDA": "12/31/1899",
                "GlobalID": "797226e1-4b99-4fd0-8a94-19d9ed51eda0"
            },
            "geometry": {
                "type": "Point",
                "coordinates": [
                    -80.141874,
                    25.961586030000035
                ]
            }
        },
        {
            "type": "Feature",
            "properties": {
                "Join_Count": "1",
                "TARGET_FID": "258",
                "Project_Na": "Yacht Club Drive Drainage Improvements",
                "Latitude": "25.97312751",
                "Longitude": "-80.13400439",
                "City": "Aventura",
                "Link_to_Da": "https://www.miamidade.gov/resources/emergency/documents/lms-part-2-the-projects.pdf",
                "Implementa": "Secured City of Aventura",
                "Infrastruc": "Gray",
                "Categories": "Flood Control Infrastructure",
                "Disaster_F": "Flooding",
                "New_15_25_": "drainage improvements",
                "Project_St": "2020",
                "Project_En": "2021",
                "Project__1": "Completed",
                "Estimated_": "750000",
                "Additional": "page 22 of the link",
                "OLD___Brie": "None",
                "MUNICUID": "3",
                "MUNICID": "28",
                "NAME": "AVENTURA",
                "FIPSCODE": "1202681",
                "CREATEDBY": "None",
                "CREATEDDAT": "12/31/1899",
                "MODIFIEDBY": "None",
                "MODIFIEDDA": "12/31/1899",
                "GlobalID": "797226e1-4b99-4fd0-8a94-19d9ed51eda0"
            },
            "geometry": {
                "type": "Point",
                "coordinates": [
                    -80.134004389999973,
                    25.97312751000004
                ]
            }
        },
        {
            "type": "Feature",
            "properties": {
                "Join_Count": "1",
                "TARGET_FID": "259",
                "Project_Na": "Yacht Club Drive Seawall Repairs",
                "Latitude": "25.973895",
                "Longitude": "-80.129809",
                "City": "Aventura",
                "Link_to_Da": "https://www.miamidade.gov/resources/emergency/documents/lms-part-2-the-projects.pdf",
                "Implementa": "City of Aventura",
                "Infrastruc": "Gray",
                "Categories": "Flood Control Infrastructure",
                "Disaster_F": "Flooding",
                "New_15_25_": "seawall repairs",
                "Project_St": "2020",
                "Project_En": "2021",
                "Project__1": "Completed",
                "Estimated_": "491000",
                "Additional": "page 22 of the link",
                "OLD___Brie": "None",
                "MUNICUID": "3",
                "MUNICID": "28",
                "NAME": "AVENTURA",
                "FIPSCODE": "1202681",
                "CREATEDBY": "None",
                "CREATEDDAT": "12/31/1899",
                "MODIFIEDBY": "None",
                "MODIFIEDDA": "12/31/1899",
                "GlobalID": "797226e1-4b99-4fd0-8a94-19d9ed51eda0"
            },
            "geometry": {
                "type": "Point",
                "coordinates": [
                    -80.129809,
                    25.973895
                ]
            }
        },
        {
            "type": "Feature",
            "properties": {
                "Join_Count": "1",
                "TARGET_FID": "260",
                "Project_Na": "Replace Above Ground Fuel Tank",
                "Latitude": "25.81323771",
                "Longitude": "-80.14157704",
                "City": "Miami Beach",
                "Link_to_Da": "https://www.miamidade.gov/resources/emergency/documents/lms-part-2-the-projects.pdf",
                "Implementa": "Mount Sinai?",
                "Infrastruc": "Gray",
                "Categories": "Sustainability Initiatives",
                "Disaster_F": "Critical Infrastructure",
                "New_15_25_": "Replace Above Ground Fuel Tank",
                "Project_St": "None",
                "Project_En": "2022",
                "Project__1": "Completed",
                "Estimated_": "2247478.15",
                "Additional": "page 22 of the link",
                "OLD___Brie": "None",
                "MUNICUID": "29",
                "MUNICID": "02",
                "NAME": "MIAMI BEACH",
                "FIPSCODE": "1245025",
                "CREATEDBY": "None",
                "CREATEDDAT": "12/31/1899",
                "MODIFIEDBY": "None",
                "MODIFIEDDA": "12/31/1899",
                "GlobalID": "f01c40cb-77c5-4887-8405-bbaa820b81b4"
            },
            "geometry": {
                "type": "Point",
                "coordinates": [
                    -80.141577039999959,
                    25.813237710000067
                ]
            }
        },
        {
            "type": "Feature",
            "properties": {
                "Join_Count": "1",
                "TARGET_FID": "261",
                "Project_Na": "Utility Bridge Hardening",
                "Latitude": "25.81323771",
                "Longitude": "-80.14157704",
                "City": "Miami Beach",
                "Link_to_Da": "https://www.miamidade.gov/resources/emergency/documents/lms-part-2-the-projects.pdf",
                "Implementa": "Mount Sinai?",
                "Infrastruc": "Gray",
                "Categories": "Sustainability Initiatives",
                "Disaster_F": "Critical Infrastructure",
                "New_15_25_": "utility bridge hardening",
                "Project_St": "None",
                "Project_En": "2022",
                "Project__1": "Completed",
                "Estimated_": "759622.04",
                "Additional": "page 22 of the link",
                "OLD___Brie": "None",
                "MUNICUID": "29",
                "MUNICID": "02",
                "NAME": "MIAMI BEACH",
                "FIPSCODE": "1245025",
                "CREATEDBY": "None",
                "CREATEDDAT": "12/31/1899",
                "MODIFIEDBY": "None",
                "MODIFIEDDA": "12/31/1899",
                "GlobalID": "f01c40cb-77c5-4887-8405-bbaa820b81b4"
            },
            "geometry": {
                "type": "Point",
                "coordinates": [
                    -80.141577039999959,
                    25.813237710000067
                ]
            }
        },
        {
            "type": "Feature",
            "properties": {
                "Join_Count": "1",
                "TARGET_FID": "263",
                "Project_Na": "Palmetto Island Drainage (Phase I)",
                "Latitude": "25.65022672",
                "Longitude": "-80.30721936",
                "City": "Pinecrest",
                "Link_to_Da": "https://www.miamidade.gov/resources/emergency/documents/lms-part-2-the-projects.pdf",
                "Implementa": "pinecrest?",
                "Infrastruc": "Gray",
                "Categories": "Flood Control Infrastructure",
                "Disaster_F": "Flooding",
                "New_15_25_": "drainage imporvements",
                "Project_St": "None",
                "Project_En": "None",
                "Project__1": "Ongoing",
                "Estimated_": "750000",
                "Additional": "page 22 of the link",
                "OLD___Brie": "None",
                "MUNICUID": "75",
                "MUNICID": "20",
                "NAME": "PINECREST",
                "FIPSCODE": "1256625",
                "CREATEDBY": "None",
                "CREATEDDAT": "12/31/1899",
                "MODIFIEDBY": "None",
                "MODIFIEDDA": "12/31/1899",
                "GlobalID": "fc36b060-f8cf-41e1-b16f-9fa23b5abfaf"
            },
            "geometry": {
                "type": "Point",
                "coordinates": [
                    -80.307219359999976,
                    25.650226720000035
                ]
            }
        },
        {
            "type": "Feature",
            "properties": {
                "Join_Count": "1",
                "TARGET_FID": "264",
                "Project_Na": "Police Station Headquarters Garage Drainage Improvements",
                "Latitude": "25.78255485",
                "Longitude": "-80.13335146",
                "City": "Miami Beach",
                "Link_to_Da": "https://www.miamidade.gov/resources/emergency/documents/lms-part-2-the-projects.pdf",
                "Implementa": "FEMA Hazard Mitigation Grant Program",
                "Infrastruc": "Gray",
                "Categories": "Flood Control Infrastructure",
                "Disaster_F": "Flooding",
                "New_15_25_": "police station garage drainage improvements",
                "Project_St": "2025",
                "Project_En": "None",
                "Project__1": "Funding Secured",
                "Estimated_": "0",
                "Additional": "page 22 of the link",
                "OLD___Brie": "None",
                "MUNICUID": "29",
                "MUNICID": "02",
                "NAME": "MIAMI BEACH",
                "FIPSCODE": "1245025",
                "CREATEDBY": "None",
                "CREATEDDAT": "12/31/1899",
                "MODIFIEDBY": "None",
                "MODIFIEDDA": "12/31/1899",
                "GlobalID": "f01c40cb-77c5-4887-8405-bbaa820b81b4"
            },
            "geometry": {
                "type": "Point",
                "coordinates": [
                    -80.133351459999972,
                    25.782554850000054
                ]
            }
        },
        {
            "type": "Feature",
            "properties": {
                "Join_Count": "1",
                "TARGET_FID": "265",
                "Project_Na": "Larchmont Drainage Retrofit Project",
                "Latitude": "25.85232708",
                "Longitude": "-80.20329489",
                "City": "Miami",
                "Link_to_Da": "https://www.miamidade.gov/resources/emergency/documents/lms-part-2-the-projects.pdf",
                "Implementa": "Public Works Miami Dade County",
                "Infrastruc": "Gray",
                "Categories": "Flood Control Infrastructure",
                "Disaster_F": "Flooding",
                "New_15_25_": "draiange retrofit improvements",
                "Project_St": "None",
                "Project_En": "None",
                "Project__1": "Funding Not Yet Secured",
                "Estimated_": "1000000",
                "Additional": "page 22 of the link",
                "OLD___Brie": "None",
                "MUNICUID": "22",
                "MUNICID": "30",
                "NAME": "UNINCORPORATED MIAMI-DADE",
                "FIPSCODE": "0",
                "CREATEDBY": "None",
                "CREATEDDAT": "12/31/1899",
                "MODIFIEDBY": "E316899",
                "MODIFIEDDA": "03/03/2021",
                "GlobalID": "b9495799-1efe-4c6b-a3e0-99de4b6c4a87"
            },
            "geometry": {
                "type": "Point",
                "coordinates": [
                    -80.203294889999938,
                    25.852327080000066
                ]
            }
        },
        {
            "type": "Feature",
            "properties": {
                "Join_Count": "1",
                "TARGET_FID": "266",
                "Project_Na": "CRS Activity 420 Open Space Preservation",
                "Latitude": "25.5593187",
                "Longitude": "-80.34774842",
                "City": "Cutler Bay",
                "Link_to_Da": "https://www.miamidade.gov/resources/emergency/documents/lms-part-2-the-projects.pdf",
                "Implementa": "Building Resilient Infrastructure and Communities (BRIC)",
                "Infrastruc": "Green",
                "Categories": "Flood Control Infrastructure",
                "Disaster_F": "Flooding",
                "New_15_25_": "Project details undisclosed",
                "Project_St": "None",
                "Project_En": "None",
                "Project__1": "Funding Not Yet Secured",
                "Estimated_": "8000000",
                "Additional": "page 23 of the link",
                "OLD___Brie": "None",
                "MUNICUID": "77",
                "MUNICID": "36",
                "NAME": "CUTLER BAY",
                "FIPSCODE": "1215968",
                "CREATEDBY": "None",
                "CREATEDDAT": "12/31/1899",
                "MODIFIEDBY": "None",
                "MODIFIEDDA": "12/31/1899",
                "GlobalID": "706f6e89-d110-4e47-ad52-d8aecc500d1b"
            },
            "geometry": {
                "type": "Point",
                "coordinates": [
                    -80.347748419999959,
                    25.559318700000063
                ]
            }
        },
        {
            "type": "Feature",
            "properties": {
                "Join_Count": "1",
                "TARGET_FID": "267",
                "Project_Na": "West Lakes Drainage Improvements Project Phase IV",
                "Latitude": "25.909157",
                "Longitude": "-80.344905",
                "City": "Miami Lakes",
                "Link_to_Da": "https://www.miamidade.gov/resources/emergency/documents/lms-part-2-the-projects.pdf",
                "Implementa": "FEMA Hazard Mitigation Grants Program",
                "Infrastruc": "Hybrid",
                "Categories": "Flood Control Infrastructure",
                "Disaster_F": "Flooding",
                "New_15_25_": "drainage improvement",
                "Project_St": "2023",
                "Project_En": "None",
                "Project__1": "Funding Secured",
                "Estimated_": "0",
                "Additional": "page 23 of the link",
                "OLD___Brie": "None",
                "MUNICUID": "12",
                "MUNICID": "32",
                "NAME": "MIAMI LAKES",
                "FIPSCODE": "1245100",
                "CREATEDBY": "None",
                "CREATEDDAT": "12/31/1899",
                "MODIFIEDBY": "None",
                "MODIFIEDDA": "12/31/1899",
                "GlobalID": "64025d22-0892-413b-a900-44d95adcb381"
            },
            "geometry": {
                "type": "Point",
                "coordinates": [
                    -80.344905,
                    25.909157
                ]
            }
        },
        {
            "type": "Feature",
            "properties": {
                "Join_Count": "1",
                "TARGET_FID": "268",
                "Project_Na": "King's Bay Septic to Sewer Conversion",
                "Latitude": "25.635247",
                "Longitude": "-80.296901",
                "City": "Coral Gables",
                "Link_to_Da": "https://www.miamidade.gov/resources/emergency/documents/lms-part-2-the-projects.pdf",
                "Implementa": "None",
                "Infrastruc": "Hybrid",
                "Categories": "Public Facilities",
                "Disaster_F": "Critical Infrastructure",
                "New_15_25_": "king's bay septic to sewer conversion",
                "Project_St": "None",
                "Project_En": "None",
                "Project__1": "Funding Not Yet Secured",
                "Estimated_": "4500000",
                "Additional": "page 23 of the link",
                "OLD___Brie": "None",
                "MUNICUID": "43",
                "MUNICID": "03",
                "NAME": "CORAL GABLES",
                "FIPSCODE": "1214250",
                "CREATEDBY": "None",
                "CREATEDDAT": "12/31/1899",
                "MODIFIEDBY": "None",
                "MODIFIEDDA": "12/31/1899",
                "GlobalID": "739e5868-6d18-4337-8ca7-22fcd511dbd7"
            },
            "geometry": {
                "type": "Point",
                "coordinates": [
                    -80.296901,
                    25.635247
                ]
            }
        },
        {
            "type": "Feature",
            "properties": {
                "Join_Count": "1",
                "TARGET_FID": "270",
                "Project_Na": "Seal and Paint Exterior DHM Patient Tower",
                "Latitude": "25.81333574",
                "Longitude": "-80.14145806",
                "City": "Aventura",
                "Link_to_Da": "https://www.miamidade.gov/resources/emergency/documents/lms-part-2-the-projects.pdf",
                "Implementa": "Hospital Funded",
                "Infrastruc": "Gray",
                "Categories": "Public Facilities",
                "Disaster_F": "Critical Infrastructure",
                "New_15_25_": "Seal and Paint Exterior DHM Patient Tower",
                "Project_St": "2023",
                "Project_En": "None",
                "Project__1": "Ongoing",
                "Estimated_": "1920104",
                "Additional": "page 23 of the link",
                "OLD___Brie": "None",
                "MUNICUID": "29",
                "MUNICID": "02",
                "NAME": "MIAMI BEACH",
                "FIPSCODE": "1245025",
                "CREATEDBY": "None",
                "CREATEDDAT": "12/31/1899",
                "MODIFIEDBY": "None",
                "MODIFIEDDA": "12/31/1899",
                "GlobalID": "f01c40cb-77c5-4887-8405-bbaa820b81b4"
            },
            "geometry": {
                "type": "Point",
                "coordinates": [
                    -80.141458059999934,
                    25.81333574000007
                ]
            }
        },
        {
            "type": "Feature",
            "properties": {
                "Join_Count": "1",
                "TARGET_FID": "271",
                "Project_Na": "Beach Club Sewer Extension",
                "Latitude": "25.689688",
                "Longitude": "-80.15725499",
                "City": "Key Biscayne",
                "Link_to_Da": "https://www.miamidade.gov/resources/emergency/documents/lms-part-2-the-projects.pdf",
                "Implementa": "ARP",
                "Infrastruc": "Gray",
                "Categories": "Public Facilities",
                "Disaster_F": "Flooding",
                "New_15_25_": "Beach Club Sewer Extension",
                "Project_St": "None",
                "Project_En": "2022",
                "Project__1": "Completed",
                "Estimated_": "42000",
                "Additional": "page 23 of the link",
                "OLD___Brie": "None",
                "MUNICUID": "74",
                "MUNICID": "24",
                "NAME": "KEY BISCAYNE",
                "FIPSCODE": "1236300",
                "CREATEDBY": "None",
                "CREATEDDAT": "12/31/1899",
                "MODIFIEDBY": "None",
                "MODIFIEDDA": "12/31/1899",
                "GlobalID": "70964e2b-4266-4df7-b51c-a17364fff5f9"
            },
            "geometry": {
                "type": "Point",
                "coordinates": [
                    -80.157254989999956,
                    25.689688
                ]
            }
        },
        {
            "type": "Feature",
            "properties": {
                "Join_Count": "1",
                "TARGET_FID": "272",
                "Project_Na": "NW 187 Street Drainage and Sidewalk Curbing Improvement Project (from NW 33-34 Court)",
                "Latitude": "25.9442696",
                "Longitude": "-80.25596016",
                "City": "Miami Gardens",
                "Link_to_Da": "https://www.miamidade.gov/resources/emergency/documents/lms-part-2-the-projects.pdf",
                "Implementa": "None",
                "Infrastruc": "Hybrid",
                "Categories": "Flood Control Infrastructure",
                "Disaster_F": "Flooding",
                "New_15_25_": "Project details undisclosed",
                "Project_St": "None",
                "Project_En": "None",
                "Project__1": "Completed",
                "Estimated_": "175000",
                "Additional": "page 23 of the link",
                "OLD___Brie": "None",
                "MUNICUID": "5",
                "MUNICID": "34",
                "NAME": "MIAMI GARDENS",
                "FIPSCODE": "1245060",
                "CREATEDBY": "None",
                "CREATEDDAT": "12/31/1899",
                "MODIFIEDBY": "E316899",
                "MODIFIEDDA": "04/21/2022",
                "GlobalID": "b932142c-f9e4-4345-9d40-231f6e4e3d7a"
            },
            "geometry": {
                "type": "Point",
                "coordinates": [
                    -80.255960159999972,
                    25.944269600000041
                ]
            }
        },
        {
            "type": "Feature",
            "properties": {
                "Join_Count": "1",
                "TARGET_FID": "273",
                "Project_Na": "NW 34 Ave and NW 151 Ter Area Road and Drainage Improvement Project",
                "Latitude": "25.91206826",
                "Longitude": "-80.25709821",
                "City": "Miami Gardens",
                "Link_to_Da": "https://www.miamidade.gov/resources/emergency/documents/lms-part-2-the-projects.pdf",
                "Implementa": "Stormwater and CITT",
                "Infrastruc": "Gray",
                "Categories": "Flood Control Infrastructure",
                "Disaster_F": "Flooding",
                "New_15_25_": "Project details undisclosed",
                "Project_St": "None",
                "Project_En": "None",
                "Project__1": "Completed",
                "Estimated_": "800000",
                "Additional": "page 24 of the link",
                "OLD___Brie": "None",
                "MUNICUID": "5",
                "MUNICID": "34",
                "NAME": "MIAMI GARDENS",
                "FIPSCODE": "1245060",
                "CREATEDBY": "None",
                "CREATEDDAT": "12/31/1899",
                "MODIFIEDBY": "E316899",
                "MODIFIEDDA": "04/21/2022",
                "GlobalID": "b932142c-f9e4-4345-9d40-231f6e4e3d7a"
            },
            "geometry": {
                "type": "Point",
                "coordinates": [
                    -80.257098209999981,
                    25.912068260000069
                ]
            }
        },
        {
            "type": "Feature",
            "properties": {
                "Join_Count": "1",
                "TARGET_FID": "274",
                "Project_Na": "NW 213 Street Drainage Improvement Project (Flooding at 2931 NW 213\nStreet)",
                "Latitude": "25.97017972",
                "Longitude": "-80.2509807",
                "City": "Miami Gardens",
                "Link_to_Da": "https://www.miamidade.gov/resources/emergency/documents/lms-part-2-the-projects.pdf",
                "Implementa": "Stromwater",
                "Infrastruc": "Hybrid",
                "Categories": "Flood Control Infrastructure",
                "Disaster_F": "Flooding",
                "New_15_25_": "Project details undisclosed",
                "Project_St": "None",
                "Project_En": "None",
                "Project__1": "Funding Secured",
                "Estimated_": "100000",
                "Additional": "page 24 of the link",
                "OLD___Brie": "None",
                "MUNICUID": "5",
                "MUNICID": "34",
                "NAME": "MIAMI GARDENS",
                "FIPSCODE": "1245060",
                "CREATEDBY": "None",
                "CREATEDDAT": "12/31/1899",
                "MODIFIEDBY": "E316899",
                "MODIFIEDDA": "04/21/2022",
                "GlobalID": "b932142c-f9e4-4345-9d40-231f6e4e3d7a"
            },
            "geometry": {
                "type": "Point",
                "coordinates": [
                    -80.250980699999957,
                    25.970179720000033
                ]
            }
        },
        {
            "type": "Feature",
            "properties": {
                "Join_Count": "1",
                "TARGET_FID": "275",
                "Project_Na": "Alleyways Drainage Project Improvements (off NW 2 Avenue between NW 189 to 191 Street)",
                "Latitude": "25.94766283",
                "Longitude": "-80.20544275",
                "City": "Miami Gardens",
                "Link_to_Da": "https://www.miamidade.gov/resources/emergency/documents/lms-part-2-the-projects.pdf",
                "Implementa": "Stromwater",
                "Infrastruc": "Hybrid",
                "Categories": "Flood Control Infrastructure",
                "Disaster_F": "Flooding",
                "New_15_25_": "Project details undisclosed",
                "Project_St": "None",
                "Project_En": "None",
                "Project__1": "Funding Secured",
                "Estimated_": "30000",
                "Additional": "page 24 of the link",
                "OLD___Brie": "None",
                "MUNICUID": "5",
                "MUNICID": "34",
                "NAME": "MIAMI GARDENS",
                "FIPSCODE": "1245060",
                "CREATEDBY": "None",
                "CREATEDDAT": "12/31/1899",
                "MODIFIEDBY": "E316899",
                "MODIFIEDDA": "04/21/2022",
                "GlobalID": "b932142c-f9e4-4345-9d40-231f6e4e3d7a"
            },
            "geometry": {
                "type": "Point",
                "coordinates": [
                    -80.205442749999975,
                    25.94766283000007
                ]
            }
        },
        {
            "type": "Feature",
            "properties": {
                "Join_Count": "1",
                "TARGET_FID": "276",
                "Project_Na": "Leslie Estates Road and Drainage Improvement Project-Phase #2 between NW 189 to 191 Street)",
                "Latitude": "25.94730563",
                "Longitude": "-80.25368704",
                "City": "Miami Gardens",
                "Link_to_Da": "https://www.miamidade.gov/resources/emergency/documents/lms-part-2-the-projects.pdf",
                "Implementa": "Stormwater and CITT",
                "Infrastruc": "Hybrid",
                "Categories": "Flood Control Infrastructure",
                "Disaster_F": "Flooding",
                "New_15_25_": "Project details undisclosed",
                "Project_St": "None",
                "Project_En": "None",
                "Project__1": "Funding Secured",
                "Estimated_": "1700000",
                "Additional": "page 24 of the link",
                "OLD___Brie": "None",
                "MUNICUID": "5",
                "MUNICID": "34",
                "NAME": "MIAMI GARDENS",
                "FIPSCODE": "1245060",
                "CREATEDBY": "None",
                "CREATEDDAT": "12/31/1899",
                "MODIFIEDBY": "E316899",
                "MODIFIEDDA": "04/21/2022",
                "GlobalID": "b932142c-f9e4-4345-9d40-231f6e4e3d7a"
            },
            "geometry": {
                "type": "Point",
                "coordinates": [
                    -80.253687039999988,
                    25.947305630000074
                ]
            }
        },
        {
            "type": "Feature",
            "properties": {
                "Join_Count": "1",
                "TARGET_FID": "277",
                "Project_Na": "NW 195 Terrace from NW 33-34 Court Drainage Project",
                "Latitude": "25.95176423",
                "Longitude": "-80.25892644",
                "City": "Miami Gardens",
                "Link_to_Da": "https://www.miamidade.gov/resources/emergency/documents/lms-part-2-the-projects.pdf",
                "Implementa": "Stromwater",
                "Infrastruc": "Gray",
                "Categories": "Flood Control Infrastructure",
                "Disaster_F": "Flooding",
                "New_15_25_": "Project details undisclosed",
                "Project_St": "None",
                "Project_En": "None",
                "Project__1": "Completed",
                "Estimated_": "25000",
                "Additional": "page 24 of the link",
                "OLD___Brie": "None",
                "MUNICUID": "5",
                "MUNICID": "34",
                "NAME": "MIAMI GARDENS",
                "FIPSCODE": "1245060",
                "CREATEDBY": "None",
                "CREATEDDAT": "12/31/1899",
                "MODIFIEDBY": "E316899",
                "MODIFIEDDA": "04/21/2022",
                "GlobalID": "b932142c-f9e4-4345-9d40-231f6e4e3d7a"
            },
            "geometry": {
                "type": "Point",
                "coordinates": [
                    -80.258926439999982,
                    25.951764230000038
                ]
            }
        },
        {
            "type": "Feature",
            "properties": {
                "Join_Count": "1",
                "TARGET_FID": "278",
                "Project_Na": "NW 187-199 Street and NW Sunshine State Parkway to NW 12 Avenue",
                "Latitude": "25.95563577",
                "Longitude": "-80.24612356",
                "City": "Miami Gardens",
                "Link_to_Da": "https://www.miamidade.gov/resources/emergency/documents/lms-part-2-the-projects.pdf",
                "Implementa": "Stormwater and CITT",
                "Infrastruc": "Gray",
                "Categories": "Flood Control Infrastructure",
                "Disaster_F": "Flooding",
                "New_15_25_": "Project details undisclosed",
                "Project_St": "None",
                "Project_En": "None",
                "Project__1": "Ongoing",
                "Estimated_": "1200000",
                "Additional": "page 24 of the link",
                "OLD___Brie": "None",
                "MUNICUID": "5",
                "MUNICID": "34",
                "NAME": "MIAMI GARDENS",
                "FIPSCODE": "1245060",
                "CREATEDBY": "None",
                "CREATEDDAT": "12/31/1899",
                "MODIFIEDBY": "E316899",
                "MODIFIEDDA": "04/21/2022",
                "GlobalID": "b932142c-f9e4-4345-9d40-231f6e4e3d7a"
            },
            "geometry": {
                "type": "Point",
                "coordinates": [
                    -80.246123559999944,
                    25.955635770000072
                ]
            }
        },
        {
            "type": "Feature",
            "properties": {
                "Join_Count": "1",
                "TARGET_FID": "279",
                "Project_Na": "Storm water & Roadway improvements",
                "Latitude": "25.85590834",
                "Longitude": "-80.19320214",
                "City": "El Portal",
                "Link_to_Da": "https://www.miamidade.gov/resources/emergency/documents/lms-part-2-the-projects.pdf",
                "Implementa": "Miami-Dade County, FDEP, State of Florida Legislative Appropriations,\nfederal government.",
                "Infrastruc": "Gray",
                "Categories": "Flood Control Infrastructure",
                "Disaster_F": "Flooding",
                "New_15_25_": "Project details undisclosed",
                "Project_St": "None",
                "Project_En": "None",
                "Project__1": "Funding Not Yet Secured",
                "Estimated_": "2400000",
                "Additional": "page 25 of the link",
                "OLD___Brie": "None",
                "MUNICUID": "31",
                "MUNICID": "18",
                "NAME": "EL PORTAL",
                "FIPSCODE": "1220650",
                "CREATEDBY": "None",
                "CREATEDDAT": "12/31/1899",
                "MODIFIEDBY": "None",
                "MODIFIEDDA": "12/31/1899",
                "GlobalID": "7f716f54-937f-47e2-b137-16bf07679802"
            },
            "geometry": {
                "type": "Point",
                "coordinates": [
                    -80.193202139999983,
                    25.855908340000042
                ]
            }
        },
        {
            "type": "Feature",
            "properties": {
                "Join_Count": "1",
                "TARGET_FID": "280",
                "Project_Na": "NW 165 Street Area Drainage/Swale\nImprovement Project",
                "Latitude": "25.92455899",
                "Longitude": "-80.25264603",
                "City": "Miami Gardens",
                "Link_to_Da": "https://www.miamidade.gov/resources/emergency/documents/lms-part-2-the-projects.pdf",
                "Implementa": "Stromwater",
                "Infrastruc": "Hybrid",
                "Categories": "Flood Control Infrastructure",
                "Disaster_F": "Flooding",
                "New_15_25_": "Project details undisclosed",
                "Project_St": "None",
                "Project_En": "None",
                "Project__1": "Completed",
                "Estimated_": "25000",
                "Additional": "page 25 of the link",
                "OLD___Brie": "None",
                "MUNICUID": "5",
                "MUNICID": "34",
                "NAME": "MIAMI GARDENS",
                "FIPSCODE": "1245060",
                "CREATEDBY": "None",
                "CREATEDDAT": "12/31/1899",
                "MODIFIEDBY": "E316899",
                "MODIFIEDDA": "04/21/2022",
                "GlobalID": "b932142c-f9e4-4345-9d40-231f6e4e3d7a"
            },
            "geometry": {
                "type": "Point",
                "coordinates": [
                    -80.252646029999937,
                    25.924558990000037
                ]
            }
        },
        {
            "type": "Feature",
            "properties": {
                "Join_Count": "1",
                "TARGET_FID": "281",
                "Project_Na": "NW 202 Terrace Road, Drainage and Street Parking Improvement Project (west of NE 2 Avenue)",
                "Latitude": "25.95864622",
                "Longitude": "-80.19806299",
                "City": "Miami Gardens",
                "Link_to_Da": "https://www.miamidade.gov/resources/emergency/documents/lms-part-2-the-projects.pdf",
                "Implementa": "Stromwater",
                "Infrastruc": "Hybrid",
                "Categories": "Flood Control Infrastructure",
                "Disaster_F": "Flooding",
                "New_15_25_": "Project details undisclosed",
                "Project_St": "None",
                "Project_En": "None",
                "Project__1": "Completed",
                "Estimated_": "750000",
                "Additional": "page 25 of the link",
                "OLD___Brie": "None",
                "MUNICUID": "4",
                "MUNICID": "30",
                "NAME": "UNINCORPORATED MIAMI-DADE",
                "FIPSCODE": "0",
                "CREATEDBY": "E316899",
                "CREATEDDAT": "04/21/2022",
                "MODIFIEDBY": "E316899",
                "MODIFIEDDA": "04/21/2022",
                "GlobalID": "6d57fb7a-ea31-4b13-9e05-3811c3de948f"
            },
            "geometry": {
                "type": "Point",
                "coordinates": [
                    -80.198062989999983,
                    25.958646220000048
                ]
            }
        },
        {
            "type": "Feature",
            "properties": {
                "Join_Count": "1",
                "TARGET_FID": "282",
                "Project_Na": "Miami Springs Wind Retrofit Project",
                "Latitude": "25.8215354",
                "Longitude": "-80.28771088",
                "City": "Miami-Dade County",
                "Link_to_Da": "https://www.miamidade.gov/resources/emergency/documents/lms-part-2-the-projects.pdf",
                "Implementa": "?",
                "Infrastruc": "Gray",
                "Categories": "Sustainability Initiatives",
                "Disaster_F": "Multi-hazard",
                "New_15_25_": "Project details undisclosed",
                "Project_St": "None",
                "Project_En": "None",
                "Project__1": "Funding Secured",
                "Estimated_": "173074",
                "Additional": "page 25 of the link",
                "OLD___Brie": "None",
                "MUNICUID": "40",
                "MUNICID": "05",
                "NAME": "MIAMI SPRINGS",
                "FIPSCODE": "1245200",
                "CREATEDBY": "None",
                "CREATEDDAT": "12/31/1899",
                "MODIFIEDBY": "None",
                "MODIFIEDDA": "12/31/1899",
                "GlobalID": "c15d42af-b6aa-4fcc-92fa-3234842e7e00"
            },
            "geometry": {
                "type": "Point",
                "coordinates": [
                    -80.287710879999963,
                    25.821535400000073
                ]
            }
        },
        {
            "type": "Feature",
            "properties": {
                "Join_Count": "1",
                "TARGET_FID": "283",
                "Project_Na": "NW 203 Street Area Drainage Improvement Project",
                "Latitude": "25.95954879",
                "Longitude": "-80.25779374",
                "City": "Miami Gardens",
                "Link_to_Da": "https://www.miamidade.gov/resources/emergency/documents/lms-part-2-the-projects.pdf",
                "Implementa": "Stromwater",
                "Infrastruc": "Hybrid",
                "Categories": "Flood Control Infrastructure",
                "Disaster_F": "Flooding",
                "New_15_25_": "Project details undisclosed",
                "Project_St": "None",
                "Project_En": "None",
                "Project__1": "Completed",
                "Estimated_": "50000",
                "Additional": "page 25 of the link",
                "OLD___Brie": "None",
                "MUNICUID": "5",
                "MUNICID": "34",
                "NAME": "MIAMI GARDENS",
                "FIPSCODE": "1245060",
                "CREATEDBY": "None",
                "CREATEDDAT": "12/31/1899",
                "MODIFIEDBY": "E316899",
                "MODIFIEDDA": "04/21/2022",
                "GlobalID": "b932142c-f9e4-4345-9d40-231f6e4e3d7a"
            },
            "geometry": {
                "type": "Point",
                "coordinates": [
                    -80.257793739999954,
                    25.959548790000042
                ]
            }
        },
        {
            "type": "Feature",
            "properties": {
                "Join_Count": "1",
                "TARGET_FID": "284",
                "Project_Na": "Downtown Coral Gables Drainage\nand Water Quality Improvements",
                "Latitude": "25.74962425",
                "Longitude": "-80.25733476",
                "City": "Coral Gables",
                "Link_to_Da": "https://www.miamidade.gov/resources/emergency/documents/lms-part-2-the-projects.pdf",
                "Implementa": "Hazard Mitigation Grant Program",
                "Infrastruc": "Gray",
                "Categories": "Flood Control Infrastructure",
                "Disaster_F": "Flooding",
                "New_15_25_": "Project details undisclosed",
                "Project_St": "2024",
                "Project_En": "None",
                "Project__1": "Funding Secured",
                "Estimated_": "1000000",
                "Additional": "page 25 of the link",
                "OLD___Brie": "None",
                "MUNICUID": "43",
                "MUNICID": "03",
                "NAME": "CORAL GABLES",
                "FIPSCODE": "1214250",
                "CREATEDBY": "None",
                "CREATEDDAT": "12/31/1899",
                "MODIFIEDBY": "None",
                "MODIFIEDDA": "12/31/1899",
                "GlobalID": "739e5868-6d18-4337-8ca7-22fcd511dbd7"
            },
            "geometry": {
                "type": "Point",
                "coordinates": [
                    -80.257334759999935,
                    25.749624250000068
                ]
            }
        },
        {
            "type": "Feature",
            "properties": {
                "Join_Count": "1",
                "TARGET_FID": "285",
                "Project_Na": "Miami Beach Regional Hardening Project",
                "Latitude": "25.7979596",
                "Longitude": "-80.12872306",
                "City": "Miami Beach",
                "Link_to_Da": "https://www.miamidade.gov/resources/emergency/documents/lms-part-2-the-projects.pdf",
                "Implementa": "Hazard Mitigation Grant Program, resilience and other Grant sources",
                "Infrastruc": "Gray",
                "Categories": "Flood Control Infrastructure",
                "Disaster_F": "Flooding",
                "New_15_25_": "Project details undisclosed",
                "Project_St": "None",
                "Project_En": "None",
                "Project__1": "Funding Secured",
                "Estimated_": "1415285",
                "Additional": "page 25 of the link",
                "OLD___Brie": "None",
                "MUNICUID": "29",
                "MUNICID": "02",
                "NAME": "MIAMI BEACH",
                "FIPSCODE": "1245025",
                "CREATEDBY": "None",
                "CREATEDDAT": "12/31/1899",
                "MODIFIEDBY": "None",
                "MODIFIEDDA": "12/31/1899",
                "GlobalID": "f01c40cb-77c5-4887-8405-bbaa820b81b4"
            },
            "geometry": {
                "type": "Point",
                "coordinates": [
                    -80.12872305999997,
                    25.79795960000007
                ]
            }
        },
        {
            "type": "Feature",
            "properties": {
                "Join_Count": "1",
                "TARGET_FID": "286",
                "Project_Na": "City of Miami Springs: Erosion Control and Stabilization of Drainage",
                "Latitude": "25.82468646",
                "Longitude": "-80.28402183",
                "City": "Miami Springs",
                "Link_to_Da": "https://www.miamidade.gov/resources/emergency/documents/lms-part-2-the-projects.pdf",
                "Implementa": "State Legislation",
                "Infrastruc": "Gray",
                "Categories": "Flood Control Infrastructure",
                "Disaster_F": "Flooding",
                "New_15_25_": "Project details undisclosed",
                "Project_St": "None",
                "Project_En": "None",
                "Project__1": "Funding Not Yet Secured",
                "Estimated_": "1281383",
                "Additional": "page 26 of the link",
                "OLD___Brie": "None",
                "MUNICUID": "40",
                "MUNICID": "05",
                "NAME": "MIAMI SPRINGS",
                "FIPSCODE": "1245200",
                "CREATEDBY": "None",
                "CREATEDDAT": "12/31/1899",
                "MODIFIEDBY": "None",
                "MODIFIEDDA": "12/31/1899",
                "GlobalID": "c15d42af-b6aa-4fcc-92fa-3234842e7e00"
            },
            "geometry": {
                "type": "Point",
                "coordinates": [
                    -80.284021829999972,
                    25.824686460000066
                ]
            }
        },
        {
            "type": "Feature",
            "properties": {
                "Join_Count": "1",
                "TARGET_FID": "287",
                "Project_Na": "Melrose Flood Improvements Phase I",
                "Latitude": "25.80581488",
                "Longitude": "-80.22984434",
                "City": "Miami",
                "Link_to_Da": "https://www.miamidade.gov/resources/emergency/documents/lms-part-2-the-projects.pdf",
                "Implementa": "Hazard Mitigation Grant Program",
                "Infrastruc": "Gray",
                "Categories": "Flood Control Infrastructure",
                "Disaster_F": "Flooding",
                "New_15_25_": "Project details undisclosed",
                "Project_St": "2024",
                "Project_En": "None",
                "Project__1": "Funding Secured",
                "Estimated_": "11029883",
                "Additional": "page 26 of the link",
                "OLD___Brie": "None",
                "MUNICUID": "34",
                "MUNICID": "01",
                "NAME": "MIAMI",
                "FIPSCODE": "1245000",
                "CREATEDBY": "None",
                "CREATEDDAT": "12/31/1899",
                "MODIFIEDBY": "None",
                "MODIFIEDDA": "12/31/1899",
                "GlobalID": "df52bf02-7c6d-4658-b2cc-c2ddb8cd5281"
            },
            "geometry": {
                "type": "Point",
                "coordinates": [
                    -80.229844339999943,
                    25.805814880000071
                ]
            }
        },
        {
            "type": "Feature",
            "properties": {
                "Join_Count": "1",
                "TARGET_FID": "288",
                "Project_Na": "Melrose Flood Improvements Phase II",
                "Latitude": "25.80581488",
                "Longitude": "-80.22984434",
                "City": "Miami",
                "Link_to_Da": "https://www.miamidade.gov/resources/emergency/documents/lms-part-2-the-projects.pdf",
                "Implementa": "Hazard Mitigation Grant Program",
                "Infrastruc": "Gray",
                "Categories": "Flood Control Infrastructure",
                "Disaster_F": "Flooding",
                "New_15_25_": "Project details undisclosed",
                "Project_St": "2024",
                "Project_En": "None",
                "Project__1": "Funding Not Yet Secured",
                "Estimated_": "55510496",
                "Additional": "page 26 of the link",
                "OLD___Brie": "None",
                "MUNICUID": "34",
                "MUNICID": "01",
                "NAME": "MIAMI",
                "FIPSCODE": "1245000",
                "CREATEDBY": "None",
                "CREATEDDAT": "12/31/1899",
                "MODIFIEDBY": "None",
                "MODIFIEDDA": "12/31/1899",
                "GlobalID": "df52bf02-7c6d-4658-b2cc-c2ddb8cd5281"
            },
            "geometry": {
                "type": "Point",
                "coordinates": [
                    -80.229844339999943,
                    25.805814880000071
                ]
            }
        },
        {
            "type": "Feature",
            "properties": {
                "Join_Count": "1",
                "TARGET_FID": "289",
                "Project_Na": "Morningside Flood Improvements Phase I",
                "Latitude": "25.82653371",
                "Longitude": "-80.18087621",
                "City": "Miami",
                "Link_to_Da": "https://www.miamidade.gov/resources/emergency/documents/lms-part-2-the-projects.pdf",
                "Implementa": "Hazard Mitigation Grant Program",
                "Infrastruc": "Gray",
                "Categories": "Flood Control Infrastructure",
                "Disaster_F": "Flooding",
                "New_15_25_": "Project details undisclosed",
                "Project_St": "2024",
                "Project_En": "None",
                "Project__1": "Funding Not Yet Secured",
                "Estimated_": "13627868",
                "Additional": "page 26 of the link",
                "OLD___Brie": "None",
                "MUNICUID": "34",
                "MUNICID": "01",
                "NAME": "MIAMI",
                "FIPSCODE": "1245000",
                "CREATEDBY": "None",
                "CREATEDDAT": "12/31/1899",
                "MODIFIEDBY": "None",
                "MODIFIEDDA": "12/31/1899",
                "GlobalID": "df52bf02-7c6d-4658-b2cc-c2ddb8cd5281"
            },
            "geometry": {
                "type": "Point",
                "coordinates": [
                    -80.180876209999951,
                    25.826533710000035
                ]
            }
        },
        {
            "type": "Feature",
            "properties": {
                "Join_Count": "1",
                "TARGET_FID": "290",
                "Project_Na": "Morningside Flood Improvements Phase II",
                "Latitude": "25.82653371",
                "Longitude": "-80.18087621",
                "City": "Miami",
                "Link_to_Da": "https://www.miamidade.gov/resources/emergency/documents/lms-part-2-the-projects.pdf",
                "Implementa": "Hazard Mitigation Grant Program",
                "Infrastruc": "Gray",
                "Categories": "Flood Control Infrastructure",
                "Disaster_F": "Flooding",
                "New_15_25_": "Project details undisclosed",
                "Project_St": "2024",
                "Project_En": "None",
                "Project__1": "Funding Not Yet Secured",
                "Estimated_": "19415225",
                "Additional": "page 26 of the link",
                "OLD___Brie": "None",
                "MUNICUID": "34",
                "MUNICID": "01",
                "NAME": "MIAMI",
                "FIPSCODE": "1245000",
                "CREATEDBY": "None",
                "CREATEDDAT": "12/31/1899",
                "MODIFIEDBY": "None",
                "MODIFIEDDA": "12/31/1899",
                "GlobalID": "df52bf02-7c6d-4658-b2cc-c2ddb8cd5281"
            },
            "geometry": {
                "type": "Point",
                "coordinates": [
                    -80.180876209999951,
                    25.826533710000035
                ]
            }
        },
        {
            "type": "Feature",
            "properties": {
                "Join_Count": "1",
                "TARGET_FID": "291",
                "Project_Na": "North-West Wynwood Flood Improvements",
                "Latitude": "25.80831151",
                "Longitude": "-80.20340286",
                "City": "Miami",
                "Link_to_Da": "https://www.miamidade.gov/resources/emergency/documents/lms-part-2-the-projects.pdf",
                "Implementa": "Hazard Mitigation Grant Program",
                "Infrastruc": "Gray",
                "Categories": "Flood Control Infrastructure",
                "Disaster_F": "Flooding",
                "New_15_25_": "Project details undisclosed",
                "Project_St": "2024",
                "Project_En": "None",
                "Project__1": "Funding Not Yet Secured",
                "Estimated_": "53545318",
                "Additional": "page 26 of the link",
                "OLD___Brie": "None",
                "MUNICUID": "34",
                "MUNICID": "01",
                "NAME": "MIAMI",
                "FIPSCODE": "1245000",
                "CREATEDBY": "None",
                "CREATEDDAT": "12/31/1899",
                "MODIFIEDBY": "None",
                "MODIFIEDDA": "12/31/1899",
                "GlobalID": "df52bf02-7c6d-4658-b2cc-c2ddb8cd5281"
            },
            "geometry": {
                "type": "Point",
                "coordinates": [
                    -80.203402859999983,
                    25.808311510000067
                ]
            }
        },
        {
            "type": "Feature",
            "properties": {
                "Join_Count": "1",
                "TARGET_FID": "292",
                "Project_Na": "South-West Wynwood Flood Improvements",
                "Latitude": "25.80002466",
                "Longitude": "-80.2031559",
                "City": "Miami",
                "Link_to_Da": "https://www.miamidade.gov/resources/emergency/documents/lms-part-2-the-projects.pdf",
                "Implementa": "CDBG MIT",
                "Infrastruc": "Gray",
                "Categories": "Flood Control Infrastructure",
                "Disaster_F": "Flooding",
                "New_15_25_": "Project details undisclosed",
                "Project_St": "2024",
                "Project_En": "None",
                "Project__1": "Funding Secured",
                "Estimated_": "31523773",
                "Additional": "page 26 of the link",
                "OLD___Brie": "None",
                "MUNICUID": "34",
                "MUNICID": "01",
                "NAME": "MIAMI",
                "FIPSCODE": "1245000",
                "CREATEDBY": "None",
                "CREATEDDAT": "12/31/1899",
                "MODIFIEDBY": "None",
                "MODIFIEDDA": "12/31/1899",
                "GlobalID": "df52bf02-7c6d-4658-b2cc-c2ddb8cd5281"
            },
            "geometry": {
                "type": "Point",
                "coordinates": [
                    -80.203155899999956,
                    25.800024660000076
                ]
            }
        },
        {
            "type": "Feature",
            "properties": {
                "Join_Count": "1",
                "TARGET_FID": "293",
                "Project_Na": "Edgewater Flood Improvements Phase I",
                "Latitude": "25.7991778",
                "Longitude": "-80.18815749",
                "City": "Miami",
                "Link_to_Da": "https://www.miamidade.gov/resources/emergency/documents/lms-part-2-the-projects.pdf",
                "Implementa": "Resilient Florida Grant Program (RFGP), Miami Forever Bond",
                "Infrastruc": "Gray",
                "Categories": "Flood Control Infrastructure",
                "Disaster_F": "Flooding",
                "New_15_25_": "Project details undisclosed",
                "Project_St": "2024",
                "Project_En": "None",
                "Project__1": "Funding Secured",
                "Estimated_": "17111976",
                "Additional": "page 26 of the link",
                "OLD___Brie": "None",
                "MUNICUID": "34",
                "MUNICID": "01",
                "NAME": "MIAMI",
                "FIPSCODE": "1245000",
                "CREATEDBY": "None",
                "CREATEDDAT": "12/31/1899",
                "MODIFIEDBY": "None",
                "MODIFIEDDA": "12/31/1899",
                "GlobalID": "df52bf02-7c6d-4658-b2cc-c2ddb8cd5281"
            },
            "geometry": {
                "type": "Point",
                "coordinates": [
                    -80.18815748999998,
                    25.799177800000052
                ]
            }
        },
        {
            "type": "Feature",
            "properties": {
                "Join_Count": "1",
                "TARGET_FID": "294",
                "Project_Na": "Edgewater Flood Improvements Phase II",
                "Latitude": "25.7991778",
                "Longitude": "-80.18815749",
                "City": "Miami",
                "Link_to_Da": "https://www.miamidade.gov/resources/emergency/documents/lms-part-2-the-projects.pdf",
                "Implementa": "Hazard Mitigation Grant Program",
                "Infrastruc": "Gray",
                "Categories": "Flood Control Infrastructure",
                "Disaster_F": "Flooding",
                "New_15_25_": "Project details undisclosed",
                "Project_St": "2024",
                "Project_En": "None",
                "Project__1": "Funding Not Yet Secured",
                "Estimated_": "18650223",
                "Additional": "page 27 of the link",
                "OLD___Brie": "None",
                "MUNICUID": "34",
                "MUNICID": "01",
                "NAME": "MIAMI",
                "FIPSCODE": "1245000",
                "CREATEDBY": "None",
                "CREATEDDAT": "12/31/1899",
                "MODIFIEDBY": "None",
                "MODIFIEDDA": "12/31/1899",
                "GlobalID": "df52bf02-7c6d-4658-b2cc-c2ddb8cd5281"
            },
            "geometry": {
                "type": "Point",
                "coordinates": [
                    -80.18815748999998,
                    25.799177800000052
                ]
            }
        },
        {
            "type": "Feature",
            "properties": {
                "Join_Count": "1",
                "TARGET_FID": "295",
                "Project_Na": "Brickell East Flood Improvements",
                "Latitude": "25.76613268",
                "Longitude": "-80.19045091",
                "City": "Miami",
                "Link_to_Da": "https://www.miamidade.gov/resources/emergency/documents/lms-part-2-the-projects.pdf",
                "Implementa": "Hazard Mitigation Grant Program",
                "Infrastruc": "Gray",
                "Categories": "Flood Control Infrastructure",
                "Disaster_F": "Flooding",
                "New_15_25_": "Project details undisclosed",
                "Project_St": "2024",
                "Project_En": "None",
                "Project__1": "Funding Not Yet Secured",
                "Estimated_": "23257426",
                "Additional": "page 27 of the link",
                "OLD___Brie": "None",
                "MUNICUID": "34",
                "MUNICID": "01",
                "NAME": "MIAMI",
                "FIPSCODE": "1245000",
                "CREATEDBY": "None",
                "CREATEDDAT": "12/31/1899",
                "MODIFIEDBY": "None",
                "MODIFIEDDA": "12/31/1899",
                "GlobalID": "df52bf02-7c6d-4658-b2cc-c2ddb8cd5281"
            },
            "geometry": {
                "type": "Point",
                "coordinates": [
                    -80.190450909999981,
                    25.766132680000055
                ]
            }
        },
        {
            "type": "Feature",
            "properties": {
                "Join_Count": "1",
                "TARGET_FID": "296",
                "Project_Na": "South Shenandoah & Silver Bluff Flood Improvements\nPhase I",
                "Latitude": "25.75051887",
                "Longitude": "-80.23003978",
                "City": "Miami",
                "Link_to_Da": "https://www.miamidade.gov/resources/emergency/documents/lms-part-2-the-projects.pdf",
                "Implementa": "Hazard Mitigation Grant Program",
                "Infrastruc": "Gray",
                "Categories": "Flood Control Infrastructure",
                "Disaster_F": "Flooding",
                "New_15_25_": "Project details undisclosed",
                "Project_St": "2024",
                "Project_En": "None",
                "Project__1": "Funding Not Yet Secured",
                "Estimated_": "10100000",
                "Additional": "page 27 of the link",
                "OLD___Brie": "None",
                "MUNICUID": "34",
                "MUNICID": "01",
                "NAME": "MIAMI",
                "FIPSCODE": "1245000",
                "CREATEDBY": "None",
                "CREATEDDAT": "12/31/1899",
                "MODIFIEDBY": "None",
                "MODIFIEDDA": "12/31/1899",
                "GlobalID": "df52bf02-7c6d-4658-b2cc-c2ddb8cd5281"
            },
            "geometry": {
                "type": "Point",
                "coordinates": [
                    -80.23003977999997,
                    25.750518870000064
                ]
            }
        },
        {
            "type": "Feature",
            "properties": {
                "Join_Count": "1",
                "TARGET_FID": "297",
                "Project_Na": "South Shenandoah & Silver Bluff Flood Improvements Phase II",
                "Latitude": "25.75051887",
                "Longitude": "-80.23003978",
                "City": "Miami",
                "Link_to_Da": "https://www.miamidade.gov/resources/emergency/documents/lms-part-2-the-projects.pdf",
                "Implementa": "Hazard Mitigation Grant Program",
                "Infrastruc": "Gray",
                "Categories": "Flood Control Infrastructure",
                "Disaster_F": "Flooding",
                "New_15_25_": "Project details undisclosed",
                "Project_St": "2024",
                "Project_En": "None",
                "Project__1": "Funding Not Yet Secured",
                "Estimated_": "10990604",
                "Additional": "page 27 of the link",
                "OLD___Brie": "None",
                "MUNICUID": "34",
                "MUNICID": "01",
                "NAME": "MIAMI",
                "FIPSCODE": "1245000",
                "CREATEDBY": "None",
                "CREATEDDAT": "12/31/1899",
                "MODIFIEDBY": "None",
                "MODIFIEDDA": "12/31/1899",
                "GlobalID": "df52bf02-7c6d-4658-b2cc-c2ddb8cd5281"
            },
            "geometry": {
                "type": "Point",
                "coordinates": [
                    -80.23003977999997,
                    25.750518870000064
                ]
            }
        },
        {
            "type": "Feature",
            "properties": {
                "Join_Count": "1",
                "TARGET_FID": "298",
                "Project_Na": "8th Street Flood Improvements",
                "Latitude": "25.76497939",
                "Longitude": "-80.2225607",
                "City": "Miami",
                "Link_to_Da": "https://www.miamidade.gov/resources/emergency/documents/lms-part-2-the-projects.pdf",
                "Implementa": "HUD - Community Project Funding (CPF) grant, Miami Forever Bond",
                "Infrastruc": "Hybrid",
                "Categories": "Flood Control Infrastructure",
                "Disaster_F": "Flooding",
                "New_15_25_": "Project details undisclosed",
                "Project_St": "2024",
                "Project_En": "None",
                "Project__1": "Funding Secured",
                "Estimated_": "9781446",
                "Additional": "page 27 of the link",
                "OLD___Brie": "None",
                "MUNICUID": "34",
                "MUNICID": "01",
                "NAME": "MIAMI",
                "FIPSCODE": "1245000",
                "CREATEDBY": "None",
                "CREATEDDAT": "12/31/1899",
                "MODIFIEDBY": "None",
                "MODIFIEDDA": "12/31/1899",
                "GlobalID": "df52bf02-7c6d-4658-b2cc-c2ddb8cd5281"
            },
            "geometry": {
                "type": "Point",
                "coordinates": [
                    -80.222560699999974,
                    25.764979390000065
                ]
            }
        },
        {
            "type": "Feature",
            "properties": {
                "Join_Count": "1",
                "TARGET_FID": "299",
                "Project_Na": "Auburndale Flood Improvements",
                "Latitude": "25.76835021",
                "Longitude": "-80.25120639",
                "City": "Miami",
                "Link_to_Da": "https://www.miamidade.gov/resources/emergency/documents/lms-part-2-the-projects.pdf",
                "Implementa": "Resilient Florida Grant Program (RFGP), Miami Forever Bond",
                "Infrastruc": "Gray",
                "Categories": "Flood Control Infrastructure",
                "Disaster_F": "Flooding",
                "New_15_25_": "Project details undisclosed",
                "Project_St": "2024",
                "Project_En": "None",
                "Project__1": "Funding Secured",
                "Estimated_": "30000000",
                "Additional": "page 27 of the link",
                "OLD___Brie": "None",
                "MUNICUID": "34",
                "MUNICID": "01",
                "NAME": "MIAMI",
                "FIPSCODE": "1245000",
                "CREATEDBY": "None",
                "CREATEDDAT": "12/31/1899",
                "MODIFIEDBY": "None",
                "MODIFIEDDA": "12/31/1899",
                "GlobalID": "df52bf02-7c6d-4658-b2cc-c2ddb8cd5281"
            },
            "geometry": {
                "type": "Point",
                "coordinates": [
                    -80.251206389999936,
                    25.768350210000051
                ]
            }
        },
        {
            "type": "Feature",
            "properties": {
                "Join_Count": "1",
                "TARGET_FID": "300",
                "Project_Na": "Shenandoah Flood Improvements Phase I",
                "Latitude": "25.75441214",
                "Longitude": "-80.23026583",
                "City": "Miami",
                "Link_to_Da": "https://www.miamidade.gov/resources/emergency/documents/lms-part-2-the-projects.pdf",
                "Implementa": "Hazard Mitigation Grant Program",
                "Infrastruc": "Gray",
                "Categories": "Flood Control Infrastructure",
                "Disaster_F": "Flooding",
                "New_15_25_": "Project details undisclosed",
                "Project_St": "2024",
                "Project_En": "None",
                "Project__1": "Funding Not Yet Secured",
                "Estimated_": "49433816",
                "Additional": "page 27 of the link",
                "OLD___Brie": "None",
                "MUNICUID": "34",
                "MUNICID": "01",
                "NAME": "MIAMI",
                "FIPSCODE": "1245000",
                "CREATEDBY": "None",
                "CREATEDDAT": "12/31/1899",
                "MODIFIEDBY": "None",
                "MODIFIEDDA": "12/31/1899",
                "GlobalID": "df52bf02-7c6d-4658-b2cc-c2ddb8cd5281"
            },
            "geometry": {
                "type": "Point",
                "coordinates": [
                    -80.230265829999951,
                    25.754412140000056
                ]
            }
        },
        {
            "type": "Feature",
            "properties": {
                "Join_Count": "1",
                "TARGET_FID": "301",
                "Project_Na": "Shenandoah Flood Improvements Phase II",
                "Latitude": "25.75441214",
                "Longitude": "-80.23026583",
                "City": "Miami",
                "Link_to_Da": "https://www.miamidade.gov/resources/emergency/documents/lms-part-2-the-projects.pdf",
                "Implementa": "Hazard Mitigation Grant Program",
                "Infrastruc": "Gray",
                "Categories": "Flood Control Infrastructure",
                "Disaster_F": "Flooding",
                "New_15_25_": "Project details undisclosed",
                "Project_St": "2024",
                "Project_En": "None",
                "Project__1": "Funding Not Yet Secured",
                "Estimated_": "44510554",
                "Additional": "page 28 of the link",
                "OLD___Brie": "None",
                "MUNICUID": "34",
                "MUNICID": "01",
                "NAME": "MIAMI",
                "FIPSCODE": "1245000",
                "CREATEDBY": "None",
                "CREATEDDAT": "12/31/1899",
                "MODIFIEDBY": "None",
                "MODIFIEDDA": "12/31/1899",
                "GlobalID": "df52bf02-7c6d-4658-b2cc-c2ddb8cd5281"
            },
            "geometry": {
                "type": "Point",
                "coordinates": [
                    -80.230265829999951,
                    25.754412140000056
                ]
            }
        },
        {
            "type": "Feature",
            "properties": {
                "Join_Count": "1",
                "TARGET_FID": "303",
                "Project_Na": "Shorecrest North Flood Improvements",
                "Latitude": "25.85730992",
                "Longitude": "-80.17680361",
                "City": "Miami",
                "Link_to_Da": "https://www.miamidade.gov/resources/emergency/documents/lms-part-2-the-projects.pdf",
                "Implementa": "Hazard Mitigation Grant Program",
                "Infrastruc": "Gray",
                "Categories": "Flood Control Infrastructure",
                "Disaster_F": "Flooding",
                "New_15_25_": "Project details undisclosed",
                "Project_St": "2024",
                "Project_En": "None",
                "Project__1": "Funding Not Yet Secured",
                "Estimated_": "11440377",
                "Additional": "page 28 of the link",
                "OLD___Brie": "None",
                "MUNICUID": "30",
                "MUNICID": "30",
                "NAME": "UNINCORPORATED MIAMI-DADE",
                "FIPSCODE": "0",
                "CREATEDBY": "None",
                "CREATEDDAT": "12/31/1899",
                "MODIFIEDBY": "None",
                "MODIFIEDDA": "12/31/1899",
                "GlobalID": "e83ab358-1ca2-448e-b453-a9b3a1946255"
            },
            "geometry": {
                "type": "Point",
                "coordinates": [
                    -80.176803609999979,
                    25.857309920000034
                ]
            }
        },
        {
            "type": "Feature",
            "properties": {
                "Join_Count": "1",
                "TARGET_FID": "304",
                "Project_Na": "Design Stormwater Infrastructure Improvements K-8 Basin",
                "Latitude": "25.68885549",
                "Longitude": "-80.1667563",
                "City": "Key Biscayne",
                "Link_to_Da": "https://www.miamidade.gov/resources/emergency/documents/lms-part-2-the-projects.pdf",
                "Implementa": "CIP, GF, Resilient Florida",
                "Infrastruc": "Gray",
                "Categories": "Flood Control Infrastructure",
                "Disaster_F": "Flooding",
                "New_15_25_": "Project details undisclosed",
                "Project_St": "2025",
                "Project_En": "None",
                "Project__1": "Funding Not Yet Secured",
                "Estimated_": "2419130",
                "Additional": "page 28 of the link",
                "OLD___Brie": "None",
                "MUNICUID": "74",
                "MUNICID": "24",
                "NAME": "KEY BISCAYNE",
                "FIPSCODE": "1236300",
                "CREATEDBY": "None",
                "CREATEDDAT": "12/31/1899",
                "MODIFIEDBY": "None",
                "MODIFIEDDA": "12/31/1899",
                "GlobalID": "70964e2b-4266-4df7-b51c-a17364fff5f9"
            },
            "geometry": {
                "type": "Point",
                "coordinates": [
                    -80.166756299999975,
                    25.688855490000037
                ]
            }
        },
        {
            "type": "Feature",
            "properties": {
                "Join_Count": "1",
                "TARGET_FID": "305",
                "Project_Na": "Dade Chase - C-4 Hardening",
                "Latitude": "25.82971451",
                "Longitude": "-80.19840764",
                "City": "Little Haiti",
                "Link_to_Da": "https://www.miamidade.gov/resources/emergency/documents/lms-part-2-the-projects.pdf",
                "Implementa": "Banyan Community Health Centers",
                "Infrastruc": "Gray",
                "Categories": "Flood Control Infrastructure",
                "Disaster_F": "Flooding",
                "New_15_25_": "Project details undisclosed",
                "Project_St": "None",
                "Project_En": "None",
                "Project__1": "Funding Secured",
                "Estimated_": "430225.57",
                "Additional": "page 28 of the link",
                "OLD___Brie": "None",
                "MUNICUID": "34",
                "MUNICID": "01",
                "NAME": "MIAMI",
                "FIPSCODE": "1245000",
                "CREATEDBY": "None",
                "CREATEDDAT": "12/31/1899",
                "MODIFIEDBY": "None",
                "MODIFIEDDA": "12/31/1899",
                "GlobalID": "df52bf02-7c6d-4658-b2cc-c2ddb8cd5281"
            },
            "geometry": {
                "type": "Point",
                "coordinates": [
                    -80.198407639999971,
                    25.829714510000031
                ]
            }
        },
        {
            "type": "Feature",
            "properties": {
                "Join_Count": "1",
                "TARGET_FID": "306",
                "Project_Na": "Sea wall improvements and shoreline enhancement",
                "Latitude": "25.68894398",
                "Longitude": "-80.17374518",
                "City": "Key Biscayne",
                "Link_to_Da": "https://www.miamidade.gov/resources/emergency/documents/lms-part-2-the-projects.pdf",
                "Implementa": "None",
                "Infrastruc": "Gray",
                "Categories": "Flood Control Infrastructure",
                "Disaster_F": "Flooding",
                "New_15_25_": "Project details undisclosed",
                "Project_St": "None",
                "Project_En": "None",
                "Project__1": "Funding Not Yet Secured",
                "Estimated_": "47361600",
                "Additional": "page 28 of the link",
                "OLD___Brie": "None",
                "MUNICUID": "74",
                "MUNICID": "24",
                "NAME": "KEY BISCAYNE",
                "FIPSCODE": "1236300",
                "CREATEDBY": "None",
                "CREATEDDAT": "12/31/1899",
                "MODIFIEDBY": "None",
                "MODIFIEDDA": "12/31/1899",
                "GlobalID": "70964e2b-4266-4df7-b51c-a17364fff5f9"
            },
            "geometry": {
                "type": "Point",
                "coordinates": [
                    -80.173745179999969,
                    25.688943980000033
                ]
            }
        },
        {
            "type": "Feature",
            "properties": {
                "Join_Count": "1",
                "TARGET_FID": "307",
                "Project_Na": "Thalatta Estate Shoreline Stabilization",
                "Latitude": "25.61046537",
                "Longitude": "-80.3100217",
                "City": "Palmetto Bay",
                "Link_to_Da": "https://www.miamidade.gov/resources/emergency/documents/lms-part-2-the-projects.pdf",
                "Implementa": "FIND grant and Villae of Palmetto Bay",
                "Infrastruc": "Gray",
                "Categories": "Shoreline Protection",
                "Disaster_F": "Flooding",
                "New_15_25_": "Project details undisclosed",
                "Project_St": "None",
                "Project_En": "None",
                "Project__1": "Completed",
                "Estimated_": "500000",
                "Additional": "page 28 of the link",
                "OLD___Brie": "None",
                "MUNICUID": "76",
                "MUNICID": "33",
                "NAME": "PALMETTO BAY",
                "FIPSCODE": "1254275",
                "CREATEDBY": "None",
                "CREATEDDAT": "12/31/1899",
                "MODIFIEDBY": "None",
                "MODIFIEDDA": "12/31/1899",
                "GlobalID": "88d5404d-a956-49f2-b412-d6cc89bfa9e3"
            },
            "geometry": {
                "type": "Point",
                "coordinates": [
                    -80.310021699999936,
                    25.610465370000043
                ]
            }
        },
        {
            "type": "Feature",
            "properties": {
                "Join_Count": "1",
                "TARGET_FID": "308",
                "Project_Na": "complete Streets/Roadway Improvements",
                "Latitude": "25.69935753",
                "Longitude": "-80.16220957",
                "City": "Key Biscayne",
                "Link_to_Da": "https://www.miamidade.gov/resources/emergency/documents/lms-part-2-the-projects.pdf",
                "Implementa": "General obliation bond",
                "Infrastruc": "Gray",
                "Categories": "Flood Control Infrastructure",
                "Disaster_F": "Flooding",
                "New_15_25_": "Project details undisclosed",
                "Project_St": "2021",
                "Project_En": "2028",
                "Project__1": "Funding Secured",
                "Estimated_": "40000000",
                "Additional": "page 28 of the link",
                "OLD___Brie": "None",
                "MUNICUID": "74",
                "MUNICID": "24",
                "NAME": "KEY BISCAYNE",
                "FIPSCODE": "1236300",
                "CREATEDBY": "None",
                "CREATEDDAT": "12/31/1899",
                "MODIFIEDBY": "None",
                "MODIFIEDDA": "12/31/1899",
                "GlobalID": "70964e2b-4266-4df7-b51c-a17364fff5f9"
            },
            "geometry": {
                "type": "Point",
                "coordinates": [
                    -80.162209569999959,
                    25.699357530000043
                ]
            }
        },
        {
            "type": "Feature",
            "properties": {
                "Join_Count": "1",
                "TARGET_FID": "309",
                "Project_Na": "Install Village Wide Security and Surveillance System",
                "Latitude": "25.69166",
                "Longitude": "-80.16456979",
                "City": "Key Biscayne",
                "Link_to_Da": "https://www.miamidade.gov/resources/emergency/documents/lms-part-2-the-projects.pdf",
                "Implementa": "ARPA, GF, CIP",
                "Infrastruc": "Gray",
                "Categories": "Public Facilities",
                "Disaster_F": "Critical Infrastructure",
                "New_15_25_": "Project details undisclosed",
                "Project_St": "2023",
                "Project_En": "None",
                "Project__1": "Funding Secured",
                "Estimated_": "470000",
                "Additional": "page 29 of the link",
                "OLD___Brie": "None",
                "MUNICUID": "74",
                "MUNICID": "24",
                "NAME": "KEY BISCAYNE",
                "FIPSCODE": "1236300",
                "CREATEDBY": "None",
                "CREATEDDAT": "12/31/1899",
                "MODIFIEDBY": "None",
                "MODIFIEDDA": "12/31/1899",
                "GlobalID": "70964e2b-4266-4df7-b51c-a17364fff5f9"
            },
            "geometry": {
                "type": "Point",
                "coordinates": [
                    -80.164569789999973,
                    25.69166
                ]
            }
        },
        {
            "type": "Feature",
            "properties": {
                "Join_Count": "1",
                "TARGET_FID": "310",
                "Project_Na": "Brickell Bay Drive Seawall and Flood Improvements",
                "Latitude": "25.757756",
                "Longitude": "-80.18924896",
                "City": "Miami",
                "Link_to_Da": "https://www.miamidade.gov/resources/emergency/documents/lms-part-2-the-projects.pdf",
                "Implementa": "Hazard Mitigation Grant Program",
                "Infrastruc": "Hybrid",
                "Categories": "Flood Control Infrastructure",
                "Disaster_F": "Flooding",
                "New_15_25_": "Project details undisclosed",
                "Project_St": "2025",
                "Project_En": "None",
                "Project__1": "Funding Not Yet Secured",
                "Estimated_": "20000000",
                "Additional": "page 29 of the link",
                "OLD___Brie": "None",
                "MUNICUID": "34",
                "MUNICID": "01",
                "NAME": "MIAMI",
                "FIPSCODE": "1245000",
                "CREATEDBY": "None",
                "CREATEDDAT": "12/31/1899",
                "MODIFIEDBY": "None",
                "MODIFIEDDA": "12/31/1899",
                "GlobalID": "df52bf02-7c6d-4658-b2cc-c2ddb8cd5281"
            },
            "geometry": {
                "type": "Point",
                "coordinates": [
                    -80.189248959999986,
                    25.757756
                ]
            }
        },
        {
            "type": "Feature",
            "properties": {
                "Join_Count": "1",
                "TARGET_FID": "311",
                "Project_Na": "Replace Community Center RTU",
                "Latitude": "25.69175872",
                "Longitude": "-80.1647752",
                "City": "Key Biscayne",
                "Link_to_Da": "https://www.miamidade.gov/resources/emergency/documents/lms-part-2-the-projects.pdf",
                "Implementa": "None",
                "Infrastruc": "Gray",
                "Categories": "Public Facilities",
                "Disaster_F": "Critical Infrastructure",
                "New_15_25_": "Project details undisclosed",
                "Project_St": "None",
                "Project_En": "2022",
                "Project__1": "Completed",
                "Estimated_": "27888",
                "Additional": "page 29 of the link",
                "OLD___Brie": "None",
                "MUNICUID": "74",
                "MUNICID": "24",
                "NAME": "KEY BISCAYNE",
                "FIPSCODE": "1236300",
                "CREATEDBY": "None",
                "CREATEDDAT": "12/31/1899",
                "MODIFIEDBY": "None",
                "MODIFIEDDA": "12/31/1899",
                "GlobalID": "70964e2b-4266-4df7-b51c-a17364fff5f9"
            },
            "geometry": {
                "type": "Point",
                "coordinates": [
                    -80.164775199999951,
                    25.691758720000053
                ]
            }
        },
        {
            "type": "Feature",
            "properties": {
                "Join_Count": "1",
                "TARGET_FID": "312",
                "Project_Na": "Colorama Estates/Avalon Estates Drainage Improvements Project",
                "Latitude": "25.90257243",
                "Longitude": "-80.35652918",
                "City": "Miami Lakes",
                "Link_to_Da": "https://www.miamidade.gov/resources/emergency/documents/lms-part-2-the-projects.pdf",
                "Implementa": "DEP, FEMA, Legislative",
                "Infrastruc": "Gray",
                "Categories": "Flood Control Infrastructure",
                "Disaster_F": "Flooding",
                "New_15_25_": "Project details undisclosed",
                "Project_St": "2024",
                "Project_En": "None",
                "Project__1": "Funding Not Yet Secured",
                "Estimated_": "1465455",
                "Additional": "page 29 of the link",
                "OLD___Brie": "None",
                "MUNICUID": "13",
                "MUNICID": "04",
                "NAME": "HIALEAH",
                "FIPSCODE": "1230000",
                "CREATEDBY": "None",
                "CREATEDDAT": "12/31/1899",
                "MODIFIEDBY": "None",
                "MODIFIEDDA": "12/31/1899",
                "GlobalID": "8145221d-a929-4ea4-8446-7a4065dab69d"
            },
            "geometry": {
                "type": "Point",
                "coordinates": [
                    -80.356529179999939,
                    25.902572430000077
                ]
            }
        },
        {
            "type": "Feature",
            "properties": {
                "Join_Count": "1",
                "TARGET_FID": "313",
                "Project_Na": "Resilient Infrastructure Integration Strategy/Implementation Plan",
                "Latitude": "25.69014526",
                "Longitude": "-80.16664692",
                "City": "Key Biscayne",
                "Link_to_Da": "https://www.miamidade.gov/resources/emergency/documents/lms-part-2-the-projects.pdf",
                "Implementa": "General Funds & Stormwater",
                "Infrastruc": "Gray",
                "Categories": "Sustainability Initiatives",
                "Disaster_F": "Critical Infrastructure",
                "New_15_25_": "Project details undisclosed",
                "Project_St": "2023",
                "Project_En": "None",
                "Project__1": "Ongoing",
                "Estimated_": "1000000",
                "Additional": "page 29 of the link",
                "OLD___Brie": "None",
                "MUNICUID": "74",
                "MUNICID": "24",
                "NAME": "KEY BISCAYNE",
                "FIPSCODE": "1236300",
                "CREATEDBY": "None",
                "CREATEDDAT": "12/31/1899",
                "MODIFIEDBY": "None",
                "MODIFIEDDA": "12/31/1899",
                "GlobalID": "70964e2b-4266-4df7-b51c-a17364fff5f9"
            },
            "geometry": {
                "type": "Point",
                "coordinates": [
                    -80.166646919999948,
                    25.690145260000065
                ]
            }
        },
        {
            "type": "Feature",
            "properties": {
                "Join_Count": "1",
                "TARGET_FID": "314",
                "Project_Na": "Utility Undergrounding-Phase 1",
                "Latitude": "25.69933031",
                "Longitude": "-80.16374112",
                "City": "Key Biscayne",
                "Link_to_Da": "https://www.miamidade.gov/resources/emergency/documents/lms-part-2-the-projects.pdf",
                "Implementa": "General Obligation Bond",
                "Infrastruc": "Gray",
                "Categories": "Public Facilities",
                "Disaster_F": "Critical Infrastructure",
                "New_15_25_": "Project details undisclosed",
                "Project_St": "None",
                "Project_En": "None",
                "Project__1": "Funding Not Yet Secured",
                "Estimated_": "8500000",
                "Additional": "page 29 of the link",
                "OLD___Brie": "None",
                "MUNICUID": "74",
                "MUNICID": "24",
                "NAME": "KEY BISCAYNE",
                "FIPSCODE": "1236300",
                "CREATEDBY": "None",
                "CREATEDDAT": "12/31/1899",
                "MODIFIEDBY": "None",
                "MODIFIEDDA": "12/31/1899",
                "GlobalID": "70964e2b-4266-4df7-b51c-a17364fff5f9"
            },
            "geometry": {
                "type": "Point",
                "coordinates": [
                    -80.163741119999941,
                    25.69933031000005
                ]
            }
        },
        {
            "type": "Feature",
            "properties": {
                "Join_Count": "1",
                "TARGET_FID": "315",
                "Project_Na": "Replace Community Center Roof",
                "Latitude": "25.69166432",
                "Longitude": "-80.16475245",
                "City": "Key Biscayne",
                "Link_to_Da": "https://www.miamidade.gov/resources/emergency/documents/lms-part-2-the-projects.pdf",
                "Implementa": "None",
                "Infrastruc": "Gray",
                "Categories": "Public Facilities",
                "Disaster_F": "Critical Infrastructure",
                "New_15_25_": "Project details undisclosed",
                "Project_St": "2023",
                "Project_En": "None",
                "Project__1": "Ongoing",
                "Estimated_": "5200000",
                "Additional": "page 29 of the link",
                "OLD___Brie": "None",
                "MUNICUID": "74",
                "MUNICID": "24",
                "NAME": "KEY BISCAYNE",
                "FIPSCODE": "1236300",
                "CREATEDBY": "None",
                "CREATEDDAT": "12/31/1899",
                "MODIFIEDBY": "None",
                "MODIFIEDDA": "12/31/1899",
                "GlobalID": "70964e2b-4266-4df7-b51c-a17364fff5f9"
            },
            "geometry": {
                "type": "Point",
                "coordinates": [
                    -80.16475244999998,
                    25.691664320000029
                ]
            }
        },
        {
            "type": "Feature",
            "properties": {
                "Join_Count": "1",
                "TARGET_FID": "316",
                "Project_Na": "Hampton Park Improvements",
                "Latitude": "25.69370261",
                "Longitude": "-80.16720888",
                "City": "Key Biscayne",
                "Link_to_Da": "https://www.miamidade.gov/resources/emergency/documents/lms-part-2-the-projects.pdf",
                "Implementa": "None",
                "Infrastruc": "Green",
                "Categories": "Public Facilities",
                "Disaster_F": "Critical Infrastructure",
                "New_15_25_": "Project details undisclosed",
                "Project_St": "2022",
                "Project_En": "None",
                "Project__1": "Ongoing",
                "Estimated_": "50000",
                "Additional": "page 30 of the link",
                "OLD___Brie": "None",
                "MUNICUID": "74",
                "MUNICID": "24",
                "NAME": "KEY BISCAYNE",
                "FIPSCODE": "1236300",
                "CREATEDBY": "None",
                "CREATEDDAT": "12/31/1899",
                "MODIFIEDBY": "None",
                "MODIFIEDDA": "12/31/1899",
                "GlobalID": "70964e2b-4266-4df7-b51c-a17364fff5f9"
            },
            "geometry": {
                "type": "Point",
                "coordinates": [
                    -80.167208879999976,
                    25.693702610000059
                ]
            }
        },
        {
            "type": "Feature",
            "properties": {
                "Join_Count": "1",
                "TARGET_FID": "317",
                "Project_Na": "New Little Havana Health Center - Code Plus",
                "Latitude": "25.77177033",
                "Longitude": "-80.2250044",
                "City": "Little Havana",
                "Link_to_Da": "https://www.miamidade.gov/resources/emergency/documents/lms-part-2-the-projects.pdf",
                "Implementa": "Banyan Community Health Centers",
                "Infrastruc": "Gray",
                "Categories": "Public Facilities",
                "Disaster_F": "Critical Infrastructure",
                "New_15_25_": "Project details undisclosed",
                "Project_St": "None",
                "Project_En": "None",
                "Project__1": "Funding Secured",
                "Estimated_": "5000000",
                "Additional": "page 30 of the link",
                "OLD___Brie": "None",
                "MUNICUID": "34",
                "MUNICID": "01",
                "NAME": "MIAMI",
                "FIPSCODE": "1245000",
                "CREATEDBY": "None",
                "CREATEDDAT": "12/31/1899",
                "MODIFIEDBY": "None",
                "MODIFIEDDA": "12/31/1899",
                "GlobalID": "df52bf02-7c6d-4658-b2cc-c2ddb8cd5281"
            },
            "geometry": {
                "type": "Point",
                "coordinates": [
                    -80.225004399999989,
                    25.771770330000038
                ]
            }
        },
        {
            "type": "Feature",
            "properties": {
                "Join_Count": "1",
                "TARGET_FID": "319",
                "Project_Na": "Miami-Dade Fire Rescue Headquarters Water Intrusion Retention Wall and French Drainage System",
                "Latitude": "25.80914441",
                "Longitude": "-80.3486422",
                "City": "Miami",
                "Link_to_Da": "https://www.miamidade.gov/resources/emergency/documents/lms-part-2-the-projects.pdf",
                "Implementa": "Fire Rescue Miami Dade County",
                "Infrastruc": "Hybrid",
                "Categories": "Public Facilities",
                "Disaster_F": "Critical Infrastructure",
                "New_15_25_": "Project details undisclosed",
                "Project_St": "None",
                "Project_En": "None",
                "Project__1": "Funding Not Yet Secured",
                "Estimated_": "1150000",
                "Additional": "page 30 of the link",
                "OLD___Brie": "None",
                "MUNICUID": "35",
                "MUNICID": "35",
                "NAME": "DORAL",
                "FIPSCODE": "1217935",
                "CREATEDBY": "None",
                "CREATEDDAT": "12/31/1899",
                "MODIFIEDBY": "E316899",
                "MODIFIEDDA": "06/22/2023",
                "GlobalID": "dd966362-75a1-4e39-ae1e-faeb196f814c"
            },
            "geometry": {
                "type": "Point",
                "coordinates": [
                    -80.348642199999972,
                    25.809144410000044
                ]
            }
        },
        {
            "type": "Feature",
            "properties": {
                "Join_Count": "1",
                "TARGET_FID": "320",
                "Project_Na": "MDFR Fire Station Hardening Project",
                "Latitude": "25.80914441",
                "Longitude": "-80.3486422",
                "City": "Miami",
                "Link_to_Da": "https://www.miamidade.gov/resources/emergency/documents/lms-part-2-the-projects.pdf",
                "Implementa": "Fire Rescue Miami Dade County",
                "Infrastruc": "Gray",
                "Categories": "Public Facilities",
                "Disaster_F": "Critical Infrastructure",
                "New_15_25_": "Project details undisclosed",
                "Project_St": "None",
                "Project_En": "None",
                "Project__1": "Funding Not Yet Secured",
                "Estimated_": "2000000",
                "Additional": "page 30 of the link",
                "OLD___Brie": "None",
                "MUNICUID": "35",
                "MUNICID": "35",
                "NAME": "DORAL",
                "FIPSCODE": "1217935",
                "CREATEDBY": "None",
                "CREATEDDAT": "12/31/1899",
                "MODIFIEDBY": "E316899",
                "MODIFIEDDA": "06/22/2023",
                "GlobalID": "dd966362-75a1-4e39-ae1e-faeb196f814c"
            },
            "geometry": {
                "type": "Point",
                "coordinates": [
                    -80.348642199999972,
                    25.809144410000044
                ]
            }
        },
        {
            "type": "Feature",
            "properties": {
                "Join_Count": "1",
                "TARGET_FID": "321",
                "Project_Na": "Seal and Paint Exterior Blum Patient Tower",
                "Latitude": "25.81238659",
                "Longitude": "-80.13968761",
                "City": "Miami",
                "Link_to_Da": "https://www.miamidade.gov/resources/emergency/documents/lms-part-2-the-projects.pdf",
                "Implementa": "Mount Sinai",
                "Infrastruc": "Gray",
                "Categories": "Public Facilities",
                "Disaster_F": "Critical Infrastructure",
                "New_15_25_": "Project details undisclosed",
                "Project_St": "2023",
                "Project_En": "None",
                "Project__1": "Ongoing",
                "Estimated_": "500000",
                "Additional": "page 30 of the link",
                "OLD___Brie": "None",
                "MUNICUID": "29",
                "MUNICID": "02",
                "NAME": "MIAMI BEACH",
                "FIPSCODE": "1245025",
                "CREATEDBY": "None",
                "CREATEDDAT": "12/31/1899",
                "MODIFIEDBY": "None",
                "MODIFIEDDA": "12/31/1899",
                "GlobalID": "f01c40cb-77c5-4887-8405-bbaa820b81b4"
            },
            "geometry": {
                "type": "Point",
                "coordinates": [
                    -80.139687609999953,
                    25.812386590000074
                ]
            }
        },
        {
            "type": "Feature",
            "properties": {
                "Join_Count": "1",
                "TARGET_FID": "322",
                "Project_Na": "Miami Fire Rescue- Fire Station 6 Hardening",
                "Latitude": "25.81044447",
                "Longitude": "-80.2078675",
                "City": "Miami",
                "Link_to_Da": "https://www.miamidade.gov/resources/emergency/documents/lms-part-2-the-projects.pdf",
                "Implementa": "Hazard Mitigation Grant Program",
                "Infrastruc": "Gray",
                "Categories": "Public Facilities",
                "Disaster_F": "Critical Infrastructure",
                "New_15_25_": "Project details undisclosed",
                "Project_St": "2025",
                "Project_En": "None",
                "Project__1": "Funding Secured",
                "Estimated_": "279265",
                "Additional": "page 31 of the link",
                "OLD___Brie": "None",
                "MUNICUID": "34",
                "MUNICID": "01",
                "NAME": "MIAMI",
                "FIPSCODE": "1245000",
                "CREATEDBY": "None",
                "CREATEDDAT": "12/31/1899",
                "MODIFIEDBY": "None",
                "MODIFIEDDA": "12/31/1899",
                "GlobalID": "df52bf02-7c6d-4658-b2cc-c2ddb8cd5281"
            },
            "geometry": {
                "type": "Point",
                "coordinates": [
                    -80.207867499999963,
                    25.81044447000005
                ]
            }
        },
        {
            "type": "Feature",
            "properties": {
                "Join_Count": "1",
                "TARGET_FID": "323",
                "Project_Na": "Blum Patient Tower Hardening",
                "Latitude": "25.81238659",
                "Longitude": "-80.13968761",
                "City": "Miami",
                "Link_to_Da": "https://www.miamidade.gov/resources/emergency/documents/lms-part-2-the-projects.pdf",
                "Implementa": "Mount Sinai",
                "Infrastruc": "Gray",
                "Categories": "Public Facilities",
                "Disaster_F": "Critical Infrastructure",
                "New_15_25_": "Project details undisclosed",
                "Project_St": "None",
                "Project_En": "None",
                "Project__1": "Funding Not Yet Secured",
                "Estimated_": "16000000",
                "Additional": "page 31 of the link",
                "OLD___Brie": "None",
                "MUNICUID": "29",
                "MUNICID": "02",
                "NAME": "MIAMI BEACH",
                "FIPSCODE": "1245025",
                "CREATEDBY": "None",
                "CREATEDDAT": "12/31/1899",
                "MODIFIEDBY": "None",
                "MODIFIEDDA": "12/31/1899",
                "GlobalID": "f01c40cb-77c5-4887-8405-bbaa820b81b4"
            },
            "geometry": {
                "type": "Point",
                "coordinates": [
                    -80.139687609999953,
                    25.812386590000074
                ]
            }
        },
        {
            "type": "Feature",
            "properties": {
                "Join_Count": "1",
                "TARGET_FID": "324",
                "Project_Na": "Greene Patient and Medical Education Tower Hardening",
                "Latitude": "25.81231375",
                "Longitude": "-80.13970905",
                "City": "Miami",
                "Link_to_Da": "https://www.miamidade.gov/resources/emergency/documents/lms-part-2-the-projects.pdf",
                "Implementa": "Mount Sinai",
                "Infrastruc": "Gray",
                "Categories": "Public Facilities",
                "Disaster_F": "Critical Infrastructure",
                "New_15_25_": "Project details undisclosed",
                "Project_St": "None",
                "Project_En": "None",
                "Project__1": "Funding Not Yet Secured",
                "Estimated_": "700000",
                "Additional": "page 31 of the link",
                "OLD___Brie": "None",
                "MUNICUID": "29",
                "MUNICID": "02",
                "NAME": "MIAMI BEACH",
                "FIPSCODE": "1245025",
                "CREATEDBY": "None",
                "CREATEDDAT": "12/31/1899",
                "MODIFIEDBY": "None",
                "MODIFIEDDA": "12/31/1899",
                "GlobalID": "f01c40cb-77c5-4887-8405-bbaa820b81b4"
            },
            "geometry": {
                "type": "Point",
                "coordinates": [
                    -80.139709049999965,
                    25.812313750000044
                ]
            }
        },
        {
            "type": "Feature",
            "properties": {
                "Join_Count": "1",
                "TARGET_FID": "325",
                "Project_Na": "Ascher Support Services Building Hardening",
                "Latitude": "25.81584794",
                "Longitude": "-80.137772",
                "City": "Miami",
                "Link_to_Da": "https://www.miamidade.gov/resources/emergency/documents/lms-part-2-the-projects.pdf",
                "Implementa": "Mount Sinai",
                "Infrastruc": "Gray",
                "Categories": "Public Facilities",
                "Disaster_F": "Critical Infrastructure",
                "New_15_25_": "Project details undisclosed",
                "Project_St": "None",
                "Project_En": "None",
                "Project__1": "Funding Not Yet Secured",
                "Estimated_": "9000000",
                "Additional": "page 31 of the link",
                "OLD___Brie": "None",
                "MUNICUID": "29",
                "MUNICID": "02",
                "NAME": "MIAMI BEACH",
                "FIPSCODE": "1245025",
                "CREATEDBY": "None",
                "CREATEDDAT": "12/31/1899",
                "MODIFIEDBY": "None",
                "MODIFIEDDA": "12/31/1899",
                "GlobalID": "f01c40cb-77c5-4887-8405-bbaa820b81b4"
            },
            "geometry": {
                "type": "Point",
                "coordinates": [
                    -80.137772,
                    25.815847940000026
                ]
            }
        },
        {
            "type": "Feature",
            "properties": {
                "Join_Count": "1",
                "TARGET_FID": "326",
                "Project_Na": "Solar Microgrid for Flood Risk Mitigation at Miami-Dade Fire Rescue Headquarters and Emergency Operations Center",
                "Latitude": "25.80914441",
                "Longitude": "-80.3486422",
                "City": "Miami",
                "Link_to_Da": "https://www.miamidade.gov/resources/emergency/documents/lms-part-2-the-projects.pdf",
                "Implementa": "Fire Rescue Miami Dade County",
                "Infrastruc": "Gray",
                "Categories": "Public Facilities",
                "Disaster_F": "Critical Infrastructure",
                "New_15_25_": "Project details undisclosed",
                "Project_St": "None",
                "Project_En": "None",
                "Project__1": "Funding Not Yet Secured",
                "Estimated_": "28625019",
                "Additional": "page 31 of the link",
                "OLD___Brie": "None",
                "MUNICUID": "35",
                "MUNICID": "35",
                "NAME": "DORAL",
                "FIPSCODE": "1217935",
                "CREATEDBY": "None",
                "CREATEDDAT": "12/31/1899",
                "MODIFIEDBY": "E316899",
                "MODIFIEDDA": "06/22/2023",
                "GlobalID": "dd966362-75a1-4e39-ae1e-faeb196f814c"
            },
            "geometry": {
                "type": "Point",
                "coordinates": [
                    -80.348642199999972,
                    25.809144410000044
                ]
            }
        },
        {
            "type": "Feature",
            "properties": {
                "Join_Count": "1",
                "TARGET_FID": "327",
                "Project_Na": "Improvements to access and parking to account for sea level rise",
                "Latitude": "25.82739496",
                "Longitude": "-80.34092203",
                "City": "Miami",
                "Link_to_Da": "https://www.miamidade.gov/resources/emergency/documents/lms-part-2-the-projects.pdf",
                "Implementa": "Solid Waste Miami Dade County",
                "Infrastruc": "Gray",
                "Categories": "Public Facilities",
                "Disaster_F": "Critical Infrastructure",
                "New_15_25_": "Project details undisclosed",
                "Project_St": "2023",
                "Project_En": "None",
                "Project__1": "Funding Not Yet Secured",
                "Estimated_": "2500000",
                "Additional": "page 31 of the link",
                "OLD___Brie": "None",
                "MUNICUID": "1",
                "MUNICID": "30",
                "NAME": "UNINCORPORATED MIAMI-DADE",
                "FIPSCODE": "0",
                "CREATEDBY": "E316899",
                "CREATEDDAT": "06/22/2023",
                "MODIFIEDBY": "E316899",
                "MODIFIEDDA": "06/22/2023",
                "GlobalID": "b0f0eaf9-b39e-4f70-ae21-2ef071a9e234"
            },
            "geometry": {
                "type": "Point",
                "coordinates": [
                    -80.340922029999945,
                    25.827394960000049
                ]
            }
        },
        {
            "type": "Feature",
            "properties": {
                "Join_Count": "1",
                "TARGET_FID": "328",
                "Project_Na": "Design plan to improve stormwater management for South Dade Landfill",
                "Latitude": "25.54578413",
                "Longitude": "-80.347182",
                "City": "Miami",
                "Link_to_Da": "https://www.miamidade.gov/resources/emergency/documents/lms-part-2-the-projects.pdf",
                "Implementa": "Solid Waste Miami Dade County",
                "Infrastruc": "Gray",
                "Categories": "Public Facilities",
                "Disaster_F": "Critical Infrastructure",
                "New_15_25_": "Project details undisclosed",
                "Project_St": "2023",
                "Project_En": "None",
                "Project__1": "Funding Secured",
                "Estimated_": "1500000",
                "Additional": "page 32 of the link",
                "OLD___Brie": "None",
                "MUNICUID": "1",
                "MUNICID": "30",
                "NAME": "UNINCORPORATED MIAMI-DADE",
                "FIPSCODE": "0",
                "CREATEDBY": "E316899",
                "CREATEDDAT": "06/22/2023",
                "MODIFIEDBY": "E316899",
                "MODIFIEDDA": "06/22/2023",
                "GlobalID": "b0f0eaf9-b39e-4f70-ae21-2ef071a9e234"
            },
            "geometry": {
                "type": "Point",
                "coordinates": [
                    -80.347182,
                    25.545784130000072
                ]
            }
        },
        {
            "type": "Feature",
            "properties": {
                "Join_Count": "1",
                "TARGET_FID": "329",
                "Project_Na": "Storm Water Drainage Improvements for Snapper Creek Trash and Recycling Center",
                "Latitude": "25.74902191",
                "Longitude": "-80.3835355",
                "City": "Miami",
                "Link_to_Da": "https://www.miamidade.gov/resources/emergency/documents/lms-part-2-the-projects.pdf",
                "Implementa": "Solid Waste Miami Dade County",
                "Infrastruc": "Gray",
                "Categories": "Public Facilities",
                "Disaster_F": "Critical Infrastructure",
                "New_15_25_": "Project details undisclosed",
                "Project_St": "2023",
                "Project_En": "None",
                "Project__1": "Funding Not Yet Secured",
                "Estimated_": "250000",
                "Additional": "page 32 of the link",
                "OLD___Brie": "None",
                "MUNICUID": "1",
                "MUNICID": "30",
                "NAME": "UNINCORPORATED MIAMI-DADE",
                "FIPSCODE": "0",
                "CREATEDBY": "E316899",
                "CREATEDDAT": "06/22/2023",
                "MODIFIEDBY": "E316899",
                "MODIFIEDDA": "06/22/2023",
                "GlobalID": "b0f0eaf9-b39e-4f70-ae21-2ef071a9e234"
            },
            "geometry": {
                "type": "Point",
                "coordinates": [
                    -80.383535499999937,
                    25.749021910000067
                ]
            }
        },
        {
            "type": "Feature",
            "properties": {
                "Join_Count": "1",
                "TARGET_FID": "331",
                "Project_Na": "Miami Beach Regional Library Resilience Grant",
                "Latitude": "25.79795002",
                "Longitude": "-80.1287122",
                "City": "Miami",
                "Link_to_Da": "https://www.miamidade.gov/resources/emergency/documents/lms-part-2-the-projects.pdf",
                "Implementa": "Florida Department of Environemntal Protection Agency",
                "Infrastruc": "Gray",
                "Categories": "Public Facilities",
                "Disaster_F": "Critical Infrastructure",
                "New_15_25_": "Project details undisclosed",
                "Project_St": "None",
                "Project_En": "None",
                "Project__1": "Funding Secured",
                "Estimated_": "800000",
                "Additional": "page 32 of the link",
                "OLD___Brie": "None",
                "MUNICUID": "29",
                "MUNICID": "02",
                "NAME": "MIAMI BEACH",
                "FIPSCODE": "1245025",
                "CREATEDBY": "None",
                "CREATEDDAT": "12/31/1899",
                "MODIFIEDBY": "None",
                "MODIFIEDDA": "12/31/1899",
                "GlobalID": "f01c40cb-77c5-4887-8405-bbaa820b81b4"
            },
            "geometry": {
                "type": "Point",
                "coordinates": [
                    -80.128712199999939,
                    25.79795002000003
                ]
            }
        },
        {
            "type": "Feature",
            "properties": {
                "Join_Count": "1",
                "TARGET_FID": "332",
                "Project_Na": "Zone 7 Resilient Infrastructure Improvements",
                "Latitude": "25.69544031",
                "Longitude": "-80.16523496",
                "City": "Key Biscayne",
                "Link_to_Da": "https://www.miamidade.gov/resources/emergency/documents/lms-part-2-the-projects.pdf",
                "Implementa": "CIP, GOB, CWSRF",
                "Infrastruc": "Gray",
                "Categories": "Sustainability Initiatives",
                "Disaster_F": "Critical Infrastructure",
                "New_15_25_": "Project details undisclosed",
                "Project_St": "None",
                "Project_En": "None",
                "Project__1": "Funding Not Yet Secured",
                "Estimated_": "40000000",
                "Additional": "page 33 of the link",
                "OLD___Brie": "None",
                "MUNICUID": "74",
                "MUNICID": "24",
                "NAME": "KEY BISCAYNE",
                "FIPSCODE": "1236300",
                "CREATEDBY": "None",
                "CREATEDDAT": "12/31/1899",
                "MODIFIEDBY": "None",
                "MODIFIEDDA": "12/31/1899",
                "GlobalID": "70964e2b-4266-4df7-b51c-a17364fff5f9"
            },
            "geometry": {
                "type": "Point",
                "coordinates": [
                    -80.165234959999964,
                    25.695440310000038
                ]
            }
        },
        {
            "type": "Feature",
            "properties": {
                "Join_Count": "1",
                "TARGET_FID": "333",
                "Project_Na": "Main Library Resilience Grant",
                "Latitude": "25.77465607",
                "Longitude": "-80.19744338",
                "City": "Miami",
                "Link_to_Da": "https://www.miamidade.gov/resources/emergency/documents/lms-part-2-the-projects.pdf",
                "Implementa": "Libraries- Miami Dade County",
                "Infrastruc": "Gray",
                "Categories": "Public Facilities",
                "Disaster_F": "Critical Infrastructure",
                "New_15_25_": "Project details undisclosed",
                "Project_St": "None",
                "Project_En": "None",
                "Project__1": "Ongoing",
                "Estimated_": "1520000",
                "Additional": "page 33 of the link",
                "OLD___Brie": "None",
                "MUNICUID": "34",
                "MUNICID": "01",
                "NAME": "MIAMI",
                "FIPSCODE": "1245000",
                "CREATEDBY": "None",
                "CREATEDDAT": "12/31/1899",
                "MODIFIEDBY": "None",
                "MODIFIEDDA": "12/31/1899",
                "GlobalID": "df52bf02-7c6d-4658-b2cc-c2ddb8cd5281"
            },
            "geometry": {
                "type": "Point",
                "coordinates": [
                    -80.197443379999982,
                    25.774656070000049
                ]
            }
        },
        {
            "type": "Feature",
            "properties": {
                "Join_Count": "1",
                "TARGET_FID": "334",
                "Project_Na": "Offshore Breakwater Submerged Structure Implementation",
                "Latitude": "25.69164647",
                "Longitude": "-80.15592774",
                "City": "Key Biscayne",
                "Link_to_Da": "https://www.miamidade.gov/resources/emergency/documents/lms-part-2-the-projects.pdf",
                "Implementa": "None",
                "Infrastruc": "Gray",
                "Categories": "Public Facilities",
                "Disaster_F": "Critical Infrastructure",
                "New_15_25_": "Project details undisclosed",
                "Project_St": "2027",
                "Project_En": "None",
                "Project__1": "Funding Not Yet Secured",
                "Estimated_": "15340000",
                "Additional": "page 33 of the link",
                "OLD___Brie": "None",
                "MUNICUID": "74",
                "MUNICID": "24",
                "NAME": "KEY BISCAYNE",
                "FIPSCODE": "1236300",
                "CREATEDBY": "None",
                "CREATEDDAT": "12/31/1899",
                "MODIFIEDBY": "None",
                "MODIFIEDDA": "12/31/1899",
                "GlobalID": "70964e2b-4266-4df7-b51c-a17364fff5f9"
            },
            "geometry": {
                "type": "Point",
                "coordinates": [
                    -80.155927739999981,
                    25.691646470000023
                ]
            }
        },
        {
            "type": "Feature",
            "properties": {
                "Join_Count": "1",
                "TARGET_FID": "335",
                "Project_Na": "FS3/Fire Administration/ Logistics Hardening",
                "Latitude": "25.78052383",
                "Longitude": "-80.21332876",
                "City": "Miami",
                "Link_to_Da": "https://www.miamidade.gov/resources/emergency/documents/lms-part-2-the-projects.pdf",
                "Implementa": "Hazard Mitigation Grant Program",
                "Infrastruc": "Gray",
                "Categories": "Public Facilities",
                "Disaster_F": "Critical Infrastructure",
                "New_15_25_": "Project details undisclosed",
                "Project_St": "None",
                "Project_En": "None",
                "Project__1": "Funding Not Yet Secured",
                "Estimated_": "650000",
                "Additional": "page 33 of the link",
                "OLD___Brie": "None",
                "MUNICUID": "34",
                "MUNICID": "01",
                "NAME": "MIAMI",
                "FIPSCODE": "1245000",
                "CREATEDBY": "None",
                "CREATEDDAT": "12/31/1899",
                "MODIFIEDBY": "None",
                "MODIFIEDDA": "12/31/1899",
                "GlobalID": "df52bf02-7c6d-4658-b2cc-c2ddb8cd5281"
            },
            "geometry": {
                "type": "Point",
                "coordinates": [
                    -80.213328759999968,
                    25.78052383000005
                ]
            }
        },
        {
            "type": "Feature",
            "properties": {
                "Join_Count": "1",
                "TARGET_FID": "336",
                "Project_Na": "Utility Undergrounding - Phase 2",
                "Latitude": "25.69933031",
                "Longitude": "-80.16374112",
                "City": "Key Biscayne",
                "Link_to_Da": "https://www.miamidade.gov/resources/emergency/documents/lms-part-2-the-projects.pdf",
                "Implementa": "CIP, GOB",
                "Infrastruc": "Gray",
                "Categories": "Public Facilities",
                "Disaster_F": "Critical Infrastructure",
                "New_15_25_": "Project details undisclosed",
                "Project_St": "None",
                "Project_En": "None",
                "Project__1": "Funding Not Yet Secured",
                "Estimated_": "30000000",
                "Additional": "page 33 of the link",
                "OLD___Brie": "None",
                "MUNICUID": "74",
                "MUNICID": "24",
                "NAME": "KEY BISCAYNE",
                "FIPSCODE": "1236300",
                "CREATEDBY": "None",
                "CREATEDDAT": "12/31/1899",
                "MODIFIEDBY": "None",
                "MODIFIEDDA": "12/31/1899",
                "GlobalID": "70964e2b-4266-4df7-b51c-a17364fff5f9"
            },
            "geometry": {
                "type": "Point",
                "coordinates": [
                    -80.163741119999941,
                    25.69933031000005
                ]
            }
        },
        {
            "type": "Feature",
            "properties": {
                "Join_Count": "1",
                "TARGET_FID": "337",
                "Project_Na": "Modify Rights of Way for Flood Reduction",
                "Latitude": "25.69391765",
                "Longitude": "-80.16585449",
                "City": "Key Biscayne",
                "Link_to_Da": "https://www.miamidade.gov/resources/emergency/documents/lms-part-2-the-projects.pdf",
                "Implementa": "General Obligation Bond",
                "Infrastruc": "Gray",
                "Categories": "Flood Control Infrastructure",
                "Disaster_F": "Critical Infrastructure",
                "New_15_25_": "Project details undisclosed",
                "Project_St": "2027",
                "Project_En": "None",
                "Project__1": "Funding Not Yet Secured",
                "Estimated_": "750000",
                "Additional": "page 33 of the link",
                "OLD___Brie": "None",
                "MUNICUID": "74",
                "MUNICID": "24",
                "NAME": "KEY BISCAYNE",
                "FIPSCODE": "1236300",
                "CREATEDBY": "None",
                "CREATEDDAT": "12/31/1899",
                "MODIFIEDBY": "None",
                "MODIFIEDDA": "12/31/1899",
                "GlobalID": "70964e2b-4266-4df7-b51c-a17364fff5f9"
            },
            "geometry": {
                "type": "Point",
                "coordinates": [
                    -80.165854489999958,
                    25.69391765000006
                ]
            }
        },
        {
            "type": "Feature",
            "properties": {
                "Join_Count": "1",
                "TARGET_FID": "338",
                "Project_Na": "City of Hialeah BRIC FY22 - Critical Facility Backup Generator",
                "Latitude": "25.8458627",
                "Longitude": "-80.30870756",
                "City": "Hialeah",
                "Link_to_Da": "https://www.miamidade.gov/resources/emergency/documents/lms-part-2-the-projects.pdf",
                "Implementa": "BRIC",
                "Infrastruc": "Gray",
                "Categories": "Public Facilities",
                "Disaster_F": "Critical Infrastructure",
                "New_15_25_": "Project details undisclosed",
                "Project_St": "None",
                "Project_En": "None",
                "Project__1": "Funding Not Yet Secured",
                "Estimated_": "543049.29",
                "Additional": "page 33 of the link",
                "OLD___Brie": "None",
                "MUNICUID": "13",
                "MUNICID": "04",
                "NAME": "HIALEAH",
                "FIPSCODE": "1230000",
                "CREATEDBY": "None",
                "CREATEDDAT": "12/31/1899",
                "MODIFIEDBY": "None",
                "MODIFIEDDA": "12/31/1899",
                "GlobalID": "8145221d-a929-4ea4-8446-7a4065dab69d"
            },
            "geometry": {
                "type": "Point",
                "coordinates": [
                    -80.308707559999959,
                    25.845862700000055
                ]
            }
        },
        {
            "type": "Feature",
            "properties": {
                "Join_Count": "1",
                "TARGET_FID": "339",
                "Project_Na": "Montrose Road from Oak Lane to NW 154th Street Drainage Improvements Project",
                "Latitude": "25.90916909",
                "Longitude": "-80.33331725",
                "City": "Miami Lakes",
                "Link_to_Da": "https://www.miamidade.gov/resources/emergency/documents/lms-part-2-the-projects.pdf",
                "Implementa": "None",
                "Infrastruc": "Hybrid",
                "Categories": "Flood Control Infrastructure",
                "Disaster_F": "Flooding",
                "New_15_25_": "Project details undisclosed",
                "Project_St": "2024",
                "Project_En": "None",
                "Project__1": "Funding Secured",
                "Estimated_": "741421",
                "Additional": "page 34 of the link",
                "OLD___Brie": "None",
                "MUNICUID": "12",
                "MUNICID": "32",
                "NAME": "MIAMI LAKES",
                "FIPSCODE": "1245100",
                "CREATEDBY": "None",
                "CREATEDDAT": "12/31/1899",
                "MODIFIEDBY": "None",
                "MODIFIEDDA": "12/31/1899",
                "GlobalID": "64025d22-0892-413b-a900-44d95adcb381"
            },
            "geometry": {
                "type": "Point",
                "coordinates": [
                    -80.333317249999936,
                    25.909169090000034
                ]
            }
        },
        {
            "type": "Feature",
            "properties": {
                "Join_Count": "1",
                "TARGET_FID": "340",
                "Project_Na": "West Lakes Gardens Third Addition Drainage Project",
                "Latitude": "25.909157",
                "Longitude": "-80.344905",
                "City": "Miami Lakes",
                "Link_to_Da": "https://www.miamidade.gov/resources/emergency/documents/lms-part-2-the-projects.pdf",
                "Implementa": "State Legislative Funding",
                "Infrastruc": "Hybrid",
                "Categories": "Public Facilities",
                "Disaster_F": "Flooding",
                "New_15_25_": "Project details undisclosed",
                "Project_St": "2024",
                "Project_En": "None",
                "Project__1": "Funding Secured",
                "Estimated_": "490447",
                "Additional": "page 34 of the link",
                "OLD___Brie": "None",
                "MUNICUID": "12",
                "MUNICID": "32",
                "NAME": "MIAMI LAKES",
                "FIPSCODE": "1245100",
                "CREATEDBY": "None",
                "CREATEDDAT": "12/31/1899",
                "MODIFIEDBY": "None",
                "MODIFIEDDA": "12/31/1899",
                "GlobalID": "64025d22-0892-413b-a900-44d95adcb381"
            },
            "geometry": {
                "type": "Point",
                "coordinates": [
                    -80.344905,
                    25.909157
                ]
            }
        },
        {
            "type": "Feature",
            "properties": {
                "Join_Count": "1",
                "TARGET_FID": "341",
                "Project_Na": "Construct Pump Station in K-8 Stormwater Basin",
                "Latitude": "25.69085036",
                "Longitude": "-80.16903613",
                "City": "Key Biscayne",
                "Link_to_Da": "https://www.miamidade.gov/resources/emergency/documents/lms-part-2-the-projects.pdf",
                "Implementa": "Clean Water State Revolving Loan Fund, Resilient\nFlorida (FDEP)\t\t\t\t\t\t\t\t",
                "Infrastruc": "Gray",
                "Categories": "Flood Control Infrastructure",
                "Disaster_F": "Storm Surge",
                "New_15_25_": "Project details undisclosed",
                "Project_St": "2026",
                "Project_En": "None",
                "Project__1": "Funding Not Yet Secured",
                "Estimated_": "11979008",
                "Additional": "page 34 of the link",
                "OLD___Brie": "None",
                "MUNICUID": "74",
                "MUNICID": "24",
                "NAME": "KEY BISCAYNE",
                "FIPSCODE": "1236300",
                "CREATEDBY": "None",
                "CREATEDDAT": "12/31/1899",
                "MODIFIEDBY": "None",
                "MODIFIEDDA": "12/31/1899",
                "GlobalID": "70964e2b-4266-4df7-b51c-a17364fff5f9"
            },
            "geometry": {
                "type": "Point",
                "coordinates": [
                    -80.169036129999938,
                    25.69085036000007
                ]
            }
        },
        {
            "type": "Feature",
            "properties": {
                "Join_Count": "1",
                "TARGET_FID": "342",
                "Project_Na": "Zone 2 Resilient Infrastructure Improvements",
                "Latitude": "25.68240979",
                "Longitude": "-80.17087188",
                "City": "Key Biscayne",
                "Link_to_Da": "https://www.miamidade.gov/resources/emergency/documents/lms-part-2-the-projects.pdf",
                "Implementa": "CIP, CWSRF, General Obligation Bond\t",
                "Infrastruc": "Gray",
                "Categories": "Sustainability Initiatives",
                "Disaster_F": "Critical Infrastructure",
                "New_15_25_": "Project details undisclosed",
                "Project_St": "None",
                "Project_En": "None",
                "Project__1": "Funding Not Yet Secured",
                "Estimated_": "30000000",
                "Additional": "page 34 of the link",
                "OLD___Brie": "None",
                "MUNICUID": "74",
                "MUNICID": "24",
                "NAME": "KEY BISCAYNE",
                "FIPSCODE": "1236300",
                "CREATEDBY": "None",
                "CREATEDDAT": "12/31/1899",
                "MODIFIEDBY": "None",
                "MODIFIEDDA": "12/31/1899",
                "GlobalID": "70964e2b-4266-4df7-b51c-a17364fff5f9"
            },
            "geometry": {
                "type": "Point",
                "coordinates": [
                    -80.170871879999936,
                    25.682409790000065
                ]
            }
        },
        {
            "type": "Feature",
            "properties": {
                "Join_Count": "1",
                "TARGET_FID": "343",
                "Project_Na": "Zone 3 Resilient Infrastructure Improvements",
                "Latitude": "25.68716543",
                "Longitude": "-80.16944821",
                "City": "Key Biscayne",
                "Link_to_Da": "https://www.miamidade.gov/resources/emergency/documents/lms-part-2-the-projects.pdf",
                "Implementa": "CIP, CWSRF, General Obligation Bond\t",
                "Infrastruc": "Gray",
                "Categories": "Sustainability Initiatives",
                "Disaster_F": "Critical Infrastructure",
                "New_15_25_": "Project details undisclosed",
                "Project_St": "None",
                "Project_En": "None",
                "Project__1": "Funding Not Yet Secured",
                "Estimated_": "33000000",
                "Additional": "page 34 of the link",
                "OLD___Brie": "None",
                "MUNICUID": "74",
                "MUNICID": "24",
                "NAME": "KEY BISCAYNE",
                "FIPSCODE": "1236300",
                "CREATEDBY": "None",
                "CREATEDDAT": "12/31/1899",
                "MODIFIEDBY": "None",
                "MODIFIEDDA": "12/31/1899",
                "GlobalID": "70964e2b-4266-4df7-b51c-a17364fff5f9"
            },
            "geometry": {
                "type": "Point",
                "coordinates": [
                    -80.169448209999985,
                    25.68716543000005
                ]
            }
        },
        {
            "type": "Feature",
            "properties": {
                "Join_Count": "1",
                "TARGET_FID": "344",
                "Project_Na": "Zone 4 Resilient Infrastructure Improvements",
                "Latitude": "25.68414842",
                "Longitude": "-80.1665954",
                "City": "Key Biscayne",
                "Link_to_Da": "https://www.miamidade.gov/resources/emergency/documents/lms-part-2-the-projects.pdf",
                "Implementa": "CIP, CWSRF, General Obligation Bond\t",
                "Infrastruc": "Gray",
                "Categories": "Flood Control Infrastructure",
                "Disaster_F": "Flooding",
                "New_15_25_": "Project details undisclosed",
                "Project_St": "None",
                "Project_En": "None",
                "Project__1": "Funding Not Yet Secured",
                "Estimated_": "36000000",
                "Additional": "page 35 of the link",
                "OLD___Brie": "None",
                "MUNICUID": "74",
                "MUNICID": "24",
                "NAME": "KEY BISCAYNE",
                "FIPSCODE": "1236300",
                "CREATEDBY": "None",
                "CREATEDDAT": "12/31/1899",
                "MODIFIEDBY": "None",
                "MODIFIEDDA": "12/31/1899",
                "GlobalID": "70964e2b-4266-4df7-b51c-a17364fff5f9"
            },
            "geometry": {
                "type": "Point",
                "coordinates": [
                    -80.166595399999949,
                    25.684148420000042
                ]
            }
        },
        {
            "type": "Feature",
            "properties": {
                "Join_Count": "1",
                "TARGET_FID": "345",
                "Project_Na": "Zone 5 Resilient Infrastructure Improvements",
                "Latitude": "25.68349047",
                "Longitude": "-80.16038195",
                "City": "Key Biscayne",
                "Link_to_Da": "https://www.miamidade.gov/resources/emergency/documents/lms-part-2-the-projects.pdf",
                "Implementa": "CIP, CWSRF, General Obligation Bond\t",
                "Infrastruc": "Gray",
                "Categories": "Flood Control Infrastructure",
                "Disaster_F": "Flooding",
                "New_15_25_": "Project details undisclosed",
                "Project_St": "None",
                "Project_En": "None",
                "Project__1": "Funding Not Yet Secured",
                "Estimated_": "36000000",
                "Additional": "page 35 of the link",
                "OLD___Brie": "None",
                "MUNICUID": "74",
                "MUNICID": "24",
                "NAME": "KEY BISCAYNE",
                "FIPSCODE": "1236300",
                "CREATEDBY": "None",
                "CREATEDDAT": "12/31/1899",
                "MODIFIEDBY": "None",
                "MODIFIEDDA": "12/31/1899",
                "GlobalID": "70964e2b-4266-4df7-b51c-a17364fff5f9"
            },
            "geometry": {
                "type": "Point",
                "coordinates": [
                    -80.160381949999987,
                    25.683490470000038
                ]
            }
        },
        {
            "type": "Feature",
            "properties": {
                "Join_Count": "1",
                "TARGET_FID": "346",
                "Project_Na": "Zone 6 Resilient Infrastructure Improvements",
                "Latitude": "25.69019862",
                "Longitude": "-80.17337902",
                "City": "Key Biscayne",
                "Link_to_Da": "https://www.miamidade.gov/resources/emergency/documents/lms-part-2-the-projects.pdf",
                "Implementa": "CIP, CWSRF, General Obligation Bond\t",
                "Infrastruc": "Gray",
                "Categories": "Flood Control Infrastructure",
                "Disaster_F": "Flooding",
                "New_15_25_": "Project details undisclosed",
                "Project_St": "None",
                "Project_En": "None",
                "Project__1": "Funding Not Yet Secured",
                "Estimated_": "43000000",
                "Additional": "page 35 of the link",
                "OLD___Brie": "None",
                "MUNICUID": "74",
                "MUNICID": "24",
                "NAME": "KEY BISCAYNE",
                "FIPSCODE": "1236300",
                "CREATEDBY": "None",
                "CREATEDDAT": "12/31/1899",
                "MODIFIEDBY": "None",
                "MODIFIEDDA": "12/31/1899",
                "GlobalID": "70964e2b-4266-4df7-b51c-a17364fff5f9"
            },
            "geometry": {
                "type": "Point",
                "coordinates": [
                    -80.17337901999997,
                    25.690198620000047
                ]
            }
        },
        {
            "type": "Feature",
            "properties": {
                "Join_Count": "1",
                "TARGET_FID": "347",
                "Project_Na": "Zone 8 Resilient Infrastructure Improvements",
                "Latitude": "25.69565763",
                "Longitude": "-80.17130069",
                "City": "Key Biscayne",
                "Link_to_Da": "https://www.miamidade.gov/resources/emergency/documents/lms-part-2-the-projects.pdf",
                "Implementa": "CIP, CWSRF, General Obligation Bond\t",
                "Infrastruc": "Gray",
                "Categories": "Flood Control Infrastructure",
                "Disaster_F": "Flooding",
                "New_15_25_": "Project details undisclosed",
                "Project_St": "None",
                "Project_En": "None",
                "Project__1": "Funding Not Yet Secured",
                "Estimated_": "43000000",
                "Additional": "page 35 of the link",
                "OLD___Brie": "None",
                "MUNICUID": "74",
                "MUNICID": "24",
                "NAME": "KEY BISCAYNE",
                "FIPSCODE": "1236300",
                "CREATEDBY": "None",
                "CREATEDDAT": "12/31/1899",
                "MODIFIEDBY": "None",
                "MODIFIEDDA": "12/31/1899",
                "GlobalID": "70964e2b-4266-4df7-b51c-a17364fff5f9"
            },
            "geometry": {
                "type": "Point",
                "coordinates": [
                    -80.171300689999953,
                    25.695657630000028
                ]
            }
        },
        {
            "type": "Feature",
            "properties": {
                "Join_Count": "1",
                "TARGET_FID": "348",
                "Project_Na": "Procure Mobile Generator for Pump Stations",
                "Latitude": "25.69091916",
                "Longitude": "-80.16480477",
                "City": "Key Biscayne",
                "Link_to_Da": "https://www.miamidade.gov/resources/emergency/documents/lms-part-2-the-projects.pdf",
                "Implementa": "General Fund",
                "Infrastruc": "Gray",
                "Categories": "Flood Control Infrastructure",
                "Disaster_F": "Flooding",
                "New_15_25_": "Project details undisclosed",
                "Project_St": "2024",
                "Project_En": "None",
                "Project__1": "Funding Not Yet Secured",
                "Estimated_": "150000",
                "Additional": "page 35 of the link",
                "OLD___Brie": "None",
                "MUNICUID": "74",
                "MUNICID": "24",
                "NAME": "KEY BISCAYNE",
                "FIPSCODE": "1236300",
                "CREATEDBY": "None",
                "CREATEDDAT": "12/31/1899",
                "MODIFIEDBY": "None",
                "MODIFIEDDA": "12/31/1899",
                "GlobalID": "70964e2b-4266-4df7-b51c-a17364fff5f9"
            },
            "geometry": {
                "type": "Point",
                "coordinates": [
                    -80.164804769999989,
                    25.690919160000078
                ]
            }
        },
        {
            "type": "Feature",
            "properties": {
                "Join_Count": "1",
                "TARGET_FID": "349",
                "Project_Na": "Replace Two Fire Rescue Trucks",
                "Latitude": "25.69076302",
                "Longitude": "-80.16398215",
                "City": "Key Biscayne",
                "Link_to_Da": "https://www.miamidade.gov/resources/emergency/documents/lms-part-2-the-projects.pdf",
                "Implementa": "CIP",
                "Infrastruc": "Gray",
                "Categories": "Public Facilities",
                "Disaster_F": "Flooding",
                "New_15_25_": "Project details undisclosed",
                "Project_St": "None",
                "Project_En": "2026",
                "Project__1": "Funding Secured",
                "Estimated_": "1000000",
                "Additional": "page 36 of the link",
                "OLD___Brie": "None",
                "MUNICUID": "74",
                "MUNICID": "24",
                "NAME": "KEY BISCAYNE",
                "FIPSCODE": "1236300",
                "CREATEDBY": "None",
                "CREATEDDAT": "12/31/1899",
                "MODIFIEDBY": "None",
                "MODIFIEDDA": "12/31/1899",
                "GlobalID": "70964e2b-4266-4df7-b51c-a17364fff5f9"
            },
            "geometry": {
                "type": "Point",
                "coordinates": [
                    -80.163982149999981,
                    25.690763020000077
                ]
            }
        },
        {
            "type": "Feature",
            "properties": {
                "Join_Count": "1",
                "TARGET_FID": "350",
                "Project_Na": "Renourish Beach and Restore Dunes",
                "Latitude": "25.68937199",
                "Longitude": "-80.15673197",
                "City": "Key Biscayne",
                "Link_to_Da": "https://www.miamidade.gov/resources/emergency/documents/lms-part-2-the-projects.pdf",
                "Implementa": "CIP, Beach Management Assistance Funding, State Approporiations",
                "Infrastruc": "Blue",
                "Categories": "Shoreline Protection",
                "Disaster_F": "Flooding",
                "New_15_25_": "Project details undisclosed",
                "Project_St": "2024",
                "Project_En": "None",
                "Project__1": "Funding Secured",
                "Estimated_": "2800000",
                "Additional": "page 36 of the link",
                "OLD___Brie": "None",
                "MUNICUID": "74",
                "MUNICID": "24",
                "NAME": "KEY BISCAYNE",
                "FIPSCODE": "1236300",
                "CREATEDBY": "None",
                "CREATEDDAT": "12/31/1899",
                "MODIFIEDBY": "None",
                "MODIFIEDDA": "12/31/1899",
                "GlobalID": "70964e2b-4266-4df7-b51c-a17364fff5f9"
            },
            "geometry": {
                "type": "Point",
                "coordinates": [
                    -80.156731969999953,
                    25.689371990000041
                ]
            }
        },
        {
            "type": "Feature",
            "properties": {
                "Join_Count": "1",
                "TARGET_FID": "351",
                "Project_Na": "Construct Northwest Boundary Berm",
                "Latitude": "25.69968122",
                "Longitude": "-80.17045722",
                "City": "Key Biscayne",
                "Link_to_Da": "https://www.miamidade.gov/resources/emergency/documents/lms-part-2-the-projects.pdf",
                "Implementa": "None",
                "Infrastruc": "Gray",
                "Categories": "Flood Control Infrastructure",
                "Disaster_F": "Flooding",
                "New_15_25_": "Project details undisclosed",
                "Project_St": "None",
                "Project_En": "2028",
                "Project__1": "Funding Not Yet Secured",
                "Estimated_": "19500000",
                "Additional": "page 36 of the link",
                "OLD___Brie": "None",
                "MUNICUID": "74",
                "MUNICID": "24",
                "NAME": "KEY BISCAYNE",
                "FIPSCODE": "1236300",
                "CREATEDBY": "None",
                "CREATEDDAT": "12/31/1899",
                "MODIFIEDBY": "None",
                "MODIFIEDDA": "12/31/1899",
                "GlobalID": "70964e2b-4266-4df7-b51c-a17364fff5f9"
            },
            "geometry": {
                "type": "Point",
                "coordinates": [
                    -80.170457219999946,
                    25.699681220000059
                ]
            }
        },
        {
            "type": "Feature",
            "properties": {
                "Join_Count": "1",
                "TARGET_FID": "352",
                "Project_Na": "Miami Fire Rescue- Fire Station 3 Hardening",
                "Latitude": "25.78049067",
                "Longitude": "-80.21335432",
                "City": "Miami",
                "Link_to_Da": "https://www.miamidade.gov/resources/emergency/documents/lms-part-2-the-projects.pdf",
                "Implementa": "HMGP",
                "Infrastruc": "Gray",
                "Categories": "Public Facilities",
                "Disaster_F": "Flooding",
                "New_15_25_": "Project details undisclosed",
                "Project_St": "None",
                "Project_En": "None",
                "Project__1": "Funding Not Yet Secured",
                "Estimated_": "745925",
                "Additional": "page 36 of the link",
                "OLD___Brie": "None",
                "MUNICUID": "34",
                "MUNICID": "01",
                "NAME": "MIAMI",
                "FIPSCODE": "1245000",
                "CREATEDBY": "None",
                "CREATEDDAT": "12/31/1899",
                "MODIFIEDBY": "None",
                "MODIFIEDDA": "12/31/1899",
                "GlobalID": "df52bf02-7c6d-4658-b2cc-c2ddb8cd5281"
            },
            "geometry": {
                "type": "Point",
                "coordinates": [
                    -80.213354319999951,
                    25.780490670000063
                ]
            }
        },
        {
            "type": "Feature",
            "properties": {
                "Join_Count": "1",
                "TARGET_FID": "354",
                "Project_Na": "Stormwater Improvements Â Northeast Transfer Station",
                "Latitude": "25.94786046",
                "Longitude": "-80.18790693",
                "City": "Miami-Dade County",
                "Link_to_Da": "https://www.miamidade.gov/resources/emergency/documents/lms-part-2-the-projects.pdf",
                "Implementa": "Solid Waste - Miami Dade County",
                "Infrastruc": "Gray",
                "Categories": "Flood Control Infrastructure",
                "Disaster_F": "Flooding",
                "New_15_25_": "Project details undisclosed",
                "Project_St": "2025",
                "Project_En": "None",
                "Project__1": "Funding Secured",
                "Estimated_": "500000",
                "Additional": "page 36 of the link",
                "OLD___Brie": "None",
                "MUNICUID": "4",
                "MUNICID": "30",
                "NAME": "UNINCORPORATED MIAMI-DADE",
                "FIPSCODE": "0",
                "CREATEDBY": "E316899",
                "CREATEDDAT": "04/21/2022",
                "MODIFIEDBY": "E316899",
                "MODIFIEDDA": "04/21/2022",
                "GlobalID": "6d57fb7a-ea31-4b13-9e05-3811c3de948f"
            },
            "geometry": {
                "type": "Point",
                "coordinates": [
                    -80.18790692999994,
                    25.947860460000072
                ]
            }
        },
        {
            "type": "Feature",
            "properties": {
                "Join_Count": "1",
                "TARGET_FID": "355",
                "Project_Na": "Stormwater Improvements Â West Transfer Station",
                "Latitude": "25.74480181",
                "Longitude": "-80.31226868",
                "City": "Miami",
                "Link_to_Da": "https://www.miamidade.gov/resources/emergency/documents/lms-part-2-the-projects.pdf",
                "Implementa": "Solid Waste - Miami Dade County",
                "Infrastruc": "Gray",
                "Categories": "Flood Control Infrastructure",
                "Disaster_F": "Flooding",
                "New_15_25_": "Project details undisclosed",
                "Project_St": "2025",
                "Project_En": "None",
                "Project__1": "Funding Secured",
                "Estimated_": "500000",
                "Additional": "page 37 of the link",
                "OLD___Brie": "None",
                "MUNICUID": "1",
                "MUNICID": "30",
                "NAME": "UNINCORPORATED MIAMI-DADE",
                "FIPSCODE": "0",
                "CREATEDBY": "E316899",
                "CREATEDDAT": "06/22/2023",
                "MODIFIEDBY": "E316899",
                "MODIFIEDDA": "06/22/2023",
                "GlobalID": "b0f0eaf9-b39e-4f70-ae21-2ef071a9e234"
            },
            "geometry": {
                "type": "Point",
                "coordinates": [
                    -80.312268679999988,
                    25.74480181000007
                ]
            }
        },
        {
            "type": "Feature",
            "properties": {
                "Join_Count": "1",
                "TARGET_FID": "356",
                "Project_Na": "Hardening of Miami City Ballet Building",
                "Latitude": "25.79839584",
                "Longitude": "-80.12936016",
                "City": "Miami Beach",
                "Link_to_Da": "https://www.miamidade.gov/resources/emergency/documents/lms-part-2-the-projects.pdf",
                "Implementa": "None",
                "Infrastruc": "Gray",
                "Categories": "Flood Control Infrastructure",
                "Disaster_F": "Flooding",
                "New_15_25_": "Project details undisclosed",
                "Project_St": "None",
                "Project_En": "2019",
                "Project__1": "Completed",
                "Estimated_": "0",
                "Additional": "page 37 of the link",
                "OLD___Brie": "None",
                "MUNICUID": "29",
                "MUNICID": "02",
                "NAME": "MIAMI BEACH",
                "FIPSCODE": "1245025",
                "CREATEDBY": "None",
                "CREATEDDAT": "12/31/1899",
                "MODIFIEDBY": "None",
                "MODIFIEDDA": "12/31/1899",
                "GlobalID": "f01c40cb-77c5-4887-8405-bbaa820b81b4"
            },
            "geometry": {
                "type": "Point",
                "coordinates": [
                    -80.129360159999976,
                    25.798395840000069
                ]
            }
        },
        {
            "type": "Feature",
            "properties": {
                "Join_Count": "1",
                "TARGET_FID": "357",
                "Project_Na": "Village Seawall and Dock Renovation",
                "Latitude": "25.89471687",
                "Longitude": "-80.12927053",
                "City": "Bal Harbour",
                "Link_to_Da": "https://www.miamidade.gov/resources/emergency/documents/lms-part-2-the-projects.pdf",
                "Implementa": "Capital Projects Reserved Funding. A FIND construction grant was recently\nsecured to support with construction\t\t\t\t\t\t\t",
                "Infrastruc": "Gray",
                "Categories": "Flood Control Infrastructure",
                "Disaster_F": "Flooding",
                "New_15_25_": "Project details undisclosed",
                "Project_St": "None",
                "Project_En": "None",
                "Project__1": "Completed",
                "Estimated_": "1500000",
                "Additional": "page 37 of the link",
                "OLD___Brie": "None",
                "MUNICUID": "19",
                "MUNICID": "12",
                "NAME": "BAL HARBOUR",
                "FIPSCODE": "1203275",
                "CREATEDBY": "None",
                "CREATEDDAT": "12/31/1899",
                "MODIFIEDBY": "None",
                "MODIFIEDDA": "12/31/1899",
                "GlobalID": "3e619e37-3c0d-4a67-adaa-ebaf892c1c1f"
            },
            "geometry": {
                "type": "Point",
                "coordinates": [
                    -80.129270529999985,
                    25.894716870000025
                ]
            }
        },
        {
            "type": "Feature",
            "properties": {
                "Join_Count": "1",
                "TARGET_FID": "358",
                "Project_Na": "EC2 Expansion-Phase III",
                "Latitude": "25.81373567",
                "Longitude": "-80.1405063",
                "City": "Miami Beach",
                "Link_to_Da": "https://www.miamidade.gov/resources/emergency/documents/lms-part-2-the-projects.pdf",
                "Implementa": "FDOH Grant",
                "Infrastruc": "Gray",
                "Categories": "Flood Control Infrastructure",
                "Disaster_F": "Flooding",
                "New_15_25_": "Project details undisclosed",
                "Project_St": "None",
                "Project_En": "2021",
                "Project__1": "Completed",
                "Estimated_": "4200000",
                "Additional": "page 37 of the link",
                "OLD___Brie": "None",
                "MUNICUID": "29",
                "MUNICID": "02",
                "NAME": "MIAMI BEACH",
                "FIPSCODE": "1245025",
                "CREATEDBY": "None",
                "CREATEDDAT": "12/31/1899",
                "MODIFIEDBY": "None",
                "MODIFIEDDA": "12/31/1899",
                "GlobalID": "f01c40cb-77c5-4887-8405-bbaa820b81b4"
            },
            "geometry": {
                "type": "Point",
                "coordinates": [
                    -80.14050629999997,
                    25.813735670000028
                ]
            }
        },
        {
            "type": "Feature",
            "properties": {
                "Join_Count": "1",
                "TARGET_FID": "359",
                "Project_Na": "PG5- Market Station First Floor Shutter Installation",
                "Latitude": "25.76041853",
                "Longitude": "-80.37114996",
                "City": "Miami",
                "Link_to_Da": "https://www.miamidade.gov/resources/emergency/documents/lms-part-2-the-projects.pdf",
                "Implementa": "HMGP",
                "Infrastruc": "Gray",
                "Categories": "Sustainability Initiatives",
                "Disaster_F": "Critical Infrastructure",
                "New_15_25_": "Project details undisclosed",
                "Project_St": "None",
                "Project_En": "None",
                "Project__1": "Completed",
                "Estimated_": "0",
                "Additional": "page 37 of the link",
                "OLD___Brie": "None",
                "MUNICUID": "1",
                "MUNICID": "30",
                "NAME": "UNINCORPORATED MIAMI-DADE",
                "FIPSCODE": "0",
                "CREATEDBY": "E316899",
                "CREATEDDAT": "06/22/2023",
                "MODIFIEDBY": "E316899",
                "MODIFIEDDA": "06/22/2023",
                "GlobalID": "b0f0eaf9-b39e-4f70-ae21-2ef071a9e234"
            },
            "geometry": {
                "type": "Point",
                "coordinates": [
                    -80.371149959999968,
                    25.760418530000038
                ]
            }
        },
        {
            "type": "Feature",
            "properties": {
                "Join_Count": "1",
                "TARGET_FID": "360",
                "Project_Na": "PG5 Market Station Generator Installation",
                "Latitude": "25.76041853",
                "Longitude": "-80.37114996",
                "City": "Miami",
                "Link_to_Da": "https://www.miamidade.gov/resources/emergency/documents/lms-part-2-the-projects.pdf",
                "Implementa": "HMGP",
                "Infrastruc": "Gray",
                "Categories": "Public Facilities",
                "Disaster_F": "Critical Infrastructure",
                "New_15_25_": "Project details undisclosed",
                "Project_St": "None",
                "Project_En": "None",
                "Project__1": "Completed",
                "Estimated_": "0",
                "Additional": "page 37 of the link",
                "OLD___Brie": "None",
                "MUNICUID": "1",
                "MUNICID": "30",
                "NAME": "UNINCORPORATED MIAMI-DADE",
                "FIPSCODE": "0",
                "CREATEDBY": "E316899",
                "CREATEDDAT": "06/22/2023",
                "MODIFIEDBY": "E316899",
                "MODIFIEDDA": "06/22/2023",
                "GlobalID": "b0f0eaf9-b39e-4f70-ae21-2ef071a9e234"
            },
            "geometry": {
                "type": "Point",
                "coordinates": [
                    -80.371149959999968,
                    25.760418530000038
                ]
            }
        },
        {
            "type": "Feature",
            "properties": {
                "Join_Count": "1",
                "TARGET_FID": "361",
                "Project_Na": "Seawalls: Convention Center Dr to Washington",
                "Latitude": "25.79700647",
                "Longitude": "-80.13413606",
                "City": "Miami Beach",
                "Link_to_Da": "https://www.miamidade.gov/resources/emergency/documents/lms-part-2-the-projects.pdf",
                "Implementa": "None",
                "Infrastruc": "Gray",
                "Categories": "Flood Control Infrastructure",
                "Disaster_F": "Multi-hazard",
                "New_15_25_": "Project details undisclosed",
                "Project_St": "None",
                "Project_En": "2022",
                "Project__1": "Completed",
                "Estimated_": "0",
                "Additional": "page 38 of the link",
                "OLD___Brie": "None",
                "MUNICUID": "29",
                "MUNICID": "02",
                "NAME": "MIAMI BEACH",
                "FIPSCODE": "1245025",
                "CREATEDBY": "None",
                "CREATEDDAT": "12/31/1899",
                "MODIFIEDBY": "None",
                "MODIFIEDDA": "12/31/1899",
                "GlobalID": "f01c40cb-77c5-4887-8405-bbaa820b81b4"
            },
            "geometry": {
                "type": "Point",
                "coordinates": [
                    -80.134136059999946,
                    25.797006470000042
                ]
            }
        },
        {
            "type": "Feature",
            "properties": {
                "Join_Count": "1",
                "TARGET_FID": "362",
                "Project_Na": "Franjo Park Restoration and Upgrades",
                "Latitude": "25.58047805",
                "Longitude": "-80.33595549",
                "City": "Cutler Bay",
                "Link_to_Da": "https://www.miamidade.gov/resources/emergency/documents/lms-part-2-the-projects.pdf",
                "Implementa": "None",
                "Infrastruc": "Green",
                "Categories": "Green Infrastructure",
                "Disaster_F": "Multi-hazard",
                "New_15_25_": "Project details undisclosed",
                "Project_St": "None",
                "Project_En": "None",
                "Project__1": "Completed",
                "Estimated_": "1800000",
                "Additional": "page 38 of the link",
                "OLD___Brie": "None",
                "MUNICUID": "77",
                "MUNICID": "36",
                "NAME": "CUTLER BAY",
                "FIPSCODE": "1215968",
                "CREATEDBY": "None",
                "CREATEDDAT": "12/31/1899",
                "MODIFIEDBY": "None",
                "MODIFIEDDA": "12/31/1899",
                "GlobalID": "706f6e89-d110-4e47-ad52-d8aecc500d1b"
            },
            "geometry": {
                "type": "Point",
                "coordinates": [
                    -80.335955489999947,
                    25.580478050000067
                ]
            }
        },
        {
            "type": "Feature",
            "properties": {
                "Join_Count": "1",
                "TARGET_FID": "363",
                "Project_Na": "Saga Bay 1.5 Drainage Improvement",
                "Latitude": "25.58445971",
                "Longitude": "-80.3227037",
                "City": "Cutler Bay",
                "Link_to_Da": "https://www.miamidade.gov/resources/emergency/documents/lms-part-2-the-projects.pdf",
                "Implementa": "Stormwater Utility Fund",
                "Infrastruc": "Hybrid",
                "Categories": "Flood Control Infrastructure",
                "Disaster_F": "Flooding",
                "New_15_25_": "Project details undisclosed",
                "Project_St": "None",
                "Project_En": "None",
                "Project__1": "Completed",
                "Estimated_": "1100000",
                "Additional": "page 38 of the link",
                "OLD___Brie": "None",
                "MUNICUID": "77",
                "MUNICID": "36",
                "NAME": "CUTLER BAY",
                "FIPSCODE": "1215968",
                "CREATEDBY": "None",
                "CREATEDDAT": "12/31/1899",
                "MODIFIEDBY": "None",
                "MODIFIEDDA": "12/31/1899",
                "GlobalID": "706f6e89-d110-4e47-ad52-d8aecc500d1b"
            },
            "geometry": {
                "type": "Point",
                "coordinates": [
                    -80.322703699999977,
                    25.584459710000033
                ]
            }
        },
        {
            "type": "Feature",
            "properties": {
                "Join_Count": "1",
                "TARGET_FID": "364",
                "Project_Na": "Cutler Ridge Section 3 Drainage Improvement",
                "Latitude": "25.57289623",
                "Longitude": "-80.35400462",
                "City": "Cutler Bay",
                "Link_to_Da": "https://www.miamidade.gov/resources/emergency/documents/lms-part-2-the-projects.pdf",
                "Implementa": "Florida Small Cities Department of Economic Opportunity (CDBG) and Stormwater Utility Fund",
                "Infrastruc": "Gray",
                "Categories": "Flood Control Infrastructure",
                "Disaster_F": "Flooding",
                "New_15_25_": "Project details undisclosed",
                "Project_St": "None",
                "Project_En": "None",
                "Project__1": "Completed",
                "Estimated_": "1325000",
                "Additional": "page 38 of the link",
                "OLD___Brie": "None",
                "MUNICUID": "77",
                "MUNICID": "36",
                "NAME": "CUTLER BAY",
                "FIPSCODE": "1215968",
                "CREATEDBY": "None",
                "CREATEDDAT": "12/31/1899",
                "MODIFIEDBY": "None",
                "MODIFIEDDA": "12/31/1899",
                "GlobalID": "706f6e89-d110-4e47-ad52-d8aecc500d1b"
            },
            "geometry": {
                "type": "Point",
                "coordinates": [
                    -80.354004619999955,
                    25.572896230000026
                ]
            }
        },
        {
            "type": "Feature",
            "properties": {
                "Join_Count": "1",
                "TARGET_FID": "365",
                "Project_Na": "Emergency Operations Center (EOC) Relocation/Expansion Project",
                "Latitude": "25.81038026",
                "Longitude": "-80.34885945",
                "City": "Doral",
                "Link_to_Da": "https://www.miamidade.gov/resources/emergency/documents/lms-part-2-the-projects.pdf",
                "Implementa": "General Fund",
                "Infrastruc": "Gray",
                "Categories": "Public Facilities",
                "Disaster_F": "Critical Infrastructure",
                "New_15_25_": "Project details undisclosed",
                "Project_St": "2018",
                "Project_En": "2019",
                "Project__1": "Completed",
                "Estimated_": "0",
                "Additional": "page 38 of the link",
                "OLD___Brie": "None",
                "MUNICUID": "35",
                "MUNICID": "35",
                "NAME": "DORAL",
                "FIPSCODE": "1217935",
                "CREATEDBY": "None",
                "CREATEDDAT": "12/31/1899",
                "MODIFIEDBY": "E316899",
                "MODIFIEDDA": "06/22/2023",
                "GlobalID": "dd966362-75a1-4e39-ae1e-faeb196f814c"
            },
            "geometry": {
                "type": "Point",
                "coordinates": [
                    -80.348859449999964,
                    25.810380260000045
                ]
            }
        },
        {
            "type": "Feature",
            "properties": {
                "Join_Count": "1",
                "TARGET_FID": "366",
                "Project_Na": "NE 34th Avenue Drainage Improvements",
                "Latitude": "25.9215264",
                "Longitude": "-80.13210089",
                "City": "North Miami",
                "Link_to_Da": "https://www.miamidade.gov/resources/emergency/documents/lms-part-2-the-projects.pdf",
                "Implementa": "City of Aventura",
                "Infrastruc": "Gray",
                "Categories": "Flood Control Infrastructure",
                "Disaster_F": "Flooding",
                "New_15_25_": "Project details undisclosed",
                "Project_St": "2022",
                "Project_En": "2023",
                "Project__1": "Funding Secured",
                "Estimated_": "770000",
                "Additional": "page 38 of the link",
                "OLD___Brie": "None",
                "MUNICUID": "10",
                "MUNICID": "06",
                "NAME": "NORTH MIAMI",
                "FIPSCODE": "1249450",
                "CREATEDBY": "None",
                "CREATEDDAT": "12/31/1899",
                "MODIFIEDBY": "E316899",
                "MODIFIEDDA": "02/18/2021",
                "GlobalID": "7a531bfb-19e3-4b7d-b354-bda553d619cc"
            },
            "geometry": {
                "type": "Point",
                "coordinates": [
                    -80.132100889999947,
                    25.921526400000062
                ]
            }
        },
        {
            "type": "Feature",
            "properties": {
                "Join_Count": "1",
                "TARGET_FID": "367",
                "Project_Na": "Coral Gables Country Club Emergency Generator",
                "Latitude": "25.75340673",
                "Longitude": "-80.27447059",
                "City": "Coral Gables",
                "Link_to_Da": "https://www.miamidade.gov/resources/emergency/documents/lms-part-2-the-projects.pdf",
                "Implementa": "City of Coral Gables",
                "Infrastruc": "Gray",
                "Categories": "Public Facilities",
                "Disaster_F": "Critical Infrastructure",
                "New_15_25_": "Project details undisclosed",
                "Project_St": "2023",
                "Project_En": "2024",
                "Project__1": "Funding Not Yet Secured",
                "Estimated_": "800000",
                "Additional": "page 38 of the link",
                "OLD___Brie": "None",
                "MUNICUID": "43",
                "MUNICID": "03",
                "NAME": "CORAL GABLES",
                "FIPSCODE": "1214250",
                "CREATEDBY": "None",
                "CREATEDDAT": "12/31/1899",
                "MODIFIEDBY": "None",
                "MODIFIEDDA": "12/31/1899",
                "GlobalID": "739e5868-6d18-4337-8ca7-22fcd511dbd7"
            },
            "geometry": {
                "type": "Point",
                "coordinates": [
                    -80.274470589999964,
                    25.753406730000052
                ]
            }
        },
        {
            "type": "Feature",
            "properties": {
                "Join_Count": "1",
                "TARGET_FID": "368",
                "Project_Na": "Youth Center Emergency Generator",
                "Latitude": "25.74191617",
                "Longitude": "-80.26328007",
                "City": "Coral Gables",
                "Link_to_Da": "https://www.miamidade.gov/resources/emergency/documents/lms-part-2-the-projects.pdf",
                "Implementa": "City of Coral Gables",
                "Infrastruc": "Gray",
                "Categories": "Public Facilities",
                "Disaster_F": "Critical Infrastructure",
                "New_15_25_": "Project details undisclosed",
                "Project_St": "2023",
                "Project_En": "2024",
                "Project__1": "Funding Not Yet Secured",
                "Estimated_": "350000",
                "Additional": "page 38 of the link",
                "OLD___Brie": "None",
                "MUNICUID": "43",
                "MUNICID": "03",
                "NAME": "CORAL GABLES",
                "FIPSCODE": "1214250",
                "CREATEDBY": "None",
                "CREATEDDAT": "12/31/1899",
                "MODIFIEDBY": "None",
                "MODIFIEDDA": "12/31/1899",
                "GlobalID": "739e5868-6d18-4337-8ca7-22fcd511dbd7"
            },
            "geometry": {
                "type": "Point",
                "coordinates": [
                    -80.263280069999951,
                    25.741916170000025
                ]
            }
        },
        {
            "type": "Feature",
            "properties": {
                "Join_Count": "1",
                "TARGET_FID": "369",
                "Project_Na": "Aventura Parking Lot Injection Well",
                "Latitude": "25.96115761",
                "Longitude": "-80.14442921",
                "City": "Aventura",
                "Link_to_Da": "https://www.miamidade.gov/resources/emergency/documents/lms-part-2-the-projects.pdf",
                "Implementa": "Mount Sinai Hospital",
                "Infrastruc": "Gray",
                "Categories": "Public Facilities",
                "Disaster_F": "Critical Infrastructure",
                "New_15_25_": "Project details undisclosed",
                "Project_St": "2023",
                "Project_En": "2024",
                "Project__1": "Funding Not Yet Secured",
                "Estimated_": "1000000",
                "Additional": "page 38 of the link",
                "OLD___Brie": "None",
                "MUNICUID": "3",
                "MUNICID": "28",
                "NAME": "AVENTURA",
                "FIPSCODE": "1202681",
                "CREATEDBY": "None",
                "CREATEDDAT": "12/31/1899",
                "MODIFIEDBY": "None",
                "MODIFIEDDA": "12/31/1899",
                "GlobalID": "797226e1-4b99-4fd0-8a94-19d9ed51eda0"
            },
            "geometry": {
                "type": "Point",
                "coordinates": [
                    -80.144429209999942,
                    25.961157610000043
                ]
            }
        },
        {
            "type": "Feature",
            "properties": {
                "Join_Count": "1",
                "TARGET_FID": "370",
                "Project_Na": "130-1 NW 99th Terrace Connector",
                "Latitude": "25.86260754",
                "Longitude": "-80.33529201",
                "City": "Medley",
                "Link_to_Da": "https://www.miamidade.gov/resources/emergency/documents/lms-part-2-the-projects.pdf",
                "Implementa": "City of Medley",
                "Infrastruc": "Gray",
                "Categories": "Flood Control Infrastructure",
                "Disaster_F": "Critical Infrastructure",
                "New_15_25_": "Project details undisclosed",
                "Project_St": "2024",
                "Project_En": "None",
                "Project__1": "Funding Not Yet Secured",
                "Estimated_": "2037700",
                "Additional": "page 38 of the link",
                "OLD___Brie": "None",
                "MUNICUID": "39",
                "MUNICID": "22",
                "NAME": "MEDLEY",
                "FIPSCODE": "1243900",
                "CREATEDBY": "None",
                "CREATEDDAT": "12/31/1899",
                "MODIFIEDBY": "E316899",
                "MODIFIEDDA": "06/22/2023",
                "GlobalID": "357fb0b5-2652-4ab3-959f-d94a7c3f9da7"
            },
            "geometry": {
                "type": "Point",
                "coordinates": [
                    -80.335292009999989,
                    25.862607540000056
                ]
            }
        },
        {
            "type": "Feature",
            "properties": {
                "Join_Count": "1",
                "TARGET_FID": "371",
                "Project_Na": "Homestead JD Redd Park Wind Mitigation Retrofit",
                "Latitude": "25.47340434",
                "Longitude": "-80.4698272",
                "City": "Homestead",
                "Link_to_Da": "https://www.miamidade.gov/resources/emergency/documents/lms-part-2-the-projects.pdf",
                "Implementa": "City of Homestead",
                "Infrastruc": "Gray",
                "Categories": "Sustainability Initiatives",
                "Disaster_F": "Critical Infrastructure",
                "New_15_25_": "Project details undisclosed",
                "Project_St": "2023",
                "Project_En": "2024",
                "Project__1": "Funding Secured",
                "Estimated_": "194000",
                "Additional": "page 38 of the link",
                "OLD___Brie": "None",
                "MUNICUID": "79",
                "MUNICID": "10",
                "NAME": "HOMESTEAD",
                "FIPSCODE": "1232275",
                "CREATEDBY": "None",
                "CREATEDDAT": "12/31/1899",
                "MODIFIEDBY": "None",
                "MODIFIEDDA": "12/31/1899",
                "GlobalID": "4f391dcd-05bb-4073-8333-f55457361ef7"
            },
            "geometry": {
                "type": "Point",
                "coordinates": [
                    -80.469827199999941,
                    25.473404340000059
                ]
            }
        },
        {
            "type": "Feature",
            "properties": {
                "Join_Count": "1",
                "TARGET_FID": "372",
                "Project_Na": "Vizcaya Village Flood and Wind Mitigation (Garage & Mechanic'sShop)",
                "Latitude": "25.74782656",
                "Longitude": "-80.21105646",
                "City": "Miami",
                "Link_to_Da": "https://www.miamidade.gov/resources/emergency/documents/lms-part-2-the-projects.pdf",
                "Implementa": "Viscaya Museum and Gardens",
                "Infrastruc": "Gray",
                "Categories": "Sustainability Initiatives",
                "Disaster_F": "Critical Infrastructure",
                "New_15_25_": "Project details undisclosed",
                "Project_St": "2026",
                "Project_En": "None",
                "Project__1": "Funding Not Yet Secured",
                "Estimated_": "2000000",
                "Additional": "page 38 of the link",
                "OLD___Brie": "None",
                "MUNICUID": "34",
                "MUNICID": "01",
                "NAME": "MIAMI",
                "FIPSCODE": "1245000",
                "CREATEDBY": "None",
                "CREATEDDAT": "12/31/1899",
                "MODIFIEDBY": "None",
                "MODIFIEDDA": "12/31/1899",
                "GlobalID": "df52bf02-7c6d-4658-b2cc-c2ddb8cd5281"
            },
            "geometry": {
                "type": "Point",
                "coordinates": [
                    -80.211056459999952,
                    25.747826560000078
                ]
            }
        },
        {
            "type": "Feature",
            "properties": {
                "Join_Count": "1",
                "TARGET_FID": "373",
                "Project_Na": "Vizcaya Casino Flood & Wind Mitigation",
                "Latitude": "25.74448872",
                "Longitude": "-80.2104747",
                "City": "Miami",
                "Link_to_Da": "https://www.miamidade.gov/resources/emergency/documents/lms-part-2-the-projects.pdf",
                "Implementa": "Viscaya Museum and Gardens",
                "Infrastruc": "Gray",
                "Categories": "Sustainability Initiatives",
                "Disaster_F": "Critical Infrastructure",
                "New_15_25_": "Project details undisclosed",
                "Project_St": "2026",
                "Project_En": "None",
                "Project__1": "Funding Not Yet Secured",
                "Estimated_": "900000",
                "Additional": "page 39 of the link",
                "OLD___Brie": "None",
                "MUNICUID": "34",
                "MUNICID": "01",
                "NAME": "MIAMI",
                "FIPSCODE": "1245000",
                "CREATEDBY": "None",
                "CREATEDDAT": "12/31/1899",
                "MODIFIEDBY": "None",
                "MODIFIEDDA": "12/31/1899",
                "GlobalID": "df52bf02-7c6d-4658-b2cc-c2ddb8cd5281"
            },
            "geometry": {
                "type": "Point",
                "coordinates": [
                    -80.210474699999963,
                    25.744488720000049
                ]
            }
        },
        {
            "type": "Feature",
            "properties": {
                "Join_Count": "1",
                "TARGET_FID": "375",
                "Project_Na": "EOC Generator and Enclosure",
                "Latitude": "25.72004883",
                "Longitude": "-80.27489436",
                "City": "Coral Gables",
                "Link_to_Da": "https://www.miamidade.gov/resources/emergency/documents/lms-part-2-the-projects.pdf",
                "Implementa": "University of Miami",
                "Infrastruc": "Gray",
                "Categories": "Public Facilities",
                "Disaster_F": "Critical Infrastructure",
                "New_15_25_": "Project details undisclosed",
                "Project_St": "2023",
                "Project_En": "None",
                "Project__1": "Funding Not Yet Secured",
                "Estimated_": "926386",
                "Additional": "page 39 of the link",
                "OLD___Brie": "None",
                "MUNICUID": "43",
                "MUNICID": "03",
                "NAME": "CORAL GABLES",
                "FIPSCODE": "1214250",
                "CREATEDBY": "None",
                "CREATEDDAT": "12/31/1899",
                "MODIFIEDBY": "None",
                "MODIFIEDDA": "12/31/1899",
                "GlobalID": "739e5868-6d18-4337-8ca7-22fcd511dbd7"
            },
            "geometry": {
                "type": "Point",
                "coordinates": [
                    -80.274894359999962,
                    25.720048830000053
                ]
            }
        },
        {
            "type": "Feature",
            "properties": {
                "Join_Count": "1",
                "TARGET_FID": "376",
                "Project_Na": "Vizcaya Drainage Improvement - Main Gardens",
                "Latitude": "25.74448872",
                "Longitude": "-80.2104747",
                "City": "Miami",
                "Link_to_Da": "https://www.miamidade.gov/resources/emergency/documents/lms-part-2-the-projects.pdf",
                "Implementa": "Viscaya Museum and Gardens",
                "Infrastruc": "Gray",
                "Categories": "Flood Control Infrastructure",
                "Disaster_F": "Flooding",
                "New_15_25_": "Project details undisclosed",
                "Project_St": "2026",
                "Project_En": "None",
                "Project__1": "Funding Not Yet Secured",
                "Estimated_": "900000",
                "Additional": "page 39 of the link",
                "OLD___Brie": "None",
                "MUNICUID": "34",
                "MUNICID": "01",
                "NAME": "MIAMI",
                "FIPSCODE": "1245000",
                "CREATEDBY": "None",
                "CREATEDDAT": "12/31/1899",
                "MODIFIEDBY": "None",
                "MODIFIEDDA": "12/31/1899",
                "GlobalID": "df52bf02-7c6d-4658-b2cc-c2ddb8cd5281"
            },
            "geometry": {
                "type": "Point",
                "coordinates": [
                    -80.210474699999963,
                    25.744488720000049
                ]
            }
        },
        {
            "type": "Feature",
            "properties": {
                "Join_Count": "1",
                "TARGET_FID": "377",
                "Project_Na": "6th Avenue Drainage Improvements",
                "Latitude": "25.47706815",
                "Longitude": "-80.46900633",
                "City": "Homestead",
                "Link_to_Da": "https://www.miamidade.gov/resources/emergency/documents/lms-part-2-the-projects.pdf",
                "Implementa": "City of Homestead",
                "Infrastruc": "Gray",
                "Categories": "Flood Control Infrastructure",
                "Disaster_F": "Flooding",
                "New_15_25_": "Project details undisclosed",
                "Project_St": "2023",
                "Project_En": "None",
                "Project__1": "Funding Secured",
                "Estimated_": "2900000",
                "Additional": "page 39 of the link",
                "OLD___Brie": "None",
                "MUNICUID": "79",
                "MUNICID": "10",
                "NAME": "HOMESTEAD",
                "FIPSCODE": "1232275",
                "CREATEDBY": "None",
                "CREATEDDAT": "12/31/1899",
                "MODIFIEDBY": "None",
                "MODIFIEDDA": "12/31/1899",
                "GlobalID": "4f391dcd-05bb-4073-8333-f55457361ef7"
            },
            "geometry": {
                "type": "Point",
                "coordinates": [
                    -80.469006329999957,
                    25.477068150000036
                ]
            }
        },
        {
            "type": "Feature",
            "properties": {
                "Join_Count": "1",
                "TARGET_FID": "378",
                "Project_Na": "Phoenix Manor I - External Hardening",
                "Latitude": "25.7343",
                "Longitude": "-80.33946699",
                "City": "Miami",
                "Link_to_Da": "https://www.miamidade.gov/resources/emergency/documents/lms-part-2-the-projects.pdf",
                "Implementa": "Banyan Community Health Center",
                "Infrastruc": "Gray",
                "Categories": "Public Facilities",
                "Disaster_F": "Critical Infrastructure",
                "New_15_25_": "Project details undisclosed",
                "Project_St": "2023",
                "Project_En": "None",
                "Project__1": "Funding Not Yet Secured",
                "Estimated_": "2807577",
                "Additional": "page 39 of the link",
                "OLD___Brie": "None",
                "MUNICUID": "1",
                "MUNICID": "30",
                "NAME": "UNINCORPORATED MIAMI-DADE",
                "FIPSCODE": "0",
                "CREATEDBY": "E316899",
                "CREATEDDAT": "06/22/2023",
                "MODIFIEDBY": "E316899",
                "MODIFIEDDA": "06/22/2023",
                "GlobalID": "b0f0eaf9-b39e-4f70-ae21-2ef071a9e234"
            },
            "geometry": {
                "type": "Point",
                "coordinates": [
                    -80.339466989999949,
                    25.7343
                ]
            }
        },
        {
            "type": "Feature",
            "properties": {
                "Join_Count": "1",
                "TARGET_FID": "379",
                "Project_Na": "Leslie Estates Road and Drainage Project - Phase III",
                "Latitude": "25.94730563",
                "Longitude": "-80.25291307",
                "City": "Miami Gardens",
                "Link_to_Da": "https://www.miamidade.gov/resources/emergency/documents/lms-part-2-the-projects.pdf",
                "Implementa": "Miami Gardens",
                "Infrastruc": "Gray",
                "Categories": "Flood Control Infrastructure",
                "Disaster_F": "Flooding",
                "New_15_25_": "Project details undisclosed",
                "Project_St": "2025",
                "Project_En": "None",
                "Project__1": "Funding Secured",
                "Estimated_": "1500000",
                "Additional": "page 39 of the link",
                "OLD___Brie": "None",
                "MUNICUID": "5",
                "MUNICID": "34",
                "NAME": "MIAMI GARDENS",
                "FIPSCODE": "1245060",
                "CREATEDBY": "None",
                "CREATEDDAT": "12/31/1899",
                "MODIFIEDBY": "E316899",
                "MODIFIEDDA": "04/21/2022",
                "GlobalID": "b932142c-f9e4-4345-9d40-231f6e4e3d7a"
            },
            "geometry": {
                "type": "Point",
                "coordinates": [
                    -80.252913069999977,
                    25.947305630000074
                ]
            }
        },
        {
            "type": "Feature",
            "properties": {
                "Join_Count": "1",
                "TARGET_FID": "380",
                "Project_Na": "Banyan Health RRC Load Path Hardening",
                "Latitude": "25.82950366",
                "Longitude": "-80.19800346",
                "City": "Miami",
                "Link_to_Da": "https://www.miamidade.gov/resources/emergency/documents/lms-part-2-the-projects.pdf",
                "Implementa": "Banyan Community Health Center",
                "Infrastruc": "Gray",
                "Categories": "Flood Control Infrastructure",
                "Disaster_F": "Critical Infrastructure",
                "New_15_25_": "Project details undisclosed",
                "Project_St": "2023",
                "Project_En": "None",
                "Project__1": "Funding Not Yet Secured",
                "Estimated_": "1142200",
                "Additional": "page 39 of the link",
                "OLD___Brie": "None",
                "MUNICUID": "34",
                "MUNICID": "01",
                "NAME": "MIAMI",
                "FIPSCODE": "1245000",
                "CREATEDBY": "None",
                "CREATEDDAT": "12/31/1899",
                "MODIFIEDBY": "None",
                "MODIFIEDDA": "12/31/1899",
                "GlobalID": "df52bf02-7c6d-4658-b2cc-c2ddb8cd5281"
            },
            "geometry": {
                "type": "Point",
                "coordinates": [
                    -80.198003459999939,
                    25.829503660000057
                ]
            }
        },
        {
            "type": "Feature",
            "properties": {
                "Join_Count": "1",
                "TARGET_FID": "381",
                "Project_Na": "Stormwater Improvement Project Sub Basin NW 33 ST",
                "Latitude": "25.80465593",
                "Longitude": "-80.35122885",
                "City": "Doral",
                "Link_to_Da": "https://www.miamidade.gov/resources/emergency/documents/lms-part-2-the-projects.pdf",
                "Implementa": "City of Doral",
                "Infrastruc": "Gray",
                "Categories": "Flood Control Infrastructure",
                "Disaster_F": "Storm Surge",
                "New_15_25_": "Project details undisclosed",
                "Project_St": "2023",
                "Project_En": "None",
                "Project__1": "Funding Not Yet Secured",
                "Estimated_": "973837",
                "Additional": "page 40 of the link",
                "OLD___Brie": "None",
                "MUNICUID": "35",
                "MUNICID": "35",
                "NAME": "DORAL",
                "FIPSCODE": "1217935",
                "CREATEDBY": "None",
                "CREATEDDAT": "12/31/1899",
                "MODIFIEDBY": "E316899",
                "MODIFIEDDA": "06/22/2023",
                "GlobalID": "dd966362-75a1-4e39-ae1e-faeb196f814c"
            },
            "geometry": {
                "type": "Point",
                "coordinates": [
                    -80.351228849999984,
                    25.804655930000024
                ]
            }
        },
        {
            "type": "Feature",
            "properties": {
                "Join_Count": "1",
                "TARGET_FID": "382",
                "Project_Na": "Vizcaya Drainage Improvement -East side of estate",
                "Latitude": "25.74458387",
                "Longitude": "-80.21013905",
                "City": "Miami",
                "Link_to_Da": "https://www.miamidade.gov/resources/emergency/documents/lms-part-2-the-projects.pdf",
                "Implementa": "Viscaya Museum and Gardens",
                "Infrastruc": "Gray",
                "Categories": "Flood Control Infrastructure",
                "Disaster_F": "Flooding",
                "New_15_25_": "Project details undisclosed",
                "Project_St": "2026",
                "Project_En": "None",
                "Project__1": "Funding Not Yet Secured",
                "Estimated_": "1800000",
                "Additional": "page 40 of the link",
                "OLD___Brie": "None",
                "MUNICUID": "34",
                "MUNICID": "01",
                "NAME": "MIAMI",
                "FIPSCODE": "1245000",
                "CREATEDBY": "None",
                "CREATEDDAT": "12/31/1899",
                "MODIFIEDBY": "None",
                "MODIFIEDDA": "12/31/1899",
                "GlobalID": "df52bf02-7c6d-4658-b2cc-c2ddb8cd5281"
            },
            "geometry": {
                "type": "Point",
                "coordinates": [
                    -80.210139049999952,
                    25.744583870000042
                ]
            }
        },
        {
            "type": "Feature",
            "properties": {
                "Join_Count": "1",
                "TARGET_FID": "383",
                "Project_Na": "City-wide Flood Sensors",
                "Latitude": "25.86271051",
                "Longitude": "-80.29103668",
                "City": "Hialeah",
                "Link_to_Da": "https://www.miamidade.gov/resources/emergency/documents/lms-part-2-the-projects.pdf",
                "Implementa": "City of Hialeah",
                "Infrastruc": "Gray",
                "Categories": "Flood Control Infrastructure",
                "Disaster_F": "Flooding",
                "New_15_25_": "Project details undisclosed",
                "Project_St": "2023",
                "Project_En": "None",
                "Project__1": "Funding Not Yet Secured",
                "Estimated_": "2776920",
                "Additional": "page 40 of the link",
                "OLD___Brie": "None",
                "MUNICUID": "13",
                "MUNICID": "04",
                "NAME": "HIALEAH",
                "FIPSCODE": "1230000",
                "CREATEDBY": "None",
                "CREATEDDAT": "12/31/1899",
                "MODIFIEDBY": "None",
                "MODIFIEDDA": "12/31/1899",
                "GlobalID": "8145221d-a929-4ea4-8446-7a4065dab69d"
            },
            "geometry": {
                "type": "Point",
                "coordinates": [
                    -80.291036679999934,
                    25.862710510000056
                ]
            }
        },
        {
            "type": "Feature",
            "properties": {
                "Join_Count": "1",
                "TARGET_FID": "384",
                "Project_Na": "City of Hialeah - Drainage Improvement Project 1",
                "Latitude": "25.88432236",
                "Longitude": "-80.34775718",
                "City": "Hialeah",
                "Link_to_Da": "https://www.miamidade.gov/resources/emergency/documents/lms-part-2-the-projects.pdf",
                "Implementa": "City of Hialeah",
                "Infrastruc": "Gray",
                "Categories": "Flood Control Infrastructure",
                "Disaster_F": "Flooding",
                "New_15_25_": "Project details undisclosed",
                "Project_St": "2023",
                "Project_En": "None",
                "Project__1": "Funding Not Yet Secured",
                "Estimated_": "2168390",
                "Additional": "page 40 of the link",
                "OLD___Brie": "None",
                "MUNICUID": "13",
                "MUNICID": "04",
                "NAME": "HIALEAH",
                "FIPSCODE": "1230000",
                "CREATEDBY": "None",
                "CREATEDDAT": "12/31/1899",
                "MODIFIEDBY": "None",
                "MODIFIEDDA": "12/31/1899",
                "GlobalID": "8145221d-a929-4ea4-8446-7a4065dab69d"
            },
            "geometry": {
                "type": "Point",
                "coordinates": [
                    -80.347757179999974,
                    25.884322360000056
                ]
            }
        },
        {
            "type": "Feature",
            "properties": {
                "Join_Count": "1",
                "TARGET_FID": "386",
                "Project_Na": "Hardened 911 Communication and Emergency Operations Center",
                "Latitude": "25.95292953",
                "Longitude": "-80.13925773",
                "City": "Aventura",
                "Link_to_Da": "https://www.miamidade.gov/resources/emergency/documents/lms-part-2-the-projects.pdf",
                "Implementa": "City of Aventura",
                "Infrastruc": "Gray",
                "Categories": "Public Facilities",
                "Disaster_F": "Critical Infrastructure",
                "New_15_25_": "Project details undisclosed",
                "Project_St": "2023",
                "Project_En": "None",
                "Project__1": "Funding Not Yet Secured",
                "Estimated_": "2500000",
                "Additional": "page 40 of the link",
                "OLD___Brie": "None",
                "MUNICUID": "3",
                "MUNICID": "28",
                "NAME": "AVENTURA",
                "FIPSCODE": "1202681",
                "CREATEDBY": "None",
                "CREATEDDAT": "12/31/1899",
                "MODIFIEDBY": "None",
                "MODIFIEDDA": "12/31/1899",
                "GlobalID": "797226e1-4b99-4fd0-8a94-19d9ed51eda0"
            },
            "geometry": {
                "type": "Point",
                "coordinates": [
                    -80.13925772999994,
                    25.952929530000063
                ]
            }
        },
        {
            "type": "Feature",
            "properties": {
                "Join_Count": "1",
                "TARGET_FID": "387",
                "Project_Na": "Emergency Power Generator for Police & Emergency Operations Center",
                "Latitude": "25.95281399",
                "Longitude": "-80.13933886",
                "City": "Aventura",
                "Link_to_Da": "None",
                "Implementa": "None",
                "Infrastruc": "Gray",
                "Categories": "Public Facilities",
                "Disaster_F": "Critical Infrastructure",
                "New_15_25_": "Project details undisclosed",
                "Project_St": "None",
                "Project_En": "None",
                "Project__1": "Ongoing",
                "Estimated_": "0",
                "Additional": "None",
                "OLD___Brie": "None",
                "MUNICUID": "3",
                "MUNICID": "28",
                "NAME": "AVENTURA",
                "FIPSCODE": "1202681",
                "CREATEDBY": "None",
                "CREATEDDAT": "12/31/1899",
                "MODIFIEDBY": "None",
                "MODIFIEDDA": "12/31/1899",
                "GlobalID": "797226e1-4b99-4fd0-8a94-19d9ed51eda0"
            },
            "geometry": {
                "type": "Point",
                "coordinates": [
                    -80.139338859999953,
                    25.952813990000038
                ]
            }
        },
        {
            "type": "Feature",
            "properties": {
                "Join_Count": "1",
                "TARGET_FID": "393",
                "Project_Na": "Jackson Memorial Generator Plant Upgrade",
                "Latitude": "25.79288084",
                "Longitude": "-80.21458736",
                "City": "Miami",
                "Link_to_Da": "https://www.miamidade.gov/resources/emergency/documents/lms-part-2-the-projects.pdf",
                "Implementa": "Jackson Health Systems Miami-Dade County Public Health Trust",
                "Infrastruc": "Gray",
                "Categories": "Public Facilities",
                "Disaster_F": "Critical Infrastructure",
                "New_15_25_": "Project details undisclosed",
                "Project_St": "2023",
                "Project_En": "None",
                "Project__1": "Funding Not Yet Secured",
                "Estimated_": "5000000",
                "Additional": "page 42 of the link",
                "OLD___Brie": "None",
                "MUNICUID": "34",
                "MUNICID": "01",
                "NAME": "MIAMI",
                "FIPSCODE": "1245000",
                "CREATEDBY": "None",
                "CREATEDDAT": "12/31/1899",
                "MODIFIEDBY": "None",
                "MODIFIEDDA": "12/31/1899",
                "GlobalID": "df52bf02-7c6d-4658-b2cc-c2ddb8cd5281"
            },
            "geometry": {
                "type": "Point",
                "coordinates": [
                    -80.214587359999939,
                    25.792880840000066
                ]
            }
        },
        {
            "type": "Feature",
            "properties": {
                "Join_Count": "1",
                "TARGET_FID": "394",
                "Project_Na": "Stormwater Improvement Project Sub Basin E7",
                "Latitude": "25.80540867",
                "Longitude": "-80.33735452",
                "City": "Doral",
                "Link_to_Da": "https://www.miamidade.gov/resources/emergency/documents/lms-part-2-the-projects.pdf",
                "Implementa": "City of Doral",
                "Infrastruc": "Gray",
                "Categories": "Flood Control Infrastructure",
                "Disaster_F": "Storm Surge",
                "New_15_25_": "Project details undisclosed",
                "Project_St": "2023",
                "Project_En": "None",
                "Project__1": "Funding Not Yet Secured",
                "Estimated_": "515181",
                "Additional": "page 42 of the link",
                "OLD___Brie": "None",
                "MUNICUID": "35",
                "MUNICID": "35",
                "NAME": "DORAL",
                "FIPSCODE": "1217935",
                "CREATEDBY": "None",
                "CREATEDDAT": "12/31/1899",
                "MODIFIEDBY": "E316899",
                "MODIFIEDDA": "06/22/2023",
                "GlobalID": "dd966362-75a1-4e39-ae1e-faeb196f814c"
            },
            "geometry": {
                "type": "Point",
                "coordinates": [
                    -80.337354519999963,
                    25.805408670000077
                ]
            }
        },
        {
            "type": "Feature",
            "properties": {
                "Join_Count": "1",
                "TARGET_FID": "396",
                "Project_Na": "Uninterruptible Power System Police Department",
                "Latitude": "25.47075257",
                "Longitude": "-80.47907777",
                "City": "Homestead",
                "Link_to_Da": "https://www.miamidade.gov/resources/emergency/documents/lms-part-2-the-projects.pdf",
                "Implementa": "City of Homestead",
                "Infrastruc": "Gray",
                "Categories": "Public Facilities",
                "Disaster_F": "Critical Infrastructure",
                "New_15_25_": "Project details undisclosed",
                "Project_St": "2023",
                "Project_En": "2024",
                "Project__1": "Funding Not Yet Secured",
                "Estimated_": "79000",
                "Additional": "page 42 of the link",
                "OLD___Brie": "None",
                "MUNICUID": "79",
                "MUNICID": "10",
                "NAME": "HOMESTEAD",
                "FIPSCODE": "1232275",
                "CREATEDBY": "None",
                "CREATEDDAT": "12/31/1899",
                "MODIFIEDBY": "None",
                "MODIFIEDDA": "12/31/1899",
                "GlobalID": "4f391dcd-05bb-4073-8333-f55457361ef7"
            },
            "geometry": {
                "type": "Point",
                "coordinates": [
                    -80.479077769999947,
                    25.470752570000059
                ]
            }
        },
        {
            "type": "Feature",
            "properties": {
                "Join_Count": "1",
                "TARGET_FID": "397",
                "Project_Na": "Retrofit of Fire Department Headquarters Building",
                "Latitude": "25.82683142",
                "Longitude": "-80.28010895",
                "City": "Hialeah",
                "Link_to_Da": "https://www.miamidade.gov/resources/emergency/documents/lms-part-2-the-projects.pdf",
                "Implementa": "City of Hialeah",
                "Infrastruc": "Gray",
                "Categories": "Public Facilities",
                "Disaster_F": "Critical Infrastructure",
                "New_15_25_": "Project details undisclosed",
                "Project_St": "2023",
                "Project_En": "None",
                "Project__1": "Funding Not Yet Secured",
                "Estimated_": "595414",
                "Additional": "page 42 of the link",
                "OLD___Brie": "None",
                "MUNICUID": "13",
                "MUNICID": "04",
                "NAME": "HIALEAH",
                "FIPSCODE": "1230000",
                "CREATEDBY": "None",
                "CREATEDDAT": "12/31/1899",
                "MODIFIEDBY": "None",
                "MODIFIEDDA": "12/31/1899",
                "GlobalID": "8145221d-a929-4ea4-8446-7a4065dab69d"
            },
            "geometry": {
                "type": "Point",
                "coordinates": [
                    -80.280108949999942,
                    25.826831420000076
                ]
            }
        },
        {
            "type": "Feature",
            "properties": {
                "Join_Count": "1",
                "TARGET_FID": "398",
                "Project_Na": "Miami-Dade, FL: Miami-Dade Fire Rescue Station 03 Hardening Project",
                "Latitude": "25.73444994",
                "Longitude": "-80.32725027",
                "City": "Miami",
                "Link_to_Da": "https://www.miamidade.gov/resources/emergency/documents/lms-part-2-the-projects.pdf",
                "Implementa": "Fire Rescue Miami-Dade County",
                "Infrastruc": "Gray",
                "Categories": "Public Facilities",
                "Disaster_F": "Critical Infrastructure",
                "New_15_25_": "Project details undisclosed",
                "Project_St": "None",
                "Project_En": "None",
                "Project__1": "Funding Not Yet Secured",
                "Estimated_": "1000000",
                "Additional": "page 43 of the link",
                "OLD___Brie": "None",
                "MUNICUID": "1",
                "MUNICID": "30",
                "NAME": "UNINCORPORATED MIAMI-DADE",
                "FIPSCODE": "0",
                "CREATEDBY": "E316899",
                "CREATEDDAT": "06/22/2023",
                "MODIFIEDBY": "E316899",
                "MODIFIEDDA": "06/22/2023",
                "GlobalID": "b0f0eaf9-b39e-4f70-ae21-2ef071a9e234"
            },
            "geometry": {
                "type": "Point",
                "coordinates": [
                    -80.327250269999979,
                    25.734449940000047
                ]
            }
        },
        {
            "type": "Feature",
            "properties": {
                "Join_Count": "1",
                "TARGET_FID": "399",
                "Project_Na": "Dade Chase Admin Building",
                "Latitude": "25.82944584",
                "Longitude": "-80.19848125",
                "City": "Miami",
                "Link_to_Da": "https://www.miamidade.gov/resources/emergency/documents/lms-part-2-the-projects.pdf",
                "Implementa": "Banyan Community Health Center",
                "Infrastruc": "Gray",
                "Categories": "Public Facilities",
                "Disaster_F": "Critical Infrastructure",
                "New_15_25_": "Project details undisclosed",
                "Project_St": "2023",
                "Project_En": "None",
                "Project__1": "Funding Not Yet Secured",
                "Estimated_": "1168171",
                "Additional": "page 43 of the link",
                "OLD___Brie": "None",
                "MUNICUID": "34",
                "MUNICID": "01",
                "NAME": "MIAMI",
                "FIPSCODE": "1245000",
                "CREATEDBY": "None",
                "CREATEDDAT": "12/31/1899",
                "MODIFIEDBY": "None",
                "MODIFIEDDA": "12/31/1899",
                "GlobalID": "df52bf02-7c6d-4658-b2cc-c2ddb8cd5281"
            },
            "geometry": {
                "type": "Point",
                "coordinates": [
                    -80.198481249999986,
                    25.829445840000062
                ]
            }
        },
        {
            "type": "Feature",
            "properties": {
                "Join_Count": "1",
                "TARGET_FID": "401",
                "Project_Na": "Miami-Dade, FL: Miami-Dade Fire Rescue Station 34 Hardening Project",
                "Latitude": "25.57111394",
                "Longitude": "-80.36734998",
                "City": "Cutler Bay",
                "Link_to_Da": "https://www.miamidade.gov/resources/emergency/documents/lms-part-2-the-projects.pdf",
                "Implementa": "Fire Rescue Miami-Dade County",
                "Infrastruc": "Gray",
                "Categories": "Public Facilities",
                "Disaster_F": "Critical Infrastructure",
                "New_15_25_": "Project details undisclosed",
                "Project_St": "None",
                "Project_En": "None",
                "Project__1": "Funding Not Yet Secured",
                "Estimated_": "1250000",
                "Additional": "page 43 of the link",
                "OLD___Brie": "None",
                "MUNICUID": "77",
                "MUNICID": "36",
                "NAME": "CUTLER BAY",
                "FIPSCODE": "1215968",
                "CREATEDBY": "None",
                "CREATEDDAT": "12/31/1899",
                "MODIFIEDBY": "None",
                "MODIFIEDDA": "12/31/1899",
                "GlobalID": "706f6e89-d110-4e47-ad52-d8aecc500d1b"
            },
            "geometry": {
                "type": "Point",
                "coordinates": [
                    -80.367349979999972,
                    25.571113940000032
                ]
            }
        },
        {
            "type": "Feature",
            "properties": {
                "Join_Count": "1",
                "TARGET_FID": "402",
                "Project_Na": "Miami Fire Rescue -Fire Station 7 Hardening",
                "Latitude": "25.86013727",
                "Longitude": "-80.23452645",
                "City": "Miami",
                "Link_to_Da": "https://www.miamidade.gov/resources/emergency/documents/lms-part-2-the-projects.pdf",
                "Implementa": "City of Miami",
                "Infrastruc": "Gray",
                "Categories": "Flood Control Infrastructure",
                "Disaster_F": "Critical Infrastructure",
                "New_15_25_": "Project details undisclosed",
                "Project_St": "2023",
                "Project_En": "None",
                "Project__1": "Funding Not Yet Secured",
                "Estimated_": "551325",
                "Additional": "page 43 of the link",
                "OLD___Brie": "None",
                "MUNICUID": "22",
                "MUNICID": "30",
                "NAME": "UNINCORPORATED MIAMI-DADE",
                "FIPSCODE": "0",
                "CREATEDBY": "None",
                "CREATEDDAT": "12/31/1899",
                "MODIFIEDBY": "E316899",
                "MODIFIEDDA": "03/03/2021",
                "GlobalID": "b9495799-1efe-4c6b-a3e0-99de4b6c4a87"
            },
            "geometry": {
                "type": "Point",
                "coordinates": [
                    -80.234526449999976,
                    25.860137270000052
                ]
            }
        },
        {
            "type": "Feature",
            "properties": {
                "Join_Count": "1",
                "TARGET_FID": "404",
                "Project_Na": "Miami-Dade Fire Rescue Stations 01, 03, & 15 Hardening Project Including Roof",
                "Latitude": "25.92413645",
                "Longitude": "-80.30891796",
                "City": "Miami-Dade County",
                "Link_to_Da": "https://www.miamidade.gov/resources/emergency/documents/lms-part-2-the-projects.pdf",
                "Implementa": "Fire Rescue Miami-Dade County",
                "Infrastruc": "Gray",
                "Categories": "Public Facilities",
                "Disaster_F": "Critical Infrastructure",
                "New_15_25_": "Project details undisclosed",
                "Project_St": "None",
                "Project_En": "None",
                "Project__1": "Funding Not Yet Secured",
                "Estimated_": "1953487",
                "Additional": "page 44 of the link",
                "OLD___Brie": "None",
                "MUNICUID": "12",
                "MUNICID": "32",
                "NAME": "MIAMI LAKES",
                "FIPSCODE": "1245100",
                "CREATEDBY": "None",
                "CREATEDDAT": "12/31/1899",
                "MODIFIEDBY": "None",
                "MODIFIEDDA": "12/31/1899",
                "GlobalID": "64025d22-0892-413b-a900-44d95adcb381"
            },
            "geometry": {
                "type": "Point",
                "coordinates": [
                    -80.308917959999974,
                    25.924136450000049
                ]
            }
        },
        {
            "type": "Feature",
            "properties": {
                "Join_Count": "1",
                "TARGET_FID": "405",
                "Project_Na": "Roof Replacement",
                "Latitude": "25.8127817",
                "Longitude": "-80.14072245",
                "City": "Miami Beach",
                "Link_to_Da": "https://www.miamidade.gov/resources/emergency/documents/lms-part-2-the-projects.pdf",
                "Implementa": "Mount Sinai Hospital",
                "Infrastruc": "Gray",
                "Categories": "Public Facilities",
                "Disaster_F": "Critical Infrastructure",
                "New_15_25_": "Project details undisclosed",
                "Project_St": "2027",
                "Project_En": "None",
                "Project__1": "Funding Not Yet Secured",
                "Estimated_": "4974680",
                "Additional": "page 44 of the link",
                "OLD___Brie": "None",
                "MUNICUID": "29",
                "MUNICID": "02",
                "NAME": "MIAMI BEACH",
                "FIPSCODE": "1245025",
                "CREATEDBY": "None",
                "CREATEDDAT": "12/31/1899",
                "MODIFIEDBY": "None",
                "MODIFIEDDA": "12/31/1899",
                "GlobalID": "f01c40cb-77c5-4887-8405-bbaa820b81b4"
            },
            "geometry": {
                "type": "Point",
                "coordinates": [
                    -80.140722449999942,
                    25.812781700000073
                ]
            }
        },
        {
            "type": "Feature",
            "properties": {
                "Join_Count": "1",
                "TARGET_FID": "406",
                "Project_Na": "Miami-Dade Fire Rescue Headquarters Hardening Project",
                "Latitude": "25.80966149",
                "Longitude": "-80.34886636",
                "City": "Miami",
                "Link_to_Da": "https://www.miamidade.gov/resources/emergency/documents/lms-part-2-the-projects.pdf",
                "Implementa": "Fire Rescue Miami-Dade County",
                "Infrastruc": "Gray",
                "Categories": "Public Facilities",
                "Disaster_F": "Critical Infrastructure",
                "New_15_25_": "Project details undisclosed",
                "Project_St": "None",
                "Project_En": "None",
                "Project__1": "Funding Not Yet Secured",
                "Estimated_": "0",
                "Additional": "page 44 of the link",
                "OLD___Brie": "None",
                "MUNICUID": "35",
                "MUNICID": "35",
                "NAME": "DORAL",
                "FIPSCODE": "1217935",
                "CREATEDBY": "None",
                "CREATEDDAT": "12/31/1899",
                "MODIFIEDBY": "E316899",
                "MODIFIEDDA": "06/22/2023",
                "GlobalID": "dd966362-75a1-4e39-ae1e-faeb196f814c"
            },
            "geometry": {
                "type": "Point",
                "coordinates": [
                    -80.348866359999988,
                    25.809661490000053
                ]
            }
        },
        {
            "type": "Feature",
            "properties": {
                "Join_Count": "1",
                "TARGET_FID": "407",
                "Project_Na": "Miami-Dade Fire Rescue Stations 34, 51, 53, & 56 Hardening Project",
                "Latitude": "25.57111394",
                "Longitude": "-80.36741414",
                "City": "Miami-Dade County",
                "Link_to_Da": "https://www.miamidade.gov/resources/emergency/documents/lms-part-2-the-projects.pdf",
                "Implementa": "Fire Rescue Miami-Dade County",
                "Infrastruc": "Gray",
                "Categories": "Public Facilities",
                "Disaster_F": "Critical Infrastructure",
                "New_15_25_": "Project details undisclosed",
                "Project_St": "None",
                "Project_En": "None",
                "Project__1": "Funding Not Yet Secured",
                "Estimated_": "2163277",
                "Additional": "page 44 of the link",
                "OLD___Brie": "None",
                "MUNICUID": "77",
                "MUNICID": "36",
                "NAME": "CUTLER BAY",
                "FIPSCODE": "1215968",
                "CREATEDBY": "None",
                "CREATEDDAT": "12/31/1899",
                "MODIFIEDBY": "None",
                "MODIFIEDDA": "12/31/1899",
                "GlobalID": "706f6e89-d110-4e47-ad52-d8aecc500d1b"
            },
            "geometry": {
                "type": "Point",
                "coordinates": [
                    -80.367414139999937,
                    25.571113940000032
                ]
            }
        },
        {
            "type": "Feature",
            "properties": {
                "Join_Count": "1",
                "TARGET_FID": "408",
                "Project_Na": "Roof, Wind and Enclosure Protection",
                "Latitude": "25.8127817",
                "Longitude": "-80.14072245",
                "City": "Miami Beach",
                "Link_to_Da": "https://www.miamidade.gov/resources/emergency/documents/lms-part-2-the-projects.pdf",
                "Implementa": "Mount Sinai Hospital",
                "Infrastruc": "Gray",
                "Categories": "Public Facilities",
                "Disaster_F": "Critical Infrastructure",
                "New_15_25_": "Project details undisclosed",
                "Project_St": "2027",
                "Project_En": "None",
                "Project__1": "Funding Not Yet Secured",
                "Estimated_": "3000000",
                "Additional": "page 45 of the link",
                "OLD___Brie": "None",
                "MUNICUID": "29",
                "MUNICID": "02",
                "NAME": "MIAMI BEACH",
                "FIPSCODE": "1245025",
                "CREATEDBY": "None",
                "CREATEDDAT": "12/31/1899",
                "MODIFIEDBY": "None",
                "MODIFIEDDA": "12/31/1899",
                "GlobalID": "f01c40cb-77c5-4887-8405-bbaa820b81b4"
            },
            "geometry": {
                "type": "Point",
                "coordinates": [
                    -80.140722449999942,
                    25.812781700000073
                ]
            }
        },
        {
            "type": "Feature",
            "properties": {
                "Join_Count": "1",
                "TARGET_FID": "409",
                "Project_Na": "Miami Fire Rescue - Fire Station 5 Hardening",
                "Latitude": "25.79486966",
                "Longitude": "-80.21542941",
                "City": "Miami",
                "Link_to_Da": "https://www.miamidade.gov/resources/emergency/documents/lms-part-2-the-projects.pdf",
                "Implementa": "City of Miami",
                "Infrastruc": "Gray",
                "Categories": "Flood Control Infrastructure",
                "Disaster_F": "Critical Infrastructure",
                "New_15_25_": "Project details undisclosed",
                "Project_St": "2023",
                "Project_En": "None",
                "Project__1": "Funding Not Yet Secured",
                "Estimated_": "714477",
                "Additional": "page 45 of the link",
                "OLD___Brie": "None",
                "MUNICUID": "34",
                "MUNICID": "01",
                "NAME": "MIAMI",
                "FIPSCODE": "1245000",
                "CREATEDBY": "None",
                "CREATEDDAT": "12/31/1899",
                "MODIFIEDBY": "None",
                "MODIFIEDDA": "12/31/1899",
                "GlobalID": "df52bf02-7c6d-4658-b2cc-c2ddb8cd5281"
            },
            "geometry": {
                "type": "Point",
                "coordinates": [
                    -80.215429409999956,
                    25.794869660000074
                ]
            }
        },
        {
            "type": "Feature",
            "properties": {
                "Join_Count": "1",
                "TARGET_FID": "410",
                "Project_Na": "Miami-Dade Fire Rescue Stations HQ IT, 21, 54 & 55 Generator Installments",
                "Latitude": "25.80966149",
                "Longitude": "-80.34886636",
                "City": "Miami",
                "Link_to_Da": "https://www.miamidade.gov/resources/emergency/documents/lms-part-2-the-projects.pdf",
                "Implementa": "Fire Rescue Miami-Dade County",
                "Infrastruc": "Gray",
                "Categories": "Flood Control Infrastructure",
                "Disaster_F": "Critical Infrastructure",
                "New_15_25_": "Project details undisclosed",
                "Project_St": "None",
                "Project_En": "None",
                "Project__1": "Funding Not Yet Secured",
                "Estimated_": "1274548",
                "Additional": "page 45 of the link",
                "OLD___Brie": "None",
                "MUNICUID": "35",
                "MUNICID": "35",
                "NAME": "DORAL",
                "FIPSCODE": "1217935",
                "CREATEDBY": "None",
                "CREATEDDAT": "12/31/1899",
                "MODIFIEDBY": "E316899",
                "MODIFIEDDA": "06/22/2023",
                "GlobalID": "dd966362-75a1-4e39-ae1e-faeb196f814c"
            },
            "geometry": {
                "type": "Point",
                "coordinates": [
                    -80.348866359999988,
                    25.809661490000053
                ]
            }
        },
        {
            "type": "Feature",
            "properties": {
                "Join_Count": "1",
                "TARGET_FID": "411",
                "Project_Na": "Generator Replacement for Water Treatment Facility",
                "Latitude": "25.91931849",
                "Longitude": "-80.15287658",
                "City": "North Miami",
                "Link_to_Da": "https://www.miamidade.gov/resources/emergency/documents/lms-part-2-the-projects.pdf",
                "Implementa": "North Miami Beach",
                "Infrastruc": "Gray",
                "Categories": "Public Facilities",
                "Disaster_F": "Critical Infrastructure",
                "New_15_25_": "Project details undisclosed",
                "Project_St": "2023",
                "Project_En": "None",
                "Project__1": "Funding Secured",
                "Estimated_": "3358216",
                "Additional": "page 45 of the link",
                "OLD___Brie": "None",
                "MUNICUID": "10",
                "MUNICID": "06",
                "NAME": "NORTH MIAMI",
                "FIPSCODE": "1249450",
                "CREATEDBY": "None",
                "CREATEDDAT": "12/31/1899",
                "MODIFIEDBY": "E316899",
                "MODIFIEDDA": "02/18/2021",
                "GlobalID": "7a531bfb-19e3-4b7d-b354-bda553d619cc"
            },
            "geometry": {
                "type": "Point",
                "coordinates": [
                    -80.152876579999941,
                    25.919318490000023
                ]
            }
        },
        {
            "type": "Feature",
            "properties": {
                "Join_Count": "1",
                "TARGET_FID": "412",
                "Project_Na": "Miami Fire Rescue - Fire Station 1 Hardening",
                "Latitude": "25.77903325",
                "Longitude": "-80.19122047",
                "City": "Miami",
                "Link_to_Da": "https://www.miamidade.gov/resources/emergency/documents/lms-part-2-the-projects.pdf",
                "Implementa": "City of Miami",
                "Infrastruc": "Gray",
                "Categories": "Flood Control Infrastructure",
                "Disaster_F": "Critical Infrastructure",
                "New_15_25_": "Project details undisclosed",
                "Project_St": "2023",
                "Project_En": "None",
                "Project__1": "Funding Not Yet Secured",
                "Estimated_": "375000",
                "Additional": "page 45 of the link",
                "OLD___Brie": "None",
                "MUNICUID": "34",
                "MUNICID": "01",
                "NAME": "MIAMI",
                "FIPSCODE": "1245000",
                "CREATEDBY": "None",
                "CREATEDDAT": "12/31/1899",
                "MODIFIEDBY": "None",
                "MODIFIEDDA": "12/31/1899",
                "GlobalID": "df52bf02-7c6d-4658-b2cc-c2ddb8cd5281"
            },
            "geometry": {
                "type": "Point",
                "coordinates": [
                    -80.191220469999962,
                    25.779033250000055
                ]
            }
        },
        {
            "type": "Feature",
            "properties": {
                "Join_Count": "1",
                "TARGET_FID": "413",
                "Project_Na": "Presidential Estates Pump Station and Drainage Improvements",
                "Latitude": "25.95538502",
                "Longitude": "-80.17004773",
                "City": "Miami",
                "Link_to_Da": "https://www.miamidade.gov/resources/emergency/documents/lms-part-2-the-projects.pdf",
                "Implementa": "Public Works Miami Dade County",
                "Infrastruc": "Gray",
                "Categories": "Flood Control Infrastructure",
                "Disaster_F": "Flooding",
                "New_15_25_": "Project details undisclosed",
                "Project_St": "2023",
                "Project_En": "None",
                "Project__1": "Funding Not Yet Secured",
                "Estimated_": "3000000",
                "Additional": "page 46 of the link",
                "OLD___Brie": "None",
                "MUNICUID": "4",
                "MUNICID": "30",
                "NAME": "UNINCORPORATED MIAMI-DADE",
                "FIPSCODE": "0",
                "CREATEDBY": "E316899",
                "CREATEDDAT": "04/21/2022",
                "MODIFIEDBY": "E316899",
                "MODIFIEDDA": "04/21/2022",
                "GlobalID": "6d57fb7a-ea31-4b13-9e05-3811c3de948f"
            },
            "geometry": {
                "type": "Point",
                "coordinates": [
                    -80.170047729999965,
                    25.955385020000051
                ]
            }
        },
        {
            "type": "Feature",
            "properties": {
                "Join_Count": "1",
                "TARGET_FID": "415",
                "Project_Na": "Public Works Department Compound Flood Protection",
                "Latitude": "25.74385905",
                "Longitude": "-80.31305534",
                "City": "Miami-Dade County",
                "Link_to_Da": "https://www.miamidade.gov/resources/emergency/documents/lms-part-2-the-projects.pdf",
                "Implementa": "City of Coral Gables",
                "Infrastruc": "Gray",
                "Categories": "Flood Control Infrastructure",
                "Disaster_F": "Flooding",
                "New_15_25_": "Project details undisclosed",
                "Project_St": "2023",
                "Project_En": "2024",
                "Project__1": "Funding Not Yet Secured",
                "Estimated_": "500000",
                "Additional": "page 46 of the link",
                "OLD___Brie": "None",
                "MUNICUID": "1",
                "MUNICID": "30",
                "NAME": "UNINCORPORATED MIAMI-DADE",
                "FIPSCODE": "0",
                "CREATEDBY": "E316899",
                "CREATEDDAT": "06/22/2023",
                "MODIFIEDBY": "E316899",
                "MODIFIEDDA": "06/22/2023",
                "GlobalID": "b0f0eaf9-b39e-4f70-ae21-2ef071a9e234"
            },
            "geometry": {
                "type": "Point",
                "coordinates": [
                    -80.313055339999949,
                    25.743859050000026
                ]
            }
        },
        {
            "type": "Feature",
            "properties": {
                "Join_Count": "1",
                "TARGET_FID": "416",
                "Project_Na": "2023 Friedland Manor Pump Stations & Dry Retention Pond Restoration",
                "Latitude": "25.43792717",
                "Longitude": "-80.48929812",
                "City": "Florida City",
                "Link_to_Da": "https://www.miamidade.gov/resources/emergency/documents/lms-part-2-the-projects.pdf",
                "Implementa": "City of Florida",
                "Infrastruc": "Hybrid",
                "Categories": "Flood Control Infrastructure",
                "Disaster_F": "Flooding",
                "New_15_25_": "Project details undisclosed",
                "Project_St": "None",
                "Project_En": "None",
                "Project__1": "Funding Not Yet Secured",
                "Estimated_": "1383031",
                "Additional": "page 46 of the link",
                "OLD___Brie": "None",
                "MUNICUID": "80",
                "MUNICID": "16",
                "NAME": "FLORIDA CITY",
                "FIPSCODE": "1222975",
                "CREATEDBY": "None",
                "CREATEDDAT": "12/31/1899",
                "MODIFIEDBY": "None",
                "MODIFIEDDA": "12/31/1899",
                "GlobalID": "95080ca4-9d49-405b-996d-3a1543341579"
            },
            "geometry": {
                "type": "Point",
                "coordinates": [
                    -80.489298119999944,
                    25.437927170000023
                ]
            }
        },
        {
            "type": "Feature",
            "properties": {
                "Join_Count": "1",
                "TARGET_FID": "417",
                "Project_Na": "Hazard Mitigation Wind Retrofit Fire Station 2",
                "Latitude": "25.7996492",
                "Longitude": "-80.13041438",
                "City": "Miami Beach",
                "Link_to_Da": "https://www.miamidade.gov/resources/emergency/documents/lms-part-2-the-projects.pdf",
                "Implementa": "Miami Beach",
                "Infrastruc": "Gray",
                "Categories": "Sustainability Initiatives",
                "Disaster_F": "Critical Infrastructure",
                "New_15_25_": "Project details undisclosed",
                "Project_St": "None",
                "Project_En": "None",
                "Project__1": "Completed",
                "Estimated_": "0",
                "Additional": "page 46 of the link",
                "OLD___Brie": "None",
                "MUNICUID": "29",
                "MUNICID": "02",
                "NAME": "MIAMI BEACH",
                "FIPSCODE": "1245025",
                "CREATEDBY": "None",
                "CREATEDDAT": "12/31/1899",
                "MODIFIEDBY": "None",
                "MODIFIEDDA": "12/31/1899",
                "GlobalID": "f01c40cb-77c5-4887-8405-bbaa820b81b4"
            },
            "geometry": {
                "type": "Point",
                "coordinates": [
                    -80.130414379999934,
                    25.799649200000033
                ]
            }
        },
        {
            "type": "Feature",
            "properties": {
                "Join_Count": "1",
                "TARGET_FID": "418",
                "Project_Na": "Hardening of Affordable Housing Neptune Wind Retrofit",
                "Latitude": "25.78990775",
                "Longitude": "-80.13684541",
                "City": "Miami Beach",
                "Link_to_Da": "https://www.miamidade.gov/resources/emergency/documents/lms-part-2-the-projects.pdf",
                "Implementa": "Miami Beach",
                "Infrastruc": "Gray",
                "Categories": "Sustainability Initiatives",
                "Disaster_F": "Critical Infrastructure",
                "New_15_25_": "Project details undisclosed",
                "Project_St": "None",
                "Project_En": "None",
                "Project__1": "Completed",
                "Estimated_": "0",
                "Additional": "page 46 of the link",
                "OLD___Brie": "None",
                "MUNICUID": "29",
                "MUNICID": "02",
                "NAME": "MIAMI BEACH",
                "FIPSCODE": "1245025",
                "CREATEDBY": "None",
                "CREATEDDAT": "12/31/1899",
                "MODIFIEDBY": "None",
                "MODIFIEDDA": "12/31/1899",
                "GlobalID": "f01c40cb-77c5-4887-8405-bbaa820b81b4"
            },
            "geometry": {
                "type": "Point",
                "coordinates": [
                    -80.136845409999978,
                    25.789907750000054
                ]
            }
        },
        {
            "type": "Feature",
            "properties": {
                "Join_Count": "1",
                "TARGET_FID": "419",
                "Project_Na": "Public Works Yard",
                "Latitude": "25.80152366",
                "Longitude": "-80.13159317",
                "City": "Miami Beach",
                "Link_to_Da": "https://www.miamidade.gov/resources/emergency/documents/lms-part-2-the-projects.pdf",
                "Implementa": "Miami Beach",
                "Infrastruc": "Gray",
                "Categories": "Flood Control Infrastructure",
                "Disaster_F": "Flooding",
                "New_15_25_": "Project details undisclosed",
                "Project_St": "None",
                "Project_En": "None",
                "Project__1": "Funding Not Yet Secured",
                "Estimated_": "0",
                "Additional": "page 47 of the link",
                "OLD___Brie": "None",
                "MUNICUID": "29",
                "MUNICID": "02",
                "NAME": "MIAMI BEACH",
                "FIPSCODE": "1245025",
                "CREATEDBY": "None",
                "CREATEDDAT": "12/31/1899",
                "MODIFIEDBY": "None",
                "MODIFIEDDA": "12/31/1899",
                "GlobalID": "f01c40cb-77c5-4887-8405-bbaa820b81b4"
            },
            "geometry": {
                "type": "Point",
                "coordinates": [
                    -80.131593169999974,
                    25.801523660000043
                ]
            }
        },
        {
            "type": "Feature",
            "properties": {
                "Join_Count": "1",
                "TARGET_FID": "420",
                "Project_Na": "Madeleine Village Wind Retrofit & Flood Proofing",
                "Latitude": "25.86431784",
                "Longitude": "-80.12733485",
                "City": "Miami Beach",
                "Link_to_Da": "https://www.miamidade.gov/resources/emergency/documents/lms-part-2-the-projects.pdf",
                "Implementa": "Miami Beach",
                "Infrastruc": "Gray",
                "Categories": "Flood Control Infrastructure",
                "Disaster_F": "Flooding",
                "New_15_25_": "Project details undisclosed",
                "Project_St": "None",
                "Project_En": "None",
                "Project__1": "Ongoing",
                "Estimated_": "0",
                "Additional": "page 47 of the link",
                "OLD___Brie": "None",
                "MUNICUID": "29",
                "MUNICID": "02",
                "NAME": "MIAMI BEACH",
                "FIPSCODE": "1245025",
                "CREATEDBY": "None",
                "CREATEDDAT": "12/31/1899",
                "MODIFIEDBY": "None",
                "MODIFIEDDA": "12/31/1899",
                "GlobalID": "f01c40cb-77c5-4887-8405-bbaa820b81b4"
            },
            "geometry": {
                "type": "Point",
                "coordinates": [
                    -80.127334849999954,
                    25.864317840000069
                ]
            }
        },
        {
            "type": "Feature",
            "properties": {
                "Join_Count": "1",
                "TARGET_FID": "422",
                "Project_Na": "United Way Miami Ansin Building Wind Retrofit (TB)",
                "Latitude": "25.75213036",
                "Longitude": "-80.21350404",
                "City": "Miami",
                "Link_to_Da": "https://www.miamidade.gov/resources/emergency/documents/lms-part-2-the-projects.pdf",
                "Implementa": "United Way",
                "Infrastruc": "Gray",
                "Categories": "Public Facilities",
                "Disaster_F": "Critical Infrastructure",
                "New_15_25_": "Project details undisclosed",
                "Project_St": "None",
                "Project_En": "None",
                "Project__1": "Funding Not Yet Secured",
                "Estimated_": "877027",
                "Additional": "page 47 of the link",
                "OLD___Brie": "None",
                "MUNICUID": "34",
                "MUNICID": "01",
                "NAME": "MIAMI",
                "FIPSCODE": "1245000",
                "CREATEDBY": "None",
                "CREATEDDAT": "12/31/1899",
                "MODIFIEDBY": "None",
                "MODIFIEDDA": "12/31/1899",
                "GlobalID": "df52bf02-7c6d-4658-b2cc-c2ddb8cd5281"
            },
            "geometry": {
                "type": "Point",
                "coordinates": [
                    -80.213504039999975,
                    25.752130360000024
                ]
            }
        },
        {
            "type": "Feature",
            "properties": {
                "Join_Count": "1",
                "TARGET_FID": "424",
                "Project_Na": "NW 171 St and NW 2 Court Drainage Project",
                "Latitude": "25.93168709",
                "Longitude": "-80.20586166",
                "City": "North Miami Beach",
                "Link_to_Da": "https://www.miamidade.gov/resources/emergency/documents/lms-part-2-the-projects.pdf",
                "Implementa": "Miami Gardens",
                "Infrastruc": "Gray",
                "Categories": "Flood Control Infrastructure",
                "Disaster_F": "Flooding",
                "New_15_25_": "Project details undisclosed",
                "Project_St": "2025",
                "Project_En": "None",
                "Project__1": "Funding Secured",
                "Estimated_": "400000",
                "Additional": "page 47 of the link",
                "OLD___Brie": "None",
                "MUNICUID": "5",
                "MUNICID": "34",
                "NAME": "MIAMI GARDENS",
                "FIPSCODE": "1245060",
                "CREATEDBY": "None",
                "CREATEDDAT": "12/31/1899",
                "MODIFIEDBY": "E316899",
                "MODIFIEDDA": "04/21/2022",
                "GlobalID": "b932142c-f9e4-4345-9d40-231f6e4e3d7a"
            },
            "geometry": {
                "type": "Point",
                "coordinates": [
                    -80.205861659999982,
                    25.931687090000025
                ]
            }
        },
        {
            "type": "Feature",
            "properties": {
                "Join_Count": "1",
                "TARGET_FID": "425",
                "Project_Na": "16411 NW 37 Court Drainage Project",
                "Latitude": "25.92339199",
                "Longitude": "-80.26115934",
                "City": "Opa-Locka",
                "Link_to_Da": "https://www.miamidade.gov/resources/emergency/documents/lms-part-2-the-projects.pdf",
                "Implementa": "Miami Gardens",
                "Infrastruc": "Gray",
                "Categories": "Flood Control Infrastructure",
                "Disaster_F": "Flooding",
                "New_15_25_": "Project details undisclosed",
                "Project_St": "2024",
                "Project_En": "None",
                "Project__1": "Funding Secured",
                "Estimated_": "150000",
                "Additional": "page 47 of the link",
                "OLD___Brie": "None",
                "MUNICUID": "5",
                "MUNICID": "34",
                "NAME": "MIAMI GARDENS",
                "FIPSCODE": "1245060",
                "CREATEDBY": "None",
                "CREATEDDAT": "12/31/1899",
                "MODIFIEDBY": "E316899",
                "MODIFIEDDA": "04/21/2022",
                "GlobalID": "b932142c-f9e4-4345-9d40-231f6e4e3d7a"
            },
            "geometry": {
                "type": "Point",
                "coordinates": [
                    -80.261159339999949,
                    25.923391990000027
                ]
            }
        },
        {
            "type": "Feature",
            "properties": {
                "Join_Count": "1",
                "TARGET_FID": "426",
                "Project_Na": "Drainage Improvement Project for NE 189 St from NE 4 CT to NE 6 Ave",
                "Latitude": "25.94877799",
                "Longitude": "-80.19207969",
                "City": "Miami",
                "Link_to_Da": "https://www.miamidade.gov/resources/emergency/documents/lms-part-2-the-projects.pdf",
                "Implementa": "Public Works Miami Dade County",
                "Infrastruc": "Gray",
                "Categories": "Flood Control Infrastructure",
                "Disaster_F": "Flooding",
                "New_15_25_": "Project details undisclosed",
                "Project_St": "2024",
                "Project_En": "None",
                "Project__1": "Funding Not Yet Secured",
                "Estimated_": "715000",
                "Additional": "page 48 of the link",
                "OLD___Brie": "None",
                "MUNICUID": "4",
                "MUNICID": "30",
                "NAME": "UNINCORPORATED MIAMI-DADE",
                "FIPSCODE": "0",
                "CREATEDBY": "E316899",
                "CREATEDDAT": "04/21/2022",
                "MODIFIEDBY": "E316899",
                "MODIFIEDDA": "04/21/2022",
                "GlobalID": "6d57fb7a-ea31-4b13-9e05-3811c3de948f"
            },
            "geometry": {
                "type": "Point",
                "coordinates": [
                    -80.192079689999957,
                    25.948777990000053
                ]
            }
        },
        {
            "type": "Feature",
            "properties": {
                "Join_Count": "1",
                "TARGET_FID": "427",
                "Project_Na": "Storm Water Improvements to the 58th Street Collections Building in Miami- Dade County",
                "Latitude": "25.82744577",
                "Longitude": "-80.34097826",
                "City": "Doral",
                "Link_to_Da": "https://www.miamidade.gov/resources/emergency/documents/lms-part-2-the-projects.pdf",
                "Implementa": "Solid Waste Miami Dade County",
                "Infrastruc": "Hybrid",
                "Categories": "Flood Control Infrastructure",
                "Disaster_F": "Storm Surge",
                "New_15_25_": "Project details undisclosed",
                "Project_St": "2028",
                "Project_En": "None",
                "Project__1": "Funding Not Yet Secured",
                "Estimated_": "1200000",
                "Additional": "page 48 of the link",
                "OLD___Brie": "None",
                "MUNICUID": "1",
                "MUNICID": "30",
                "NAME": "UNINCORPORATED MIAMI-DADE",
                "FIPSCODE": "0",
                "CREATEDBY": "E316899",
                "CREATEDDAT": "06/22/2023",
                "MODIFIEDBY": "E316899",
                "MODIFIEDDA": "06/22/2023",
                "GlobalID": "b0f0eaf9-b39e-4f70-ae21-2ef071a9e234"
            },
            "geometry": {
                "type": "Point",
                "coordinates": [
                    -80.340978259999986,
                    25.827445770000054
                ]
            }
        },
        {
            "type": "Feature",
            "properties": {
                "Join_Count": "1",
                "TARGET_FID": "429",
                "Project_Na": "Recreation Community Center Expansion",
                "Latitude": "25.75449044",
                "Longitude": "-80.29574865",
                "City": "West Miami",
                "Link_to_Da": "https://www.miamidade.gov/resources/emergency/documents/lms-part-2-the-projects.pdf",
                "Implementa": "City of West Miami",
                "Infrastruc": "Gray",
                "Categories": "Flood Control Infrastructure",
                "Disaster_F": "Critical Infrastructure",
                "New_15_25_": "Project details undisclosed",
                "Project_St": "2024",
                "Project_En": "None",
                "Project__1": "Ongoing",
                "Estimated_": "6700000",
                "Additional": "page 49 of the link",
                "OLD___Brie": "None",
                "MUNICUID": "47",
                "MUNICID": "15",
                "NAME": "WEST MIAMI",
                "FIPSCODE": "1276525",
                "CREATEDBY": "None",
                "CREATEDDAT": "12/31/1899",
                "MODIFIEDBY": "None",
                "MODIFIEDDA": "12/31/1899",
                "GlobalID": "5bb52cb6-9dd9-4e79-9ce1-7aff68baa40c"
            },
            "geometry": {
                "type": "Point",
                "coordinates": [
                    -80.29574864999995,
                    25.754490440000041
                ]
            }
        },
        {
            "type": "Feature",
            "properties": {
                "Join_Count": "1",
                "TARGET_FID": "431",
                "Project_Na": "City of Miami Fire Station #13 Flood Mitigation",
                "Latitude": "25.84798803",
                "Longitude": "-80.1766961",
                "City": "Miami",
                "Link_to_Da": "https://www.miamidade.gov/resources/emergency/documents/lms-part-2-the-projects.pdf",
                "Implementa": "City of Miami",
                "Infrastruc": "Gray",
                "Categories": "Flood Control Infrastructure",
                "Disaster_F": "Flooding",
                "New_15_25_": "Project details undisclosed",
                "Project_St": "2024",
                "Project_En": "None",
                "Project__1": "Funding Not Yet Secured",
                "Estimated_": "900000",
                "Additional": "page 49 of the link",
                "OLD___Brie": "None",
                "MUNICUID": "34",
                "MUNICID": "01",
                "NAME": "MIAMI",
                "FIPSCODE": "1245000",
                "CREATEDBY": "None",
                "CREATEDDAT": "12/31/1899",
                "MODIFIEDBY": "None",
                "MODIFIEDDA": "12/31/1899",
                "GlobalID": "df52bf02-7c6d-4658-b2cc-c2ddb8cd5281"
            },
            "geometry": {
                "type": "Point",
                "coordinates": [
                    -80.176696099999958,
                    25.847988030000067
                ]
            }
        },
        {
            "type": "Feature",
            "properties": {
                "Join_Count": "1",
                "TARGET_FID": "432",
                "Project_Na": "Kendall Campus, Building 6 Hurricane Wind Projection",
                "Latitude": "25.67509652",
                "Longitude": "-80.37391843",
                "City": "Miami",
                "Link_to_Da": "https://www.miamidade.gov/resources/emergency/documents/lms-part-2-the-projects.pdf",
                "Implementa": "Miami Dade College",
                "Infrastruc": "Gray",
                "Categories": "Sustainability Initiatives",
                "Disaster_F": "Critical Infrastructure",
                "New_15_25_": "Project details undisclosed",
                "Project_St": "None",
                "Project_En": "None",
                "Project__1": "Funding Not Yet Secured",
                "Estimated_": "2111772",
                "Additional": "page 49 of the link",
                "OLD___Brie": "None",
                "MUNICUID": "1",
                "MUNICID": "30",
                "NAME": "UNINCORPORATED MIAMI-DADE",
                "FIPSCODE": "0",
                "CREATEDBY": "E316899",
                "CREATEDDAT": "06/22/2023",
                "MODIFIEDBY": "E316899",
                "MODIFIEDDA": "06/22/2023",
                "GlobalID": "b0f0eaf9-b39e-4f70-ae21-2ef071a9e234"
            },
            "geometry": {
                "type": "Point",
                "coordinates": [
                    -80.373918429999947,
                    25.675096520000068
                ]
            }
        },
        {
            "type": "Feature",
            "properties": {
                "Join_Count": "1",
                "TARGET_FID": "433",
                "Project_Na": "Miami-Dade County; Chapman Partnership North Hardening, Wind Retrofit-Infrastructure Retrofit",
                "Latitude": "25.78987141",
                "Longitude": "-80.19512805",
                "City": "Miami",
                "Link_to_Da": "https://www.miamidade.gov/resources/emergency/documents/lms-part-2-the-projects.pdf",
                "Implementa": "Homeless Trust",
                "Infrastruc": "Gray",
                "Categories": "Public Facilities",
                "Disaster_F": "Critical Infrastructure",
                "New_15_25_": "Project details undisclosed",
                "Project_St": "None",
                "Project_En": "None",
                "Project__1": "Funding Not Yet Secured",
                "Estimated_": "1296610",
                "Additional": "page 49 of the link",
                "OLD___Brie": "None",
                "MUNICUID": "34",
                "MUNICID": "01",
                "NAME": "MIAMI",
                "FIPSCODE": "1245000",
                "CREATEDBY": "None",
                "CREATEDDAT": "12/31/1899",
                "MODIFIEDBY": "None",
                "MODIFIEDDA": "12/31/1899",
                "GlobalID": "df52bf02-7c6d-4658-b2cc-c2ddb8cd5281"
            },
            "geometry": {
                "type": "Point",
                "coordinates": [
                    -80.195128049999937,
                    25.789871410000046
                ]
            }
        },
        {
            "type": "Feature",
            "properties": {
                "Join_Count": "1",
                "TARGET_FID": "434",
                "Project_Na": "Construct Zone 1 Upgraded Stormwater Infrastructure Outfalls",
                "Latitude": "25.68188439",
                "Longitude": "-80.17110299",
                "City": "Key Biscayne",
                "Link_to_Da": "https://www.miamidade.gov/resources/emergency/documents/lms-part-2-the-projects.pdf",
                "Implementa": "Key Biscayne",
                "Infrastruc": "Gray",
                "Categories": "Flood Control Infrastructure",
                "Disaster_F": "Storm Surge",
                "New_15_25_": "Project details undisclosed",
                "Project_St": "2027",
                "Project_En": "None",
                "Project__1": "Funding Not Yet Secured",
                "Estimated_": "1468202",
                "Additional": "page 50 of the link",
                "OLD___Brie": "None",
                "MUNICUID": "74",
                "MUNICID": "24",
                "NAME": "KEY BISCAYNE",
                "FIPSCODE": "1236300",
                "CREATEDBY": "None",
                "CREATEDDAT": "12/31/1899",
                "MODIFIEDBY": "None",
                "MODIFIEDDA": "12/31/1899",
                "GlobalID": "70964e2b-4266-4df7-b51c-a17364fff5f9"
            },
            "geometry": {
                "type": "Point",
                "coordinates": [
                    -80.171102989999952,
                    25.68188439000005
                ]
            }
        },
        {
            "type": "Feature",
            "properties": {
                "Join_Count": "1",
                "TARGET_FID": "435",
                "Project_Na": "Drainage for Sub-Basin 41",
                "Latitude": "25.60936332",
                "Longitude": "-80.31619432",
                "City": "Palmetto Bay",
                "Link_to_Da": "https://www.miamidade.gov/resources/emergency/documents/lms-part-2-the-projects.pdf",
                "Implementa": "City of Palmetto Bay",
                "Infrastruc": "Gray",
                "Categories": "Flood Control Infrastructure",
                "Disaster_F": "Flooding",
                "New_15_25_": "Project details undisclosed",
                "Project_St": "2024",
                "Project_En": "None",
                "Project__1": "Funding Not Yet Secured",
                "Estimated_": "1270000",
                "Additional": "page 50 of the link",
                "OLD___Brie": "None",
                "MUNICUID": "76",
                "MUNICID": "33",
                "NAME": "PALMETTO BAY",
                "FIPSCODE": "1254275",
                "CREATEDBY": "None",
                "CREATEDDAT": "12/31/1899",
                "MODIFIEDBY": "None",
                "MODIFIEDDA": "12/31/1899",
                "GlobalID": "88d5404d-a956-49f2-b412-d6cc89bfa9e3"
            },
            "geometry": {
                "type": "Point",
                "coordinates": [
                    -80.316194319999966,
                    25.609363320000057
                ]
            }
        },
        {
            "type": "Feature",
            "properties": {
                "Join_Count": "1",
                "TARGET_FID": "436",
                "Project_Na": "Drainage for Sub-Basin 11",
                "Latitude": "25.6251536",
                "Longitude": "-80.34144686",
                "City": "Palmetto Bay",
                "Link_to_Da": "https://www.miamidade.gov/resources/emergency/documents/lms-part-2-the-projects.pdf",
                "Implementa": "City of Palmetto Bay",
                "Infrastruc": "Gray",
                "Categories": "Flood Control Infrastructure",
                "Disaster_F": "Flooding",
                "New_15_25_": "Project details undisclosed",
                "Project_St": "2024",
                "Project_En": "None",
                "Project__1": "Funding Not Yet Secured",
                "Estimated_": "1450000",
                "Additional": "page 50 of the link",
                "OLD___Brie": "None",
                "MUNICUID": "76",
                "MUNICID": "33",
                "NAME": "PALMETTO BAY",
                "FIPSCODE": "1254275",
                "CREATEDBY": "None",
                "CREATEDDAT": "12/31/1899",
                "MODIFIEDBY": "None",
                "MODIFIEDDA": "12/31/1899",
                "GlobalID": "88d5404d-a956-49f2-b412-d6cc89bfa9e3"
            },
            "geometry": {
                "type": "Point",
                "coordinates": [
                    -80.341446859999962,
                    25.625153600000033
                ]
            }
        },
        {
            "type": "Feature",
            "properties": {
                "Join_Count": "1",
                "TARGET_FID": "437",
                "Project_Na": "Miami Dade NW 39 St from NW 29 Ave to 30 Ave Drainage Improvement",
                "Latitude": "25.81153151",
                "Longitude": "-80.24240573",
                "City": "Miami",
                "Link_to_Da": "https://www.miamidade.gov/resources/emergency/documents/lms-part-2-the-projects.pdf",
                "Implementa": "Public Works Miami Dade County",
                "Infrastruc": "Gray",
                "Categories": "Flood Control Infrastructure",
                "Disaster_F": "Flooding",
                "New_15_25_": "Project details undisclosed",
                "Project_St": "2024",
                "Project_En": "None",
                "Project__1": "Funding Not Yet Secured",
                "Estimated_": "1500000",
                "Additional": "page 50 of the link",
                "OLD___Brie": "None",
                "MUNICUID": "22",
                "MUNICID": "30",
                "NAME": "UNINCORPORATED MIAMI-DADE",
                "FIPSCODE": "0",
                "CREATEDBY": "None",
                "CREATEDDAT": "12/31/1899",
                "MODIFIEDBY": "E316899",
                "MODIFIEDDA": "03/03/2021",
                "GlobalID": "b9495799-1efe-4c6b-a3e0-99de4b6c4a87"
            },
            "geometry": {
                "type": "Point",
                "coordinates": [
                    -80.242405729999973,
                    25.811531510000066
                ]
            }
        },
        {
            "type": "Feature",
            "properties": {
                "Join_Count": "1",
                "TARGET_FID": "438",
                "Project_Na": "NW 7 Street (Midway Pump Station) Improvements",
                "Latitude": "25.77803811",
                "Longitude": "-80.29493802",
                "City": "Miami",
                "Link_to_Da": "https://www.miamidade.gov/resources/emergency/documents/lms-part-2-the-projects.pdf",
                "Implementa": "Public Works Miami Dade County",
                "Infrastruc": "Hybrid",
                "Categories": "Flood Control Infrastructure",
                "Disaster_F": "Flooding",
                "New_15_25_": "Project details undisclosed",
                "Project_St": "2024",
                "Project_En": "None",
                "Project__1": "Funding Not Yet Secured",
                "Estimated_": "1500000",
                "Additional": "page 50 of the link",
                "OLD___Brie": "None",
                "MUNICUID": "34",
                "MUNICID": "01",
                "NAME": "MIAMI",
                "FIPSCODE": "1245000",
                "CREATEDBY": "None",
                "CREATEDDAT": "12/31/1899",
                "MODIFIEDBY": "None",
                "MODIFIEDDA": "12/31/1899",
                "GlobalID": "df52bf02-7c6d-4658-b2cc-c2ddb8cd5281"
            },
            "geometry": {
                "type": "Point",
                "coordinates": [
                    -80.294938019999961,
                    25.778038110000068
                ]
            }
        },
        {
            "type": "Feature",
            "properties": {
                "Join_Count": "1",
                "TARGET_FID": "439",
                "Project_Na": "Lakes by the Bay Basin Design",
                "Latitude": "25.57171775",
                "Longitude": "-80.33179384",
                "City": "Cutler Bay",
                "Link_to_Da": "https://www.miamidade.gov/resources/emergency/documents/lms-part-2-the-projects.pdf",
                "Implementa": "City of Cutler Bay",
                "Infrastruc": "Gray",
                "Categories": "Flood Control Infrastructure",
                "Disaster_F": "Critical Infrastructure",
                "New_15_25_": "Project details undisclosed",
                "Project_St": "2024",
                "Project_En": "2025",
                "Project__1": "Funding Not Yet Secured",
                "Estimated_": "10052509",
                "Additional": "page 50 of the link",
                "OLD___Brie": "None",
                "MUNICUID": "77",
                "MUNICID": "36",
                "NAME": "CUTLER BAY",
                "FIPSCODE": "1215968",
                "CREATEDBY": "None",
                "CREATEDDAT": "12/31/1899",
                "MODIFIEDBY": "None",
                "MODIFIEDDA": "12/31/1899",
                "GlobalID": "706f6e89-d110-4e47-ad52-d8aecc500d1b"
            },
            "geometry": {
                "type": "Point",
                "coordinates": [
                    -80.331793839999989,
                    25.571717750000062
                ]
            }
        },
        {
            "type": "Feature",
            "properties": {
                "Join_Count": "1",
                "TARGET_FID": "441",
                "Project_Na": "Jackson Memorial Hospital Solar and Generator Project",
                "Latitude": "25.79247697",
                "Longitude": "-80.2131846",
                "City": "Miami",
                "Link_to_Da": "https://www.miamidade.gov/resources/emergency/documents/lms-part-2-the-projects.pdf",
                "Implementa": "Jackson Health Systems Miami Dade County Public Health Trust",
                "Infrastruc": "Gray",
                "Categories": "Sustainability Initiatives",
                "Disaster_F": "Critical Infrastructure",
                "New_15_25_": "Project details undisclosed",
                "Project_St": "2024",
                "Project_En": "None",
                "Project__1": "Funding Not Yet Secured",
                "Estimated_": "12000000",
                "Additional": "page 51 of the link",
                "OLD___Brie": "None",
                "MUNICUID": "34",
                "MUNICID": "01",
                "NAME": "MIAMI",
                "FIPSCODE": "1245000",
                "CREATEDBY": "None",
                "CREATEDDAT": "12/31/1899",
                "MODIFIEDBY": "None",
                "MODIFIEDDA": "12/31/1899",
                "GlobalID": "df52bf02-7c6d-4658-b2cc-c2ddb8cd5281"
            },
            "geometry": {
                "type": "Point",
                "coordinates": [
                    -80.213184599999977,
                    25.792476970000052
                ]
            }
        },
        {
            "type": "Feature",
            "properties": {
                "Join_Count": "1",
                "TARGET_FID": "443",
                "Project_Na": "Jackson Health System Information Technology Security Project",
                "Latitude": "25.79105703",
                "Longitude": "-80.21216069",
                "City": "Miami",
                "Link_to_Da": "https://www.miamidade.gov/resources/emergency/documents/lms-part-2-the-projects.pdf",
                "Implementa": "Jackson Health Systems Miami Dade County Public Health Trust",
                "Infrastruc": "Gray",
                "Categories": "Public Facilities",
                "Disaster_F": "Critical Infrastructure",
                "New_15_25_": "Project details undisclosed",
                "Project_St": "2024",
                "Project_En": "None",
                "Project__1": "Funding Not Yet Secured",
                "Estimated_": "16000000",
                "Additional": "page 51 of the link",
                "OLD___Brie": "None",
                "MUNICUID": "34",
                "MUNICID": "01",
                "NAME": "MIAMI",
                "FIPSCODE": "1245000",
                "CREATEDBY": "None",
                "CREATEDDAT": "12/31/1899",
                "MODIFIEDBY": "None",
                "MODIFIEDDA": "12/31/1899",
                "GlobalID": "df52bf02-7c6d-4658-b2cc-c2ddb8cd5281"
            },
            "geometry": {
                "type": "Point",
                "coordinates": [
                    -80.212160689999962,
                    25.791057030000047
                ]
            }
        },
        {
            "type": "Feature",
            "properties": {
                "Join_Count": "1",
                "TARGET_FID": "444",
                "Project_Na": "Jackson Memorial Hospital Wind Retrofit and Rollup Doors Project",
                "Latitude": "25.79247697",
                "Longitude": "-80.2131846",
                "City": "Miami",
                "Link_to_Da": "https://www.miamidade.gov/resources/emergency/documents/lms-part-2-the-projects.pdf",
                "Implementa": "Jackson Health Systems Miami Dade County Public Health Trust",
                "Infrastruc": "Gray",
                "Categories": "Public Facilities",
                "Disaster_F": "Critical Infrastructure",
                "New_15_25_": "Project details undisclosed",
                "Project_St": "2024",
                "Project_En": "None",
                "Project__1": "Funding Not Yet Secured",
                "Estimated_": "8000000",
                "Additional": "page 51 of the link",
                "OLD___Brie": "None",
                "MUNICUID": "34",
                "MUNICID": "01",
                "NAME": "MIAMI",
                "FIPSCODE": "1245000",
                "CREATEDBY": "None",
                "CREATEDDAT": "12/31/1899",
                "MODIFIEDBY": "None",
                "MODIFIEDDA": "12/31/1899",
                "GlobalID": "df52bf02-7c6d-4658-b2cc-c2ddb8cd5281"
            },
            "geometry": {
                "type": "Point",
                "coordinates": [
                    -80.213184599999977,
                    25.792476970000052
                ]
            }
        },
        {
            "type": "Feature",
            "properties": {
                "Join_Count": "1",
                "TARGET_FID": "445",
                "Project_Na": "MDFR (RWD) Retrofit at Stations #14, 43, and 50",
                "Latitude": "25.70600845",
                "Longitude": "-80.28846167",
                "City": "Miami-Dade County",
                "Link_to_Da": "https://www.miamidade.gov/resources/emergency/documents/lms-part-2-the-projects.pdf",
                "Implementa": "Fire Rescue Miami Dade County",
                "Infrastruc": "Gray",
                "Categories": "Flood Control Infrastructure",
                "Disaster_F": "Critical Infrastructure",
                "New_15_25_": "Project details undisclosed",
                "Project_St": "2024",
                "Project_En": "2027",
                "Project__1": "Funding Not Yet Secured",
                "Estimated_": "2315550",
                "Additional": "page 52 of the link",
                "OLD___Brie": "None",
                "MUNICUID": "69",
                "MUNICID": "09",
                "NAME": "SOUTH MIAMI",
                "FIPSCODE": "1267550",
                "CREATEDBY": "None",
                "CREATEDDAT": "12/31/1899",
                "MODIFIEDBY": "None",
                "MODIFIEDDA": "12/31/1899",
                "GlobalID": "469b1b5f-a0d3-4fbc-9ae6-550905d80a00"
            },
            "geometry": {
                "type": "Point",
                "coordinates": [
                    -80.288461669999947,
                    25.70600845000007
                ]
            }
        },
        {
            "type": "Feature",
            "properties": {
                "Join_Count": "1",
                "TARGET_FID": "446",
                "Project_Na": "MDFR (WD) Retrofit at Stations #48, 52, 55, 57, 65, and 66",
                "Latitude": "25.79109813",
                "Longitude": "-80.33875904",
                "City": "Miami-Dade County",
                "Link_to_Da": "https://www.miamidade.gov/resources/emergency/documents/lms-part-2-the-projects.pdf",
                "Implementa": "Fire Rescue Miami Dade County",
                "Infrastruc": "Gray",
                "Categories": "Flood Control Infrastructure",
                "Disaster_F": "Critical Infrastructure",
                "New_15_25_": "Project details undisclosed",
                "Project_St": "2024",
                "Project_En": "2027",
                "Project__1": "Funding Not Yet Secured",
                "Estimated_": "2785944",
                "Additional": "page 52 of the link",
                "OLD___Brie": "None",
                "MUNICUID": "35",
                "MUNICID": "35",
                "NAME": "DORAL",
                "FIPSCODE": "1217935",
                "CREATEDBY": "None",
                "CREATEDDAT": "12/31/1899",
                "MODIFIEDBY": "E316899",
                "MODIFIEDDA": "06/22/2023",
                "GlobalID": "dd966362-75a1-4e39-ae1e-faeb196f814c"
            },
            "geometry": {
                "type": "Point",
                "coordinates": [
                    -80.338759039999957,
                    25.791098130000023
                ]
            }
        },
        {
            "type": "Feature",
            "properties": {
                "Join_Count": "1",
                "TARGET_FID": "447",
                "Project_Na": "Jackson Memorial Hospital Geothermal Chiller Cooling",
                "Latitude": "25.79210005",
                "Longitude": "-80.21251329",
                "City": "Miami",
                "Link_to_Da": "https://www.miamidade.gov/resources/emergency/documents/lms-part-2-the-projects.pdf",
                "Implementa": "Jackson Health Systems Miami Dade County Public Health Trust",
                "Infrastruc": "Gray",
                "Categories": "Public Facilities",
                "Disaster_F": "Critical Infrastructure",
                "New_15_25_": "Project details undisclosed",
                "Project_St": "2024",
                "Project_En": "None",
                "Project__1": "Funding Not Yet Secured",
                "Estimated_": "6000000",
                "Additional": "page 52 of the link",
                "OLD___Brie": "None",
                "MUNICUID": "34",
                "MUNICID": "01",
                "NAME": "MIAMI",
                "FIPSCODE": "1245000",
                "CREATEDBY": "None",
                "CREATEDDAT": "12/31/1899",
                "MODIFIEDBY": "None",
                "MODIFIEDDA": "12/31/1899",
                "GlobalID": "df52bf02-7c6d-4658-b2cc-c2ddb8cd5281"
            },
            "geometry": {
                "type": "Point",
                "coordinates": [
                    -80.212513289999947,
                    25.792100050000045
                ]
            }
        },
        {
            "type": "Feature",
            "properties": {
                "Join_Count": "1",
                "TARGET_FID": "448",
                "Project_Na": "Miami-Dade County Miami River Canal C-6 Basin Improvements Project Phase 2 (Secondary Canals)",
                "Latitude": "25.82502929",
                "Longitude": "-80.28417499",
                "City": "Miami Springs",
                "Link_to_Da": "https://www.miamidade.gov/resources/emergency/documents/lms-part-2-the-projects.pdf",
                "Implementa": "Regulatory and Economic Resources",
                "Infrastruc": "Gray",
                "Categories": "Flood Control Infrastructure",
                "Disaster_F": "Flooding",
                "New_15_25_": "Project details undisclosed",
                "Project_St": "2029",
                "Project_En": "None",
                "Project__1": "Funding Not Yet Secured",
                "Estimated_": "17500000",
                "Additional": "page 52 of the link",
                "OLD___Brie": "None",
                "MUNICUID": "40",
                "MUNICID": "05",
                "NAME": "MIAMI SPRINGS",
                "FIPSCODE": "1245200",
                "CREATEDBY": "None",
                "CREATEDDAT": "12/31/1899",
                "MODIFIEDBY": "None",
                "MODIFIEDDA": "12/31/1899",
                "GlobalID": "c15d42af-b6aa-4fcc-92fa-3234842e7e00"
            },
            "geometry": {
                "type": "Point",
                "coordinates": [
                    -80.28417498999994,
                    25.825029290000032
                ]
            }
        },
        {
            "type": "Feature",
            "properties": {
                "Join_Count": "1",
                "TARGET_FID": "449",
                "Project_Na": "Miami-Dade County Snake Creek Canal C-9 Basin Improvements Project Phase 3 (Secondary Canals)",
                "Latitude": "25.96147186",
                "Longitude": "-80.24682025",
                "City": "Miami Gardens",
                "Link_to_Da": "https://www.miamidade.gov/resources/emergency/documents/lms-part-2-the-projects.pdf",
                "Implementa": "Regulatory and Economic Resources",
                "Infrastruc": "Gray",
                "Categories": "Flood Control Infrastructure",
                "Disaster_F": "Flooding",
                "New_15_25_": "Project details undisclosed",
                "Project_St": "2029",
                "Project_En": "None",
                "Project__1": "Funding Not Yet Secured",
                "Estimated_": "11000000",
                "Additional": "page 52 of the link",
                "OLD___Brie": "None",
                "MUNICUID": "5",
                "MUNICID": "34",
                "NAME": "MIAMI GARDENS",
                "FIPSCODE": "1245060",
                "CREATEDBY": "None",
                "CREATEDDAT": "12/31/1899",
                "MODIFIEDBY": "E316899",
                "MODIFIEDDA": "04/21/2022",
                "GlobalID": "b932142c-f9e4-4345-9d40-231f6e4e3d7a"
            },
            "geometry": {
                "type": "Point",
                "coordinates": [
                    -80.246820249999985,
                    25.961471860000074
                ]
            }
        },
        {
            "type": "Feature",
            "properties": {
                "Join_Count": "1",
                "TARGET_FID": "450",
                "Project_Na": "Stormwater Improvements-Northeast Transfer Station Phase II",
                "Latitude": "25.94786046",
                "Longitude": "-80.18790693",
                "City": "Miami-Dade County",
                "Link_to_Da": "https://www.miamidade.gov/resources/emergency/documents/lms-part-2-the-projects.pdf",
                "Implementa": "Solid Waste Miami-Dade County",
                "Infrastruc": "Gray",
                "Categories": "Flood Control Infrastructure",
                "Disaster_F": "Storm Surge",
                "New_15_25_": "Project details undisclosed",
                "Project_St": "2028",
                "Project_En": "None",
                "Project__1": "Funding Not Yet Secured",
                "Estimated_": "700000",
                "Additional": "page 53 of the link",
                "OLD___Brie": "None",
                "MUNICUID": "4",
                "MUNICID": "30",
                "NAME": "UNINCORPORATED MIAMI-DADE",
                "FIPSCODE": "0",
                "CREATEDBY": "E316899",
                "CREATEDDAT": "04/21/2022",
                "MODIFIEDBY": "E316899",
                "MODIFIEDDA": "04/21/2022",
                "GlobalID": "6d57fb7a-ea31-4b13-9e05-3811c3de948f"
            },
            "geometry": {
                "type": "Point",
                "coordinates": [
                    -80.18790692999994,
                    25.947860460000072
                ]
            }
        },
        {
            "type": "Feature",
            "properties": {
                "Join_Count": "1",
                "TARGET_FID": "451",
                "Project_Na": "Stormwater Improvements-West Transfer Station Phase II",
                "Latitude": "25.74480181",
                "Longitude": "-80.31226868",
                "City": "Miami",
                "Link_to_Da": "https://www.miamidade.gov/resources/emergency/documents/lms-part-2-the-projects.pdf",
                "Implementa": "Solid Waste Miami-Dade County",
                "Infrastruc": "Gray",
                "Categories": "Flood Control Infrastructure",
                "Disaster_F": "Storm Surge",
                "New_15_25_": "Project details undisclosed",
                "Project_St": "2028",
                "Project_En": "None",
                "Project__1": "Funding Not Yet Secured",
                "Estimated_": "700000",
                "Additional": "page 53 of the link",
                "OLD___Brie": "None",
                "MUNICUID": "1",
                "MUNICID": "30",
                "NAME": "UNINCORPORATED MIAMI-DADE",
                "FIPSCODE": "0",
                "CREATEDBY": "E316899",
                "CREATEDDAT": "06/22/2023",
                "MODIFIEDBY": "E316899",
                "MODIFIEDDA": "06/22/2023",
                "GlobalID": "b0f0eaf9-b39e-4f70-ae21-2ef071a9e234"
            },
            "geometry": {
                "type": "Point",
                "coordinates": [
                    -80.312268679999988,
                    25.74480181000007
                ]
            }
        },
        {
            "type": "Feature",
            "properties": {
                "Join_Count": "1",
                "TARGET_FID": "452",
                "Project_Na": "MDFR HQ Windows/Glass Replacement",
                "Latitude": "25.81035151",
                "Longitude": "-80.3488701",
                "City": "Doral",
                "Link_to_Da": "https://www.miamidade.gov/resources/emergency/documents/lms-part-2-the-projects.pdf",
                "Implementa": "Fire Rescue Miami Dade County",
                "Infrastruc": "Gray",
                "Categories": "Public Facilities",
                "Disaster_F": "Critical Infrastructure",
                "New_15_25_": "Project details undisclosed",
                "Project_St": "2024",
                "Project_En": "2025",
                "Project__1": "Funding Not Yet Secured",
                "Estimated_": "1000000",
                "Additional": "page 53 of the link",
                "OLD___Brie": "None",
                "MUNICUID": "35",
                "MUNICID": "35",
                "NAME": "DORAL",
                "FIPSCODE": "1217935",
                "CREATEDBY": "None",
                "CREATEDDAT": "12/31/1899",
                "MODIFIEDBY": "E316899",
                "MODIFIEDDA": "06/22/2023",
                "GlobalID": "dd966362-75a1-4e39-ae1e-faeb196f814c"
            },
            "geometry": {
                "type": "Point",
                "coordinates": [
                    -80.348870099999942,
                    25.810351510000032
                ]
            }
        },
        {
            "type": "Feature",
            "properties": {
                "Join_Count": "1",
                "TARGET_FID": "453",
                "Project_Na": "Par 3/Bayshore Park Retention Lake",
                "Latitude": "25.80318891",
                "Longitude": "-80.13138486",
                "City": "Miami Beach",
                "Link_to_Da": "https://www.miamidade.gov/resources/emergency/documents/lms-part-2-the-projects.pdf",
                "Implementa": "Miami Beach",
                "Infrastruc": "Blue",
                "Categories": "Flood Control Infrastructure",
                "Disaster_F": "Flooding",
                "New_15_25_": "Project details undisclosed",
                "Project_St": "2025",
                "Project_En": "2026",
                "Project__1": "Funding Secured",
                "Estimated_": "0",
                "Additional": "page 53 of the link",
                "OLD___Brie": "None",
                "MUNICUID": "29",
                "MUNICID": "02",
                "NAME": "MIAMI BEACH",
                "FIPSCODE": "1245025",
                "CREATEDBY": "None",
                "CREATEDDAT": "12/31/1899",
                "MODIFIEDBY": "None",
                "MODIFIEDDA": "12/31/1899",
                "GlobalID": "f01c40cb-77c5-4887-8405-bbaa820b81b4"
            },
            "geometry": {
                "type": "Point",
                "coordinates": [
                    -80.131384859999969,
                    25.803188910000074
                ]
            }
        },
        {
            "type": "Feature",
            "properties": {
                "Join_Count": "1",
                "TARGET_FID": "454",
                "Project_Na": "First Street Neighborhood Improvement Project",
                "Latitude": "25.76999026",
                "Longitude": "-80.13525395",
                "City": "Miami Beach",
                "Link_to_Da": "https://www.miamidade.gov/resources/emergency/documents/lms-part-2-the-projects.pdf",
                "Implementa": "Miami Beach",
                "Infrastruc": "Gray",
                "Categories": "Flood Control Infrastructure",
                "Disaster_F": "Critical Infrastructure",
                "New_15_25_": "Project details undisclosed",
                "Project_St": "None",
                "Project_En": "None",
                "Project__1": "Funding Not Yet Secured",
                "Estimated_": "0",
                "Additional": "page 53 of the link",
                "OLD___Brie": "None",
                "MUNICUID": "29",
                "MUNICID": "02",
                "NAME": "MIAMI BEACH",
                "FIPSCODE": "1245025",
                "CREATEDBY": "None",
                "CREATEDDAT": "12/31/1899",
                "MODIFIEDBY": "None",
                "MODIFIEDDA": "12/31/1899",
                "GlobalID": "f01c40cb-77c5-4887-8405-bbaa820b81b4"
            },
            "geometry": {
                "type": "Point",
                "coordinates": [
                    -80.135253949999935,
                    25.769990260000043
                ]
            }
        },
        {
            "type": "Feature",
            "properties": {
                "Join_Count": "1",
                "TARGET_FID": "455",
                "Project_Na": "Mitigation of Air Rescue Helicopter Hangers Air Rescue North",
                "Latitude": "25.90936882",
                "Longitude": "-80.27662285",
                "City": "Opa-Locka",
                "Link_to_Da": "https://www.miamidade.gov/resources/emergency/documents/lms-part-2-the-projects.pdf",
                "Implementa": "Fire Rescue Miami Dade County",
                "Infrastruc": "Gray",
                "Categories": "Sustainability Initiatives",
                "Disaster_F": "Critical Infrastructure",
                "New_15_25_": "Project details undisclosed",
                "Project_St": "2024",
                "Project_En": "2025",
                "Project__1": "Funding Not Yet Secured",
                "Estimated_": "1500000",
                "Additional": "page 53 of the link",
                "OLD___Brie": "None",
                "MUNICUID": "16",
                "MUNICID": "30",
                "NAME": "UNINCORPORATED MIAMI-DADE",
                "FIPSCODE": "0",
                "CREATEDBY": "None",
                "CREATEDDAT": "12/31/1899",
                "MODIFIEDBY": "None",
                "MODIFIEDDA": "12/31/1899",
                "GlobalID": "e9e94b3e-fba9-4def-ac3b-ffb9d5c66170"
            },
            "geometry": {
                "type": "Point",
                "coordinates": [
                    -80.276622849999967,
                    25.909368820000054
                ]
            }
        },
        {
            "type": "Feature",
            "properties": {
                "Join_Count": "1",
                "TARGET_FID": "457",
                "Project_Na": "Miami-Dade County, MDFR HQ Storm Water Mitigation and Drainage System",
                "Latitude": "25.81035151",
                "Longitude": "-80.3488701",
                "City": "Doral",
                "Link_to_Da": "https://www.miamidade.gov/resources/emergency/documents/lms-part-2-the-projects.pdf",
                "Implementa": "Fire Rescue Miami Dade County",
                "Infrastruc": "Gray",
                "Categories": "Flood Control Infrastructure",
                "Disaster_F": "Flooding",
                "New_15_25_": "Project details undisclosed",
                "Project_St": "2024",
                "Project_En": "2027",
                "Project__1": "Funding Not Yet Secured",
                "Estimated_": "2500000",
                "Additional": "page 54 of the link",
                "OLD___Brie": "None",
                "MUNICUID": "35",
                "MUNICID": "35",
                "NAME": "DORAL",
                "FIPSCODE": "1217935",
                "CREATEDBY": "None",
                "CREATEDDAT": "12/31/1899",
                "MODIFIEDBY": "E316899",
                "MODIFIEDDA": "06/22/2023",
                "GlobalID": "dd966362-75a1-4e39-ae1e-faeb196f814c"
            },
            "geometry": {
                "type": "Point",
                "coordinates": [
                    -80.348870099999942,
                    25.810351510000032
                ]
            }
        },
        {
            "type": "Feature",
            "properties": {
                "Join_Count": "1",
                "TARGET_FID": "458",
                "Project_Na": "Commerce Way Drainage Improvements",
                "Latitude": "25.90235399",
                "Longitude": "-80.33444189",
                "City": "Miami Lakes",
                "Link_to_Da": "https://www.miamidade.gov/resources/emergency/documents/lms-part-2-the-projects.pdf",
                "Implementa": "City of Miami Lakes",
                "Infrastruc": "Gray",
                "Categories": "Flood Control Infrastructure",
                "Disaster_F": "Flooding",
                "New_15_25_": "Project details undisclosed",
                "Project_St": "None",
                "Project_En": "None",
                "Project__1": "Completed",
                "Estimated_": "2900000",
                "Additional": "page 54 of the link",
                "OLD___Brie": "None",
                "MUNICUID": "12",
                "MUNICID": "32",
                "NAME": "MIAMI LAKES",
                "FIPSCODE": "1245100",
                "CREATEDBY": "None",
                "CREATEDDAT": "12/31/1899",
                "MODIFIEDBY": "None",
                "MODIFIEDDA": "12/31/1899",
                "GlobalID": "64025d22-0892-413b-a900-44d95adcb381"
            },
            "geometry": {
                "type": "Point",
                "coordinates": [
                    -80.334441889999937,
                    25.902353990000051
                ]
            }
        },
        {
            "type": "Feature",
            "properties": {
                "Join_Count": "1",
                "TARGET_FID": "459",
                "Project_Na": "Upgrade of Pump Station 137 Â Mashta Island",
                "Latitude": "25.6844606",
                "Longitude": "-80.17114976",
                "City": "Miami",
                "Link_to_Da": "https://www.miamidade.gov/resources/emergency/documents/lms-part-2-the-projects.pdf",
                "Implementa": "Water and Sewer Miami Dade County",
                "Infrastruc": "Gray",
                "Categories": "Flood Control Infrastructure",
                "Disaster_F": "Flooding",
                "New_15_25_": "Project details undisclosed",
                "Project_St": "None",
                "Project_En": "None",
                "Project__1": "Completed",
                "Estimated_": "3000000",
                "Additional": "page 54 of the link",
                "OLD___Brie": "None",
                "MUNICUID": "74",
                "MUNICID": "24",
                "NAME": "KEY BISCAYNE",
                "FIPSCODE": "1236300",
                "CREATEDBY": "None",
                "CREATEDDAT": "12/31/1899",
                "MODIFIEDBY": "None",
                "MODIFIEDDA": "12/31/1899",
                "GlobalID": "70964e2b-4266-4df7-b51c-a17364fff5f9"
            },
            "geometry": {
                "type": "Point",
                "coordinates": [
                    -80.171149759999935,
                    25.684460600000023
                ]
            }
        },
        {
            "type": "Feature",
            "properties": {
                "Join_Count": "1",
                "TARGET_FID": "460",
                "Project_Na": "Granada Pro Shop Hurricane Mitigation - Impact Windows",
                "Latitude": "25.75266382",
                "Longitude": "-80.27465899",
                "City": "Coral Gables",
                "Link_to_Da": "https://www.miamidade.gov/resources/emergency/documents/lms-part-2-the-projects.pdf",
                "Implementa": "City of Coral Gables",
                "Infrastruc": "Gray",
                "Categories": "Sustainability Initiatives",
                "Disaster_F": "Critical Infrastructure",
                "New_15_25_": "Project details undisclosed",
                "Project_St": "None",
                "Project_En": "None",
                "Project__1": "Completed",
                "Estimated_": "150000",
                "Additional": "page 54 of the link",
                "OLD___Brie": "None",
                "MUNICUID": "43",
                "MUNICID": "03",
                "NAME": "CORAL GABLES",
                "FIPSCODE": "1214250",
                "CREATEDBY": "None",
                "CREATEDDAT": "12/31/1899",
                "MODIFIEDBY": "None",
                "MODIFIEDDA": "12/31/1899",
                "GlobalID": "739e5868-6d18-4337-8ca7-22fcd511dbd7"
            },
            "geometry": {
                "type": "Point",
                "coordinates": [
                    -80.274658989999978,
                    25.752663820000066
                ]
            }
        },
        {
            "type": "Feature",
            "properties": {
                "Join_Count": "1",
                "TARGET_FID": "461",
                "Project_Na": "Pump Station Cocoplum 1 Emergency Generator",
                "Latitude": "25.69980936",
                "Longitude": "-80.25386197",
                "City": "Coral Gables",
                "Link_to_Da": "https://www.miamidade.gov/resources/emergency/documents/lms-part-2-the-projects.pdf",
                "Implementa": "City of Coral Gables",
                "Infrastruc": "Gray",
                "Categories": "Sustainability Initiatives",
                "Disaster_F": "Critical Infrastructure",
                "New_15_25_": "Project details undisclosed",
                "Project_St": "2020",
                "Project_En": "None",
                "Project__1": "Completed",
                "Estimated_": "0",
                "Additional": "page 54 of the link",
                "OLD___Brie": "None",
                "MUNICUID": "43",
                "MUNICID": "03",
                "NAME": "CORAL GABLES",
                "FIPSCODE": "1214250",
                "CREATEDBY": "None",
                "CREATEDDAT": "12/31/1899",
                "MODIFIEDBY": "None",
                "MODIFIEDDA": "12/31/1899",
                "GlobalID": "739e5868-6d18-4337-8ca7-22fcd511dbd7"
            },
            "geometry": {
                "type": "Point",
                "coordinates": [
                    -80.253861969999946,
                    25.699809360000074
                ]
            }
        },
        {
            "type": "Feature",
            "properties": {
                "Join_Count": "1",
                "TARGET_FID": "462",
                "Project_Na": "North Campus, bldg. 900 Hurricane Protection",
                "Latitude": "25.87731852",
                "Longitude": "-80.24571037",
                "City": "Miami",
                "Link_to_Da": "https://www.miamidade.gov/resources/emergency/documents/lms-part-2-the-projects.pdf",
                "Implementa": "Miami Dade College",
                "Infrastruc": "Gray",
                "Categories": "Sustainability Initiatives",
                "Disaster_F": "Critical Infrastructure",
                "New_15_25_": "Project details undisclosed",
                "Project_St": "None",
                "Project_En": "None",
                "Project__1": "Completed",
                "Estimated_": "55052",
                "Additional": "page 55 of the link",
                "OLD___Brie": "None",
                "MUNICUID": "22",
                "MUNICID": "30",
                "NAME": "UNINCORPORATED MIAMI-DADE",
                "FIPSCODE": "0",
                "CREATEDBY": "None",
                "CREATEDDAT": "12/31/1899",
                "MODIFIEDBY": "E316899",
                "MODIFIEDDA": "03/03/2021",
                "GlobalID": "b9495799-1efe-4c6b-a3e0-99de4b6c4a87"
            },
            "geometry": {
                "type": "Point",
                "coordinates": [
                    -80.245710369999983,
                    25.877318520000074
                ]
            }
        },
        {
            "type": "Feature",
            "properties": {
                "Join_Count": "1",
                "TARGET_FID": "463",
                "Project_Na": "Kendall Campus Bldg. 9000",
                "Latitude": "25.67558387",
                "Longitude": "-80.37228845",
                "City": "Miami",
                "Link_to_Da": "https://www.miamidade.gov/resources/emergency/documents/lms-part-2-the-projects.pdf",
                "Implementa": "Miami Dade College",
                "Infrastruc": "Gray",
                "Categories": "Sustainability Initiatives",
                "Disaster_F": "Critical Infrastructure",
                "New_15_25_": "Project details undisclosed",
                "Project_St": "2024",
                "Project_En": "2025",
                "Project__1": "Completed",
                "Estimated_": "206521",
                "Additional": "page 55 of the link",
                "OLD___Brie": "None",
                "MUNICUID": "1",
                "MUNICID": "30",
                "NAME": "UNINCORPORATED MIAMI-DADE",
                "FIPSCODE": "0",
                "CREATEDBY": "E316899",
                "CREATEDDAT": "06/22/2023",
                "MODIFIEDBY": "E316899",
                "MODIFIEDDA": "06/22/2023",
                "GlobalID": "b0f0eaf9-b39e-4f70-ae21-2ef071a9e234"
            },
            "geometry": {
                "type": "Point",
                "coordinates": [
                    -80.372288449999985,
                    25.675583870000025
                ]
            }
        },
        {
            "type": "Feature",
            "properties": {
                "Join_Count": "1",
                "TARGET_FID": "464",
                "Project_Na": "North Central Library Hardening Project",
                "Latitude": "25.86182627",
                "Longitude": "-80.24277151",
                "City": "Miami",
                "Link_to_Da": "https://www.miamidade.gov/resources/emergency/documents/lms-part-2-the-projects.pdf",
                "Implementa": "Libraries Miami Dade County",
                "Infrastruc": "Gray",
                "Categories": "Sustainability Initiatives",
                "Disaster_F": "Critical Infrastructure",
                "New_15_25_": "Project details undisclosed",
                "Project_St": "None",
                "Project_En": "None",
                "Project__1": "Completed",
                "Estimated_": "35293",
                "Additional": "page 55 of the link",
                "OLD___Brie": "None",
                "MUNICUID": "22",
                "MUNICID": "30",
                "NAME": "UNINCORPORATED MIAMI-DADE",
                "FIPSCODE": "0",
                "CREATEDBY": "None",
                "CREATEDDAT": "12/31/1899",
                "MODIFIEDBY": "E316899",
                "MODIFIEDDA": "03/03/2021",
                "GlobalID": "b9495799-1efe-4c6b-a3e0-99de4b6c4a87"
            },
            "geometry": {
                "type": "Point",
                "coordinates": [
                    -80.242771509999955,
                    25.861826270000051
                ]
            }
        },
        {
            "type": "Feature",
            "properties": {
                "Join_Count": "1",
                "TARGET_FID": "465",
                "Project_Na": "South Dade Regional Installation of Roof Replacement and Impact Windows Storefront",
                "Latitude": "25.57112693",
                "Longitude": "-80.36557825",
                "City": "Cutler Bay",
                "Link_to_Da": "https://www.miamidade.gov/resources/emergency/documents/lms-part-2-the-projects.pdf",
                "Implementa": "Libraries Miami Dade County",
                "Infrastruc": "Gray",
                "Categories": "Sustainability Initiatives",
                "Disaster_F": "Critical Infrastructure",
                "New_15_25_": "Project details undisclosed",
                "Project_St": "2018",
                "Project_En": "None",
                "Project__1": "Completed",
                "Estimated_": "0",
                "Additional": "page 55 of the link",
                "OLD___Brie": "None",
                "MUNICUID": "77",
                "MUNICID": "36",
                "NAME": "CUTLER BAY",
                "FIPSCODE": "1215968",
                "CREATEDBY": "None",
                "CREATEDDAT": "12/31/1899",
                "MODIFIEDBY": "None",
                "MODIFIEDDA": "12/31/1899",
                "GlobalID": "706f6e89-d110-4e47-ad52-d8aecc500d1b"
            },
            "geometry": {
                "type": "Point",
                "coordinates": [
                    -80.365578249999942,
                    25.571126930000048
                ]
            }
        },
        {
            "type": "Feature",
            "properties": {
                "Join_Count": "1",
                "TARGET_FID": "466",
                "Project_Na": "Venetian Islands Â Neighborhood Improvements",
                "Latitude": "25.7922308",
                "Longitude": "-80.16309256",
                "City": "Miami Beach",
                "Link_to_Da": "https://www.miamidade.gov/resources/emergency/documents/lms-part-2-the-projects.pdf",
                "Implementa": "City of Miami Beach",
                "Infrastruc": "Gray",
                "Categories": "Flood Control Infrastructure",
                "Disaster_F": "Critical Infrastructure",
                "New_15_25_": "Project details undisclosed",
                "Project_St": "2020",
                "Project_En": "None",
                "Project__1": "Completed",
                "Estimated_": "0",
                "Additional": "page 55 of the link",
                "OLD___Brie": "None",
                "MUNICUID": "29",
                "MUNICID": "02",
                "NAME": "MIAMI BEACH",
                "FIPSCODE": "1245025",
                "CREATEDBY": "None",
                "CREATEDDAT": "12/31/1899",
                "MODIFIEDBY": "None",
                "MODIFIEDDA": "12/31/1899",
                "GlobalID": "f01c40cb-77c5-4887-8405-bbaa820b81b4"
            },
            "geometry": {
                "type": "Point",
                "coordinates": [
                    -80.163092559999939,
                    25.792230800000027
                ]
            }
        },
        {
            "type": "Feature",
            "properties": {
                "Join_Count": "1",
                "TARGET_FID": "467",
                "Project_Na": "City #2 Gravity Sewer Capacity Improvement Project Phase I",
                "Latitude": "25.75246146",
                "Longitude": "-80.25647528",
                "City": "Coral Gables",
                "Link_to_Da": "https://www.miamidade.gov/resources/emergency/documents/lms-part-2-the-projects.pdf",
                "Implementa": "City of Coral Gables",
                "Infrastruc": "Gray",
                "Categories": "Flood Control Infrastructure",
                "Disaster_F": "Flooding",
                "New_15_25_": "Project details undisclosed",
                "Project_St": "2024",
                "Project_En": "None",
                "Project__1": "Completed",
                "Estimated_": "1565000",
                "Additional": "page 55 of the link",
                "OLD___Brie": "None",
                "MUNICUID": "43",
                "MUNICID": "03",
                "NAME": "CORAL GABLES",
                "FIPSCODE": "1214250",
                "CREATEDBY": "None",
                "CREATEDDAT": "12/31/1899",
                "MODIFIEDBY": "None",
                "MODIFIEDDA": "12/31/1899",
                "GlobalID": "739e5868-6d18-4337-8ca7-22fcd511dbd7"
            },
            "geometry": {
                "type": "Point",
                "coordinates": [
                    -80.256475279999961,
                    25.752461460000063
                ]
            }
        }
    ]
}