{
    "type": "FeatureCollection",
    "name": "proj_final",
    "crs": {
        "type": "name",
        "properties": {
            "name": "urn:ogc:def:crs:OGC:1.3:CRS84"
        }
    },
    "features": [
        {
            "type": "Feature",
            "properties": {
                "Project Name": "C-8 Basin Gray & Green Infrastructure (SFWMD / FEMA BRIC)",
                "Latitude": "25.91612962",
                "Longitude": "-80.22793854",
                "City": "Miami-Dade County ",
                "Link to Data Source": "https://www.sfwmd.gov/our-work/central-and-southern-florida-fema-bric-implementation-projects",
                "Implementating Agency": "South Florida Water Management District",
                "Infrastructure Type": "Hybrid",
                "Categories": "Green Infrastructure",
                "Disaster Focus": "Flooding",
                "New 15-25 Words Project Description": "Drainage improvements in C-8 Basin (northwest Miami-Dade) combining gray & green infrastructure to improve drainage.",
                "Project Start Date": "2022",
                "Project End Date": "Null",
                "Project Status": "Ongoing",
                "OLD * Brief Description of the Project": "Drainage improvements in C-8 Basin (northwest Miami-Dade) combining gray & green infrastructure to improve drainage.",
                "Estimated Project Cost": "",
                "Additional Comments": ""
            },
            "geometry": {
                "type": "Point",
                "coordinates": [
                    -80.22793854,
                    25.91612962
                ]
            }
        },
        {
            "type": "Feature",
            "properties": {
                "Project Name": "Indian Creek Village Island Bridge Project Phase 1 / Septic to Sewer",
                "Latitude": "25.87798613",
                "Longitude": "-80.1304567",
                "City": "Indian Creek Village",
                "Link to Data Source": "https://www.flsenate.gov/PublishedContent/Session/FiscalYear/FY2024-25/LocalFundingInitiativeRequests/FY2024-25_S1123.pdf",
                "Implementating Agency": "Indian Creek Village",
                "Infrastructure Type": "Gray",
                "Categories": "Shoreline Protection",
                "Disaster Focus": "Flooding",
                "New 15-25 Words Project Description": "Seawall replacement and septic-to-sewer conversion projects; bridge rehabilitation phases.",
                "Project Start Date": "2024",
                "Project End Date": "Null",
                "Project Status": "Ongoing",
                "OLD * Brief Description of the Project": "Seawall replacement and septic-to-sewer conversion projects; bridge rehabilitation phases.",
                "Estimated Project Cost": "2700000",
                "Additional Comments": ""
            },
            "geometry": {
                "type": "Point",
                "coordinates": [
                    -80.1304567,
                    25.87798613
                ]
            }
        },
        {
            "type": "Feature",
            "properties": {
                "Project Name": "Homestead stormwater system improvements ",
                "Latitude": "25.47458147",
                "Longitude": "-80.43890209",
                "City": "Homestead",
                "Link to Data Source": "https://www.southdadenewsleader.com/news/major-infrastructure-improvements-coming-to-homestead/article_4756c2ba-5636-11ed-9ff0-c3b3757a9087.html",
                "Implementating Agency": "City of Homestead Public Works Department ",
                "Infrastructure Type": "Gray",
                "Categories": "Flood Control Infrastructure",
                "Disaster Focus": "Multi-hazard",
                "New 15-25 Words Project Description": "Install a new stormwater system that will protect the residents, emergency responders, and property from the direct impacts of flooding. ",
                "Project Start Date": "2023",
                "Project End Date": "Null",
                "Project Status": "Ongoing",
                "OLD * Brief Description of the Project": "The main goal is to install a new stormwater system that will protect the residents, emergency responders, and property from the direct impacts of flooding. ",
                "Estimated Project Cost": "120000",
                "Additional Comments": ""
            },
            "geometry": {
                "type": "Point",
                "coordinates": [
                    -80.43890209,
                    25.47458147
                ]
            }
        },
        {
            "type": "Feature",
            "properties": {
                "Project Name": "MetroWest Detention Center Solar Pilot (Miami-Dade County)",
                "Latitude": "25.80968",
                "Longitude": "-80.41801",
                "City": "Doral",
                "Link to Data Source": "https://www.miamidade.gov/global/release.page?Mduid_release=rel17054219847469",
                "Implementating Agency": "Miami-Dade County Department of Public Safety and Emergency Management",
                "Infrastructure Type": "Gray",
                "Categories": "Sustainability Initiatives",
                "Disaster Focus": "Multi-hazard",
                "New 15-25 Words Project Description": "Rooftop solar installation pilot at MetroWest detention facility.",
                "Project Start Date": "2023",
                "Project End Date": "Null",
                "Project Status": "Ongoing",
                "OLD * Brief Description of the Project": "Rooftop solar installation pilot at MetroWest detention facility.",
                "Estimated Project Cost": "1000000",
                "Additional Comments": ""
            },
            "geometry": {
                "type": "Point",
                "coordinates": [
                    -80.41801,
                    25.80968
                ]
            }
        },
        {
            "type": "Feature",
            "properties": {
                "Project Name": "Growing Roots tree canopy & stormwater retention projects (on-the-ground planting & bioswales)",
                "Latitude": "25.5667836",
                "Longitude": "-80.34820195",
                "City": "Cutler Bay",
                "Link to Data Source": "https://www.cutlerbay-fl.gov/community/page/neat-streets-miami-dade-county-awards-2023-growing-roots-environmentally-equitable",
                "Implementating Agency": "Miami-Dade County",
                "Infrastructure Type": "Hybrid",
                "Categories": "Green Infrastructure",
                "Disaster Focus": "Extreme Heat",
                "New 15-25 Words Project Description": "Growing Roots tree canopy expansion and green infrastructure (Saga Bay planting, Blue Heron Park). The tree canopy helps with cooling in the area, cleans out air pollution and reduces energy costs. ",
                "Project Start Date": "2021",
                "Project End Date": "Null",
                "Project Status": "Ongoing",
                "OLD * Brief Description of the Project": "Growing Roots tree canopy expansion and green infrastructure (Saga Bay planting, Blue Heron Park). The tree canopy helps with cooling in the area, cleans out air pollution and reduces energy costs. ",
                "Estimated Project Cost": "33659",
                "Additional Comments": ""
            },
            "geometry": {
                "type": "Point",
                "coordinates": [
                    -80.34820195,
                    25.5667836
                ]
            }
        },
        {
            "type": "Feature",
            "properties": {
                "Project Name": "Cutler Bay Coastal Resilience & Drainage Projects",
                "Latitude": "25.59660035",
                "Longitude": "-80.31651997",
                "City": "Cutler Bay",
                "Link to Data Source": "https://www.cutlerbay-fl.gov/sites/default/files/fileattachments/town_manager/page/2211/cutler_bay_swmp-update_1_1-compressed.pdf",
                "Implementating Agency": "Town of Culter Bay ",
                "Infrastructure Type": "Hybrid",
                "Categories": "Flood Control Infrastructure",
                "Disaster Focus": "Multi-hazard",
                "New 15-25 Words Project Description": "Seawall repairs, drainage upgrades, and mangrove restoration projects.",
                "Project Start Date": "2016",
                "Project End Date": "Null",
                "Project Status": "Ongoing",
                "OLD * Brief Description of the Project": "Seawall repairs, drainage upgrades, and mangrove restoration projects.",
                "Estimated Project Cost": "",
                "Additional Comments": ""
            },
            "geometry": {
                "type": "Point",
                "coordinates": [
                    -80.31651997,
                    25.59660035
                ]
            }
        },
        {
            "type": "Feature",
            "properties": {
                "Project Name": "Shoreline stabilization, canal improvements, and park drainage projects",
                "Latitude": "25.60417874",
                "Longitude": "-80.31218623",
                "City": "Palmetto Bay",
                "Link to Data Source": "https://www.palmettobay-fl.gov/1500/Future-Goals#:~:text=Purpose%20of%20the%20Resilience%20Action,become%20more%20resilient%20to%20flooding.",
                "Implementating Agency": "Village of Palmetto Bay ",
                "Infrastructure Type": "Hybrid",
                "Categories": "Shoreline Protection",
                "Disaster Focus": "Multi-hazard",
                "New 15-25 Words Project Description": "Shading Palmetto Bay tree planting project (Neat Streets Miami matching grant). As of May 2025, Village of Palmetto Bay is developing a Resilience Action Plan that will evaluate current and future flood risks. ",
                "Project Start Date": "2023",
                "Project End Date": "Null",
                "Project Status": "Ongoing",
                "OLD * Brief Description of the Project": "Shading Palmetto Bay tree planting project (Neat Streets Miami matching grant). As of May 2025, Village of Palmetto Bay is developing a Resilience Action Plan that will evaluate current and future flood risks. Also the vulnerabilities and identify ways to adapt to flooding. ",
                "Estimated Project Cost": "19630",
                "Additional Comments": ""
            },
            "geometry": {
                "type": "Point",
                "coordinates": [
                    -80.31218623,
                    25.60417874
                ]
            }
        },
        {
            "type": "Feature",
            "properties": {
                "Project Name": "Industrial area stormwater and canal bank stabilization projects",
                "Latitude": "25.85939",
                "Longitude": "-80.3456",
                "City": "Medley ",
                "Link to Data Source": "https://www.scsengineers.com/scs-project-case-stu/liquids-management-medley-landfill-miami-fl/#:~:text=very%20innovative%20manner.-,The%20storm%20water%20system%20consists%20of%20perimeter%20horizontal%20dry%20retention,in%20a%20very%20innovative%20manner.",
                "Implementating Agency": "Town of Medley ",
                "Infrastructure Type": "Hybrid",
                "Categories": "Flood Control Infrastructure",
                "Disaster Focus": "Flooding",
                "New 15-25 Words Project Description": "Pump Station 22-001 restoration and hardening (elevation and resilience upgrades).",
                "Project Start Date": "2024",
                "Project End Date": "Null",
                "Project Status": "Ongoing",
                "OLD * Brief Description of the Project": "Pump Station 22-001 restoration and hardening (elevation and resilience upgrades).",
                "Estimated Project Cost": "1804867",
                "Additional Comments": ""
            },
            "geometry": {
                "type": "Point",
                "coordinates": [
                    -80.3456,
                    25.85939
                ]
            }
        },
        {
            "type": "Feature",
            "properties": {
                "Project Name": "West Lake Gardens Drainage Improvements",
                "Latitude": "25.909157",
                "Longitude": "-80.344905",
                "City": "Miami Lakes ",
                "Link to Data Source": "https://www.miamilakes-fl.gov/project/west-lake-gardens-third-addition-drainage-improvements/#:~:text=West%20Lake%20Gardens%20Third%20Addition,Gardens%20Third%20Addition%20Drainage%20Improvements",
                "Implementating Agency": "Town of Miami Lakes",
                "Infrastructure Type": "Hybrid",
                "Categories": "Flood Control Infrastructure",
                "Disaster Focus": "Flooding",
                "New 15-25 Words Project Description": "Reduce flooding by enhancing drainage.",
                "Project Start Date": "2021",
                "Project End Date": "2025",
                "Project Status": "Ongoing",
                "OLD * Brief Description of the Project": "reduce flooding by enhancing drainage ",
                "Estimated Project Cost": "1800000",
                "Additional Comments": ""
            },
            "geometry": {
                "type": "Point",
                "coordinates": [
                    -80.344905,
                    25.909157
                ]
            }
        },
        {
            "type": "Feature",
            "properties": {
                "Project Name": "Loch Lomond Phase II Drainage Improvements",
                "Latitude": "25.92084",
                "Longitude": "-80.31413",
                "City": "Miami Lakes ",
                "Link to Data Source": "https://www.flsenate.gov/PublishedContent/Session/FiscalYear/FY2023-24/LocalFundingInitiativeRequests/FY2023-24_S1292.PDF",
                "Implementating Agency": "Town of Miami Lakes",
                "Infrastructure Type": "Blue",
                "Categories": "Flood Control Infrastructure",
                "Disaster Focus": "Flooding",
                "New 15-25 Words Project Description": "Reduces flooding by improving drainage with catch basins, French drains, manholes, and valley gutters, while restoring and resurfacing the roadway with new pavement markings.",
                "Project Start Date": "2024",
                "Project End Date": "2025",
                "Project Status": "Ongoing",
                "OLD * Brief Description of the Project": "reduce flooding by enhancing drainage; addition of catch basins, French drains, manholes, valley gutters as well as restoration and resurfacing of the existing roadway surface, and new pavement markings. ",
                "Estimated Project Cost": "1629301",
                "Additional Comments": ""
            },
            "geometry": {
                "type": "Point",
                "coordinates": [
                    -80.31413,
                    25.92084
                ]
            }
        },
        {
            "type": "Feature",
            "properties": {
                "Project Name": "Stormwater Local Drainage Improvement Project-Dressel's Dairy Canal",
                "Latitude": "25.80798208",
                "Longitude": "-80.31109125",
                "City": "Miami-Dade County ",
                "Link to Data Source": "https://www.flsenate.gov/PublishedContent/Session/FiscalYear/FY2025-26/LocalFundingInitiativeRequests/FY2025-26_S2480.pdf",
                "Implementating Agency": "Miami Dade County",
                "Infrastructure Type": "Hybrid",
                "Categories": "Flood Control Infrastructure",
                "Disaster Focus": "Flooding",
                "New 15-25 Words Project Description": "Improve local drainage, prevent street flooding, and decrease the impact of stormwater runoff. The new drainage system will reduce pollutants and enhance water quality. ",
                "Project Start Date": "Null",
                "Project End Date": "Null",
                "Project Status": "Ongoing",
                "OLD * Brief Description of the Project": "The purpose of this project is to improve local drainage, prevent street flooding, and decrease the impact of stormwater runoff. The new drainage system will reduce pollutants and enhance water quality. ",
                "Estimated Project Cost": "800000",
                "Additional Comments": ""
            },
            "geometry": {
                "type": "Point",
                "coordinates": [
                    -80.31109125,
                    25.80798208
                ]
            }
        },
        {
            "type": "Feature",
            "properties": {
                "Project Name": "Stormwater conveyance improvements ",
                "Latitude": "25.81096474",
                "Longitude": "-80.29924982",
                "City": "Virginia Gardens ",
                "Link to Data Source": "https://www.flsenate.gov/PublishedContent/Session/FiscalYear/FY2025-26/LocalFundingInitiativeRequests/FY2025-26_S2424.pdf",
                "Implementating Agency": "Village of Virginia Gardens ",
                "Infrastructure Type": "Blue",
                "Categories": "Flood Control Infrastructure",
                "Disaster Focus": "Flooding",
                "New 15-25 Words Project Description": "Installation of a new storm-water drainage system to prevent stormwater ponding and flooding. ",
                "Project Start Date": "2024",
                "Project End Date": "Null",
                "Project Status": "Ongoing",
                "OLD * Brief Description of the Project": "Installation of a new storm-water drainage system to prevent stormwater ponding and flooding. ",
                "Estimated Project Cost": "850000",
                "Additional Comments": ""
            },
            "geometry": {
                "type": "Point",
                "coordinates": [
                    -80.29924982,
                    25.81096474
                ]
            }
        },
        {
            "type": "Feature",
            "properties": {
                "Project Name": "Stormwater drainage reconstruction and pump upgrades",
                "Latitude": "25.71111588",
                "Longitude": "-80.29936983",
                "City": "South Miami ",
                "Link to Data Source": "https://www.southmiamifl.gov/DocumentCenter/View/158/Stormwater-maste-plan?bidId=",
                "Implementating Agency": "City of South Miami ",
                "Infrastructure Type": "Gray",
                "Categories": "Flood Control Infrastructure",
                "Disaster Focus": "Flooding",
                "New 15-25 Words Project Description": "Stormwater infrastructure & roadway improvements to alleviate localized flooding affecting ~650 properties.",
                "Project Start Date": "2025",
                "Project End Date": "2028",
                "Project Status": "Ongoing",
                "OLD * Brief Description of the Project": "Stormwater infrastructure & roadway improvements to alleviate localized flooding affecting ~650 properties.",
                "Estimated Project Cost": "10070651",
                "Additional Comments": ""
            },
            "geometry": {
                "type": "Point",
                "coordinates": [
                    -80.29936983,
                    25.71111588
                ]
            }
        },
        {
            "type": "Feature",
            "properties": {
                "Project Name": "Pinecrest Stormwater and Canal Projects",
                "Latitude": "25.66422799",
                "Longitude": "-80.30788698",
                "City": "Pinecrest ",
                "Link to Data Source": "https://www.pinecrest-fl.gov/Government/Manager/Capital-Improvement-Projects/Stormwater-Master-Plan-Implementation",
                "Implementating Agency": "Village of Pinecrest ",
                "Infrastructure Type": "Hybrid",
                "Categories": "Flood Control Infrastructure",
                "Disaster Focus": "Flooding",
                "New 15-25 Words Project Description": "Canal maintenance and stormwater conveyance improvements.",
                "Project Start Date": "2016",
                "Project End Date": "Null",
                "Project Status": "Ongoing",
                "OLD * Brief Description of the Project": "Canal maintenance and stormwater conveyance improvements.",
                "Estimated Project Cost": "",
                "Additional Comments": ""
            },
            "geometry": {
                "type": "Point",
                "coordinates": [
                    -80.30788698,
                    25.66422799
                ]
            }
        },
        {
            "type": "Feature",
            "properties": {
                "Project Name": "Opa-locka Stormwater Pump & Conveyance Upgrades",
                "Latitude": "25.90296181",
                "Longitude": "-80.23971836",
                "City": "Opa-locka ",
                "Link to Data Source": "https://www.opalockafl.gov/347/Citywide-Stormwater-Projects",
                "Implementating Agency": "Florida Department of Economic Opportunity ",
                "Infrastructure Type": "Gray",
                "Categories": "Flood Control Infrastructure",
                "Disaster Focus": "Flooding",
                "New 15-25 Words Project Description": "Pump station improvements and conveyance for flood reduction.",
                "Project Start Date": "2017",
                "Project End Date": "Null",
                "Project Status": "Ongoing",
                "OLD * Brief Description of the Project": "Pump station improvements and conveyance for flood reduction.",
                "Estimated Project Cost": "",
                "Additional Comments": ""
            },
            "geometry": {
                "type": "Point",
                "coordinates": [
                    -80.23971836,
                    25.90296181
                ]
            }
        },
        {
            "type": "Feature",
            "properties": {
                "Project Name": "Coral Gables Stormwater & Canal Improvements",
                "Latitude": "25.70337826",
                "Longitude": "-80.26211905",
                "City": "Coral Gables ",
                "Link to Data Source": "https://www.coralgables.com/sites/default/files/2023-04/Utilities-Improvement-Projects-CH.pdf",
                "Implementating Agency": "Public Works Department of Coral Gables ",
                "Infrastructure Type": "Hybrid",
                "Categories": "Flood Control Infrastructure",
                "Disaster Focus": "Flooding",
                "New 15-25 Words Project Description": "Upgrades to stormwater infrastructure and canal desilting to improve drainage and water quality.",
                "Project Start Date": "2016",
                "Project End Date": "Null",
                "Project Status": "Ongoing",
                "OLD * Brief Description of the Project": "Upgrades to stormwater infrastructure and canal desilting to improve drainage and water quality.",
                "Estimated Project Cost": "1000000",
                "Additional Comments": ""
            },
            "geometry": {
                "type": "Point",
                "coordinates": [
                    -80.26211905,
                    25.70337826
                ]
            }
        },
        {
            "type": "Feature",
            "properties": {
                "Project Name": "Septic-to-sewer conversion projects in older neighborhoods",
                "Latitude": "25.63645719",
                "Longitude": "-80.29651059",
                "City": "Coral Gables ",
                "Link to Data Source": "https://www.coralgables.com/septic-sewer-conversion-program",
                "Implementating Agency": "City of Coral Gables ",
                "Infrastructure Type": "Gray",
                "Categories": "Connectivity ",
                "Disaster Focus": "Flooding",
                "New 15-25 Words Project Description": "Septic-to-sewer conversion program planning and feasibility studies to connect older neighborhoods to sewer with 19 new sewer basins proposed. ",
                "Project Start Date": "2024",
                "Project End Date": "Null",
                "Project Status": "Ongoing",
                "OLD * Brief Description of the Project": "Septic-to-sewer conversion program planning and feasibility studies to connect older neighborhoods to sewer. There is going to be 19 new sewer basins have been proposed. ",
                "Estimated Project Cost": "50000",
                "Additional Comments": ""
            },
            "geometry": {
                "type": "Point",
                "coordinates": [
                    -80.29651059,
                    25.63645719
                ]
            }
        },
        {
            "type": "Feature",
            "properties": {
                "Project Name": "Auburndale Neighborhood Flood Improvements ",
                "Latitude": "25.76835021",
                "Longitude": "-80.25120639",
                "City": "Miami",
                "Link to Data Source": "https://www.miami.gov/My-Government/Departments/Resilience-and-Public-Works/Resilience-and-Public-Works-Projects-Per-District/District-4-Resilience-and-Public-Works-Projects/Auburndale-Neighborhood-Flood-Improvements",
                "Implementating Agency": "Department of Resilience and Public Works ",
                "Infrastructure Type": "Gray",
                "Categories": "Flood Control Infrastructure",
                "Disaster Focus": "Flooding",
                "New 15-25 Words Project Description": "Stormwater infrastructure and associated roadway improvements. ",
                "Project Start Date": "2025",
                "Project End Date": "2026",
                "Project Status": "Ongoing",
                "OLD * Brief Description of the Project": "Stormwater infrastructure and associated roadway improvements. ",
                "Estimated Project Cost": "73646027",
                "Additional Comments": ""
            },
            "geometry": {
                "type": "Point",
                "coordinates": [
                    -80.25120639,
                    25.76835021
                ]
            }
        },
        {
            "type": "Feature",
            "properties": {
                "Project Name": "Citywide stormwater and drainage projects",
                "Latitude": "25.94",
                "Longitude": "-80.25",
                "City": "Miami Gardens ",
                "Link to Data Source": "https://www.miamigardens-fl.gov/300/Flood-Protection#:~:text=To%20reduce%20street%20flooding%2C%20the,unusual%20flooding%20in%20your%20area.",
                "Implementating Agency": "Miami Gardens Stormwater Division ",
                "Infrastructure Type": "Gray",
                "Categories": "Flood Control Infrastructure",
                "Disaster Focus": "Flooding",
                "New 15-25 Words Project Description": "Improvements in stormwater infrastructure and roadway management to help prevent flooding within 650 properties. ",
                "Project Start Date": "2027",
                "Project End Date": "2028",
                "Project Status": "Ongoing",
                "OLD * Brief Description of the Project": "Improvements in stormwater infrastructure and roadway management as well. This will help prevent flooding within 650 properties. ",
                "Estimated Project Cost": "10070651",
                "Additional Comments": ""
            },
            "geometry": {
                "type": "Point",
                "coordinates": [
                    -80.25,
                    25.94
                ]
            }
        },
        {
            "type": "Feature",
            "properties": {
                "Project Name": "Sewer Line Infrastructure Project",
                "Latitude": "25.85682944",
                "Longitude": "-80.19317864",
                "City": "El Portal ",
                "Link to Data Source": "https://www.flsenate.gov/PublishedContent/Session/FiscalYear/FY2019-20/LocalFundingInitiativeRequests/FY2019-20_S1147.PDF",
                "Implementating Agency": "Public Works Department ",
                "Infrastructure Type": "Gray",
                "Categories": "Connectivity ",
                "Disaster Focus": "Critical Infrastructure",
                "New 15-25 Words Project Description": "Renovates aging sewer pipelines, pump stations, and treatment systems to improve reliability, prevent overflows, and protect public health and local waterways.",
                "Project Start Date": "2013",
                "Project End Date": "2025",
                "Project Status": "Ongoing",
                "OLD * Brief Description of the Project": " infrastructure upgrade for resilience.",
                "Estimated Project Cost": "8000000000",
                "Additional Comments": ""
            },
            "geometry": {
                "type": "Point",
                "coordinates": [
                    -80.19317864,
                    25.85682944
                ]
            }
        },
        {
            "type": "Feature",
            "properties": {
                "Project Name": "North Dade Regional Library Solar (Miami-Dade County)",
                "Latitude": "25.942",
                "Longitude": "-80.245",
                "City": "Miami Gardens ",
                "Link to Data Source": "https://www.miamidade.gov/global/release.page?Mduid_release=rel1680725314533473",
                "Implementating Agency": "Miami-Dade County",
                "Infrastructure Type": "Gray",
                "Categories": "Sustainability Initiatives",
                "Disaster Focus": "Multi-hazard",
                "New 15-25 Words Project Description": "1,093-panel rooftop solar array supplying major portion of library's electricity.",
                "Project Start Date": "2023",
                "Project End Date": "2023",
                "Project Status": "Completed",
                "OLD * Brief Description of the Project": "1,093-panel rooftop solar array supplying major portion of library's electricity.",
                "Estimated Project Cost": "",
                "Additional Comments": ""
            },
            "geometry": {
                "type": "Point",
                "coordinates": [
                    -80.245,
                    25.942
                ]
            }
        },
        {
            "type": "Feature",
            "properties": {
                "Project Name": "South Dade Regional Library Solar (Miami-Dade County)",
                "Latitude": "25.70396929",
                "Longitude": "-80.29131421",
                "City": "Miami-Dade County ",
                "Link to Data Source": "https://www.miamidade.gov/global/release.page?Mduid_release=rel1747239656286639",
                "Implementating Agency": "Several Miami Dade County Departments ",
                "Infrastructure Type": "Gray",
                "Categories": "Sustainability Initiatives",
                "Disaster Focus": "Multi-hazard",
                "New 15-25 Words Project Description": "Rooftop solar installed during library renovation to lower energy demand and emissions.",
                "Project Start Date": "2025",
                "Project End Date": "Null",
                "Project Status": "Ongoing",
                "OLD * Brief Description of the Project": "Rooftop solar installed during library renovation to lower energy demand and emissions.",
                "Estimated Project Cost": "",
                "Additional Comments": ""
            },
            "geometry": {
                "type": "Point",
                "coordinates": [
                    -80.29131421,
                    25.70396929
                ]
            }
        },
        {
            "type": "Feature",
            "properties": {
                "Project Name": "Miami-Dade Resilience Hubs Pilot (community centers)",
                "Latitude": "25.8326",
                "Longitude": "-80.231",
                "City": "Miami-Dade County ",
                "Link to Data Source": "https://www.miamidade.gov/initiative/thrive305/resilient-communities/home.page",
                "Implementating Agency": "Office of Resilience ",
                "Infrastructure Type": "Gray",
                "Categories": "Public Facilities",
                "Disaster Focus": "Multi-hazard",
                "New 15-25 Words Project Description": "Upgrades to community centers to serve as resilience hubs with backup power, water, and cooling.",
                "Project Start Date": "2020",
                "Project End Date": "Null",
                "Project Status": "Ongoing",
                "OLD * Brief Description of the Project": "Upgrades to community centers to serve as resilience hubs with backup power, water, and cooling.",
                "Estimated Project Cost": "",
                "Additional Comments": ""
            },
            "geometry": {
                "type": "Point",
                "coordinates": [
                    -80.231,
                    25.8326
                ]
            }
        },
        {
            "type": "Feature",
            "properties": {
                "Project Name": "Swannanoa Mini Park-Right of Way Improvements ",
                "Latitude": "25.76044246",
                "Longitude": "-80.22847791",
                "City": "Miami",
                "Link to Data Source": "https://www.miami.gov/My-Government/Departments/Resilience-and-Public-Works/Resilience-and-Public-Works-Projects-Per-District/District-3-Resilience-and-Public-Works-Projects/Swannanoa-Mini-Park-Right-of-Way-Improvements",
                "Implementating Agency": "Department of Resilience and Public Works ",
                "Infrastructure Type": "Gray",
                "Categories": "Flood Control Infrastructure",
                "Disaster Focus": "Multi-hazard",
                "New 15-25 Words Project Description": "Design and construct right of way improvements including milling and resurfacing within intersection limits. ",
                "Project Start Date": "2025",
                "Project End Date": "2025",
                "Project Status": "Completed",
                "OLD * Brief Description of the Project": "Design and construct right of way improvements including milling and resurfacing within intersection limits. ",
                "Estimated Project Cost": "734096",
                "Additional Comments": ""
            },
            "geometry": {
                "type": "Point",
                "coordinates": [
                    -80.22847791,
                    25.76044246
                ]
            }
        },
        {
            "type": "Feature",
            "properties": {
                "Project Name": "Little River Adaptation Action Area Sewer Conversion (Miami-Dade County)",
                "Latitude": "25.85292713",
                "Longitude": "-80.18887142",
                "City": "Miami",
                "Link to Data Source": "Little River Adaptation Action Area",
                "Implementating Agency": "Miami-Dade County Office of Resilience ",
                "Infrastructure Type": "Hybrid",
                "Categories": "Connectivity ",
                "Disaster Focus": "Critical Infrastructure",
                "New 15-25 Words Project Description": "Expansion of sewer service to 300+ homes to replace septic systems in the Little River AAA.",
                "Project Start Date": "2021",
                "Project End Date": "Null",
                "Project Status": "Ongoing",
                "OLD * Brief Description of the Project": "Expansion of sewer service to 300+ homes to replace septic systems in the Little River AAA.",
                "Estimated Project Cost": "40000000",
                "Additional Comments": ""
            },
            "geometry": {
                "type": "Point",
                "coordinates": [
                    -80.18887142,
                    25.85292713
                ]
            }
        },
        {
            "type": "Feature",
            "properties": {
                "Project Name": "The Water and Sewer Department existing procedures for wastewater projects ",
                "Latitude": "25.73356106",
                "Longitude": "-80.25559009",
                "City": "Miami",
                "Link to Data Source": "https://www.miamidade.gov/global/water/home.page",
                "Implementating Agency": "Miami Dade Water and Sewer Department ",
                "Infrastructure Type": "Gray",
                "Categories": "Flood Control Infrastructure",
                "Disaster Focus": "Multi-hazard",
                "New 15-25 Words Project Description": "The Miami?Dade Water & Sewer Department adheres to strict standards for wastewater projects: plan review, code-compliant design, permit approval, construction oversight, and quality testing. ",
                "Project Start Date": "Null",
                "Project End Date": "Null",
                "Project Status": "Ongoing",
                "OLD * Brief Description of the Project": "All projects financing is closely associated with the concept of recovering all costs from new services from new customers. Pump stations that are in need to provide service only to retail customers. ",
                "Estimated Project Cost": "",
                "Additional Comments": ""
            },
            "geometry": {
                "type": "Point",
                "coordinates": [
                    -80.25559009,
                    25.73356106
                ]
            }
        },
        {
            "type": "Feature",
            "properties": {
                "Project Name": "Spring Garden Traffic Calming Devices ",
                "Latitude": "25.78205862",
                "Longitude": "-80.21118564",
                "City": "Miami",
                "Link to Data Source": "https://www.miami.gov/My-Government/Departments/Resilience-and-Public-Works/Resilience-and-Public-Works-Projects-Per-District/District-5-Resilience-and-Public-Works-Projects/Spring-Garden-Traffic-Calming-Devices",
                "Implementating Agency": "Miami Dade County",
                "Infrastructure Type": "Gray",
                "Categories": "Connectivity ",
                "Disaster Focus": "Multi-hazard",
                "New 15-25 Words Project Description": "Design and Construction of three traffic calming devices and restriping of northbound lane approach at another intersection. ",
                "Project Start Date": "2025",
                "Project End Date": "2026",
                "Project Status": "Ongoing",
                "OLD * Brief Description of the Project": "Design and Construction of three traffic calming devices and restriping of northbound lane approach at another intersection. ",
                "Estimated Project Cost": "1299202",
                "Additional Comments": ""
            },
            "geometry": {
                "type": "Point",
                "coordinates": [
                    -80.21118564,
                    25.78205862
                ]
            }
        },
        {
            "type": "Feature",
            "properties": {
                "Project Name": "The Building Efficiency 305 Program",
                "Latitude": "25.94032631",
                "Longitude": "-80.20026207",
                "City": "Miami-Dade County ",
                "Link to Data Source": "https://be305about-mdc.hub.arcgis.com/",
                "Implementating Agency": "The Miami-Dade County Office of Resilience ",
                "Infrastructure Type": "Gray",
                "Categories": "Sustainability Initiatives",
                "Disaster Focus": "Extreme Heat",
                "New 15-25 Words Project Description": "Reduce operating costs and increase profit for better energy and water management and to gather information about building energy and water use to increase awareness, and decision making process. ",
                "Project Start Date": "2021",
                "Project End Date": "Null",
                "Project Status": "Ongoing",
                "OLD * Brief Description of the Project": "The goals for the building efficiency 305 is to reduce operating costs and increase profit for better energy and water management. Another thing is to gather information about building energy and water use to increase awareness, and decision making process. ",
                "Estimated Project Cost": "28600000",
                "Additional Comments": ""
            },
            "geometry": {
                "type": "Point",
                "coordinates": [
                    -80.20026207,
                    25.94032631
                ]
            }
        },
        {
            "type": "Feature",
            "properties": {
                "Project Name": "Miami-Dade County Stormwater Pump Station Rehabilitation Program",
                "Latitude": "25.94358199",
                "Longitude": "-80.32402334",
                "City": "Miami-Dade County ",
                "Link to Data Source": "https://www.miamidade.gov/global/water/pump-station-improvements.page?utm_source=chatgpt.com",
                "Implementating Agency": "Miami Dade Sewer and Water Department ",
                "Infrastructure Type": "Gray",
                "Categories": "Flood Control Infrastructure",
                "Disaster Focus": "Flooding",
                "New 15-25 Words Project Description": "Rehabilitation/upgrade of aging pump stations across the county to improve flood control.",
                "Project Start Date": "2015",
                "Project End Date": "Null",
                "Project Status": "Ongoing",
                "OLD * Brief Description of the Project": "Rehabilitation/upgrade of aging pump stations across the county to improve flood control.",
                "Estimated Project Cost": "",
                "Additional Comments": ""
            },
            "geometry": {
                "type": "Point",
                "coordinates": [
                    -80.32402334,
                    25.94358199
                ]
            }
        },
        {
            "type": "Feature",
            "properties": {
                "Project Name": "Miami-Dade County Cool Roofs Pilot (public buildings)",
                "Latitude": "25.77615785",
                "Longitude": "-80.19643671",
                "City": "Miami-Dade County ",
                "Link to Data Source": "https://sustainable-buildings-program.miamidade.gov/pages/sbp-detailed-information",
                "Implementating Agency": "Miami Dade County Office ",
                "Infrastructure Type": "Gray",
                "Categories": "Sustainability Initiatives",
                "Disaster Focus": "Extreme Heat",
                "New 15-25 Words Project Description": "Upgrades public building roofs with high-reflectivity materials to reduce heat absorption, lower energy use, and enhance resilience under Miami-DadeÂs sustainable buildings program",
                "Project Start Date": "2019",
                "Project End Date": "Null",
                "Project Status": "Ongoing",
                "OLD * Brief Description of the Project": "Cool roof installations on county buildings to reduce heat island effects and energy use.",
                "Estimated Project Cost": "",
                "Additional Comments": ""
            },
            "geometry": {
                "type": "Point",
                "coordinates": [
                    -80.19643671,
                    25.77615785
                ]
            }
        },
        {
            "type": "Feature",
            "properties": {
                "Project Name": "Miami-Dade County EV Charging & Fleet Electrification",
                "Latitude": "25.78162441",
                "Longitude": "-80.19669853",
                "City": "Miami-Dade County ",
                "Link to Data Source": "https://www.miamidade.gov/global/transportation/home.page",
                "Implementating Agency": "Office of Environmental Risk and Resilience ",
                "Infrastructure Type": "Gray",
                "Categories": "Sustainability Initiatives",
                "Disaster Focus": "Multi-hazard",
                "New 15-25 Words Project Description": "Accelerates electric mobility by installing EV charging infrastructure countywide and electrifying fleet vehicles to reduce emissions and support clean transportation goals. ",
                "Project Start Date": "2018",
                "Project End Date": "Null",
                "Project Status": "Ongoing",
                "OLD * Brief Description of the Project": "EV charging stations deployment and municipal fleet electrification to reduce emissions.",
                "Estimated Project Cost": "",
                "Additional Comments": ""
            },
            "geometry": {
                "type": "Point",
                "coordinates": [
                    -80.19669853,
                    25.78162441
                ]
            }
        },
        {
            "type": "Feature",
            "properties": {
                "Project Name": "Miami-Dade County Climate Corps & Workforce Climate Training",
                "Latitude": "25.77762511",
                "Longitude": "-80.19101974",
                "City": "Miami-Dade County ",
                "Link to Data Source": "https://news.mdc.edu/pressrelease/mdcs-miami-tech-works-to-lead-workforce-development-component-of-the-south-florida-climateready-tech-hub/?utm_source=chatgpt.com",
                "Implementating Agency": "Miami Tech Works ",
                "Infrastructure Type": "Green",
                "Categories": "Sustainability Initiatives",
                "Disaster Focus": "Multi-hazard",
                "New 15-25 Words Project Description": "Workforce development program focused on resilience construction, green infrastructure maintenance and energy retrofits.",
                "Project Start Date": "2021",
                "Project End Date": "Null",
                "Project Status": "Ongoing",
                "OLD * Brief Description of the Project": "Workforce development program focused on resilience construction, green infrastructure maintenance and energy retrofits.",
                "Estimated Project Cost": "",
                "Additional Comments": ""
            },
            "geometry": {
                "type": "Point",
                "coordinates": [
                    -80.19101974,
                    25.77762511
                ]
            }
        },
        {
            "type": "Feature",
            "properties": {
                "Project Name": "Building Neighborhood Resilience Adaptation Action Area ",
                "Latitude": "25.85373066",
                "Longitude": "-80.17980553",
                "City": "Miami-Dade County ",
                "Link to Data Source": "https://publicfiles.dep.state.fl.us/CAMA/FRCP/FY20-21/3_R2128-Miami-Dade-County.pdf",
                "Implementating Agency": "Miami Dade County ",
                "Infrastructure Type": "Hybrid",
                "Categories": "Flood Control Infrastructure",
                "Disaster Focus": "Multi-hazard",
                "New 15-25 Words Project Description": "Design the Little River Basin located in Miami Dade County and improve the understanding of historic and physical vulnerabilities of flooding and other climate change impacts. ",
                "Project Start Date": "2016",
                "Project End Date": "Null",
                "Project Status": "Ongoing",
                "OLD * Brief Description of the Project": "Design the Little River Basin located in Miami Dade County. The main goals of the project is to improve the understanding of historic and physical vulnerabilities of flooding and other climate change impacts. ",
                "Estimated Project Cost": "75000",
                "Additional Comments": ""
            },
            "geometry": {
                "type": "Point",
                "coordinates": [
                    -80.17980553,
                    25.85373066
                ]
            }
        },
        {
            "type": "Feature",
            "properties": {
                "Project Name": "PortMiami Resilience & Seawall Upgrades (Miami-Dade County / PortMiami)",
                "Latitude": "25.77531507",
                "Longitude": "-80.16804764",
                "City": "Miami-Dade County ",
                "Link to Data Source": "https://www.miamidade.gov/portmiami/master-plan.page",
                "Implementating Agency": "Miami Dade County  Port Authority, Office of Resilience ",
                "Infrastructure Type": "Blue",
                "Categories": "Flood Control Infrastructure",
                "Disaster Focus": "Flooding",
                "New 15-25 Words Project Description": "Seawall repairs, stormwater pump upgrades and drainage to protect port infrastructure.",
                "Project Start Date": "2018",
                "Project End Date": "Null",
                "Project Status": "Ongoing",
                "OLD * Brief Description of the Project": "Seawall repairs, stormwater pump upgrades and drainage to protect port infrastructure.",
                "Estimated Project Cost": "",
                "Additional Comments": ""
            },
            "geometry": {
                "type": "Point",
                "coordinates": [
                    -80.16804764,
                    25.77531507
                ]
            }
        },
        {
            "type": "Feature",
            "properties": {
                "Project Name": "Morningside Park Coastal Resilience Project",
                "Latitude": "25.82653371",
                "Longitude": "-80.18087621",
                "City": "Miami-Dade County ",
                "Link to Data Source": "https://news.chubb.com/2018-11-15-The-Nature-Conservancy-and-The-Chubb-Charitable-Foundation-work-together-to-reduce-risk-along-Miamis-vulnerable-coastline#:~:text=News%20Releases,for%20protecting%20vulnerable%20coastal%20cities",
                "Implementating Agency": "Chubb Charitable Foundation, The Nature Conservaancy",
                "Infrastructure Type": "Green",
                "Categories": "Green Infrastructure",
                "Disaster Focus": "Storm Surge",
                "New 15-25 Words Project Description": "Reduce flood risk for Morningside Park and nearby residents by incorporating a model for protecting urban coastal areas.",
                "Project Start Date": "2023",
                "Project End Date": "2025",
                "Project Status": "Ongoing",
                "OLD * Brief Description of the Project": "The Morningside Park Resilience project is to reduce flood risk for the park and nearby residents. The project would also incorporate a model for protecting urban coastal areas. ",
                "Estimated Project Cost": "1000000",
                "Additional Comments": ""
            },
            "geometry": {
                "type": "Point",
                "coordinates": [
                    -80.18087621,
                    25.82653371
                ]
            }
        },
        {
            "type": "Feature",
            "properties": {
                "Project Name": "Stormwater Drainage Improvement Project",
                "Latitude": "25.88698848",
                "Longitude": "-80.17725394",
                "City": "North Miami ",
                "Link to Data Source": "https://www.northmiamifl.gov/1423/NE-121-Drainage-Project",
                "Implementating Agency": "City of North Miami",
                "Infrastructure Type": "Gray",
                "Categories": "Flood Control Infrastructure",
                "Disaster Focus": "Flooding",
                "New 15-25 Words Project Description": "Improve stormwater drainage in a residential area that frequently experiences severe flooding during hurricane season. ",
                "Project Start Date": "2024",
                "Project End Date": "2024",
                "Project Status": "Ongoing",
                "OLD * Brief Description of the Project": "The project's main objective is to improve stormwater drainage in a residential area that frequently experiences severe flooding during hurricane season. ",
                "Estimated Project Cost": "574122.23",
                "Additional Comments": ""
            },
            "geometry": {
                "type": "Point",
                "coordinates": [
                    -80.17725394,
                    25.88698848
                ]
            }
        },
        {
            "type": "Feature",
            "properties": {
                "Project Name": "Stormwater drainage improvements and roadside retention",
                "Latitude": "25.88044236",
                "Longitude": "-80.18502266",
                "City": "Biscayne Park ",
                "Link to Data Source": "https://www.flhouse.gov/Sections/Bills/billsdetail.aspx?BillId=74694",
                "Implementating Agency": "Village of Biscayne Park ",
                "Infrastructure Type": "Hybrid",
                "Categories": "Flood Control Infrastructure",
                "Disaster Focus": "Flooding",
                "New 15-25 Words Project Description": "Multi-phase stormwater system installation (French drains) to mitigate flooding and reduce septic impact; part of a 5.5M multi-phase plan.",
                "Project Start Date": "2024",
                "Project End Date": "Null",
                "Project Status": "Ongoing",
                "OLD * Brief Description of the Project": "Multi-phase stormwater system installation (French drains) to mitigate flooding and reduce septic impact; part of a 5.5M multi-phase plan.",
                "Estimated Project Cost": "5500000",
                "Additional Comments": ""
            },
            "geometry": {
                "type": "Point",
                "coordinates": [
                    -80.18502266,
                    25.88044236
                ]
            }
        },
        {
            "type": "Feature",
            "properties": {
                "Project Name": "Port Miami Shore Power Project",
                "Latitude": "25.77130043",
                "Longitude": "-80.15811547",
                "City": "Miami-Dade County ",
                "Link to Data Source": "https://www.miamidade.gov/portmiami/shore-power.page",
                "Implementating Agency": "Miami Dade County and Port-Miami ",
                "Infrastructure Type": "Gray",
                "Categories": "Sustainability Initiatives",
                "Disaster Focus": "Multi-hazard",
                "New 15-25 Words Project Description": "Allows a cruise ship, which uses as much electricity as a small city, to turn off their engines and plug into a landside electrical power while docked at PortMiami. By turning off the engines, it reduces carbon emissions up to 98%. ",
                "Project Start Date": "2021",
                "Project End Date": "2024",
                "Project Status": "Completed",
                "OLD * Brief Description of the Project": "Shore power allows a cruise ship, which uses as much electricity as a small city, to turn off their engines and plug into a landside electrical power while docked at PortMiami. By turning off the engines, it reduces carbon emissions up to 98%. ",
                "Estimated Project Cost": "125000000",
                "Additional Comments": ""
            },
            "geometry": {
                "type": "Point",
                "coordinates": [
                    -80.15811547,
                    25.77130043
                ]
            }
        },
        {
            "type": "Feature",
            "properties": {
                "Project Name": "Good Neighbor Stormwater Park ",
                "Latitude": "25.90836775",
                "Longitude": "-80.18107045",
                "City": "North Miami ",
                "Link to Data Source": "https://publicfiles.dep.state.fl.us/CAMA/FRCP/FY19-20-R1933-NorthMiami-WorkPlan.pdf",
                "Implementating Agency": "City of North Miami ",
                "Infrastructure Type": "Gray",
                "Categories": "Green Infrastructure",
                "Disaster Focus": "Flooding",
                "New 15-25 Words Project Description": "Creating more public spaces and stormwater infrastructure at the Good Neighbor Stormwater Park. ",
                "Project Start Date": "2019",
                "Project End Date": "2019",
                "Project Status": "Completed",
                "OLD * Brief Description of the Project": "Creating more public spaces and stormwater infrastructure at the Good Neighbor Stormwater Park. ",
                "Estimated Project Cost": "50000",
                "Additional Comments": ""
            },
            "geometry": {
                "type": "Point",
                "coordinates": [
                    -80.18107045,
                    25.90836775
                ]
            }
        },
        {
            "type": "Feature",
            "properties": {
                "Project Name": "Canal bank stabilization and park drainage upgrades",
                "Latitude": "25.66633062",
                "Longitude": "-80.31406638",
                "City": "Pinecrest ",
                "Link to Data Source": "https://www.pinecrest-fl.gov/files/sharedassets/village/v/1/government/village-manager/documents/stormwater-master-plan.pdf",
                "Implementating Agency": "village of Pinecrest ",
                "Infrastructure Type": "Hybrid",
                "Categories": "Flood Control Infrastructure",
                "Disaster Focus": "Flooding",
                "New 15-25 Words Project Description": "Eliminate areas and improve the water quality of runoff discharging to canals and closed (French Drain) systems. This plan is based on priority and funding availability. ",
                "Project Start Date": "2024",
                "Project End Date": "Null",
                "Project Status": "Ongoing",
                "OLD * Brief Description of the Project": "The goal for this project is to eliminate areas and improve the water quality of runoff discharging to canals and closed (French Drain) systems. This plan is based on priority and funding availability. ",
                "Estimated Project Cost": "10000000",
                "Additional Comments": ""
            },
            "geometry": {
                "type": "Point",
                "coordinates": [
                    -80.31406638,
                    25.66633062
                ]
            }
        },
        {
            "type": "Feature",
            "properties": {
                "Project Name": "Key Biscayne Immediate Flood Control and Mitigation",
                "Latitude": "25.68868516",
                "Longitude": "-80.16751114",
                "City": "Key Biscayne ",
                "Link to Data Source": "https://keybiscayne.fl.gov/elevating_our_island_paradise/program_library/flood_control_and_mitigation.php",
                "Implementating Agency": "Villlage of Key Biscayne",
                "Infrastructure Type": "Hybrid",
                "Categories": "Flood Control Infrastructure",
                "Disaster Focus": "Flooding",
                "New 15-25 Words Project Description": "Redesigned catch basins and reconstructed roadways to improve stormwater drainage, reducing flooding and enhancing property protection in Key Biscayne.",
                "Project Start Date": "2023",
                "Project End Date": "2024",
                "Project Status": "Completed",
                "OLD * Brief Description of the Project": "By redesigning catch basins to be clear of debris and reconstructing segments of roadways, the flood control projects help guide water into drains. This allows flood water to recede faster and cause less disruption. Milling and repaving select roadways create a crown effect, which further direct water away from the road and enhance those streets with new pavement.",
                "Estimated Project Cost": "2450000",
                "Additional Comments": ""
            },
            "geometry": {
                "type": "Point",
                "coordinates": [
                    -80.16751114,
                    25.68868516
                ]
            }
        },
        {
            "type": "Feature",
            "properties": {
                "Project Name": "Key Biscayne Beach Renourishment ",
                "Latitude": "25.69475802",
                "Longitude": "-80.15775792",
                "City": "Key Biscayne ",
                "Link to Data Source": "https://keybiscayne.fl.gov/village_services/resiliency___sustainability/elevating_our_island_paradise/beach_renourishment.php",
                "Implementating Agency": "Villlage of Key Biscayne",
                "Infrastructure Type": "Blue",
                "Categories": "Shoreline Protection",
                "Disaster Focus": "Storm Surge",
                "New 15-25 Words Project Description": "Restore Key Biscayne's shoreline by adding 25,000 cubic yards of sand and planting over 48,000 native plants to combat erosion.",
                "Project Start Date": "2024",
                "Project End Date": "2024",
                "Project Status": "Completed",
                "OLD * Brief Description of the Project": "A beach renourishment brought in approximately 25,000 cubic yards of sand to help protect our shoreline and dunes. About 48,300 plants were also planted to revegetate the reconstructed dune line.",
                "Estimated Project Cost": "3000000",
                "Additional Comments": ""
            },
            "geometry": {
                "type": "Point",
                "coordinates": [
                    -80.15775792,
                    25.69475802
                ]
            }
        },
        {
            "type": "Feature",
            "properties": {
                "Project Name": "Bal Harbour Village Waterfront Park and Resilience Project ",
                "Latitude": "25.88791156",
                "Longitude": "-80.12764767",
                "City": "Bal Harbour",
                "Link to Data Source": "https://publicfiles.dep.state.fl.us/CAMA/FRCP/FY%2021-22/RIG2233/3_R2233%20Final.pdf",
                "Implementating Agency": "Parks and Public Spaces Department ",
                "Infrastructure Type": "Green",
                "Categories": "Public Facilities",
                "Disaster Focus": "Multi-hazard",
                "New 15-25 Words Project Description": "Renovation of Waterfront Park that will design a two story community center with a rooftop viewing. Increase recreational and open green space. ",
                "Project Start Date": "2021",
                "Project End Date": "2027",
                "Project Status": "Ongoing",
                "OLD * Brief Description of the Project": "Renovation of Waterfront Park that will design a two story community center with a rooftop viewing. Increase recreational and open green space. ",
                "Estimated Project Cost": "500000000",
                "Additional Comments": ""
            },
            "geometry": {
                "type": "Point",
                "coordinates": [
                    -80.12764767,
                    25.88791156
                ]
            }
        },
        {
            "type": "Feature",
            "properties": {
                "Project Name": "West Avenue Neighborhood Enhancements\n",
                "Latitude": "25.78540541",
                "Longitude": "-80.14232384",
                "City": "Miami Beach ",
                "Link to Data Source": "https://www.miamibeachfl.gov/residents/neighborhood-affairs-division/active-projects/neighborhood-improvements/west-avenue-neighborhood-improvements-project-phase-ii/",
                "Implementating Agency": "City of Miami Beach",
                "Infrastructure Type": "Hybrid",
                "Categories": "Flood Control Infrastructure",
                "Disaster Focus": "Multi-hazard",
                "New 15-25 Words Project Description": "Upgrade underground utilities, stormwater systems, streets, sidewalks, lighting, and landscaping to enhance flood resilience and neighborhood livability.",
                "Project Start Date": "2020",
                "Project End Date": "2026",
                "Project Status": "Ongoing",
                "OLD * Brief Description of the Project": "A critical infrastructure upgrade aimed at addressing flooding, improving walkability, and enhancing resilience in one of Miami BeachÂs lowest-lying areas. The project includes replacing aging water and sewer systems, installing a new stormwater drainage and pumping system, raising road elevations, and implementing a harmonization policy to ensure a seamless transition with adjacent properties. Additional improvements include upgraded street and pedestrian lighting, new signalized intersections, landscaping, irrigation, and the construction of a new Baywalk segment.",
                "Estimated Project Cost": "105140819",
                "Additional Comments": ""
            },
            "geometry": {
                "type": "Point",
                "coordinates": [
                    -80.14232384,
                    25.78540541
                ]
            }
        },
        {
            "type": "Feature",
            "properties": {
                "Project Name": "Sunny Isles Beach Stormwater Pump Upgrades",
                "Latitude": "25.92938",
                "Longitude": "-80.1264",
                "City": "Sunny Isles Beach ",
                "Link to Data Source": "https://www.sibfl.gov/Building-Code/Your-City-at-Work/Active-Capital-Projects",
                "Implementating Agency": "Public Works and Waste Management Miami-Dade County ",
                "Infrastructure Type": "Gray",
                "Categories": "Flood Control Infrastructure",
                "Disaster Focus": "Flooding",
                "New 15-25 Words Project Description": "New and upgraded pump stations and one-way valves to reduce tidal and rain flooding.",
                "Project Start Date": "2016",
                "Project End Date": "Null",
                "Project Status": "Ongoing",
                "OLD * Brief Description of the Project": "New and upgraded pump stations and one-way valves to reduce tidal and rain flooding.",
                "Estimated Project Cost": "",
                "Additional Comments": ""
            },
            "geometry": {
                "type": "Point",
                "coordinates": [
                    -80.1264,
                    25.92938
                ]
            }
        },
        {
            "type": "Feature",
            "properties": {
                "Project Name": "Seawall replacement and Abbott Ave drainage improvements (Resilient305 projects)",
                "Latitude": "25.87980173",
                "Longitude": "-80.1238049",
                "City": "Surfside ",
                "Link to Data Source": "https://www.townofsurfsidefl.gov/departments-services/public-works/resilient-305-project",
                "Implementating Agency": "Resilient 305 ",
                "Infrastructure Type": "Gray",
                "Categories": "Shoreline Protection",
                "Disaster Focus": "Multi-hazard",
                "New 15-25 Words Project Description": "All of the stormwater infrastructure systems would be updated. Review current and future water hazards and make recommendations based on findings.",
                "Project Start Date": "2024",
                "Project End Date": "Null",
                "Project Status": "Ongoing",
                "OLD * Brief Description of the Project": "All of the stormwater infrastructure systems would be updated. Review current and future water hazards and make recommendations based on findings.",
                "Estimated Project Cost": "2300000",
                "Additional Comments": ""
            },
            "geometry": {
                "type": "Point",
                "coordinates": [
                    -80.1238049,
                    25.87980173
                ]
            }
        },
        {
            "type": "Feature",
            "properties": {
                "Project Name": "3611 Collins Avenue Soil Mixing & Foundation Project ",
                "Latitude": "25.80991646",
                "Longitude": "-80.12303356",
                "City": "Miami Beach ",
                "Link to Data Source": "https://prodapps.dep.state.fl.us/bcms/secure/PermitDetails/getPermit/109633",
                "Implementating Agency": "AMIX Systems ",
                "Infrastructure Type": "Gray",
                "Categories": "Shoreline Protection",
                "Disaster Focus": "Multi-hazard",
                "New 15-25 Words Project Description": "Coastal Construction Control Line ",
                "Project Start Date": "2025",
                "Project End Date": "Null",
                "Project Status": "Ongoing",
                "OLD * Brief Description of the Project": "Coastal Construction Control Line ",
                "Estimated Project Cost": "1000",
                "Additional Comments": ""
            },
            "geometry": {
                "type": "Point",
                "coordinates": [
                    -80.12303356,
                    25.80991646
                ]
            }
        },
        {
            "type": "Feature",
            "properties": {
                "Project Name": "The South Florida Water Management District Pre-Disaster Mitigation Projects",
                "Latitude": "25.87291",
                "Longitude": "-80.1809",
                "City": "Miami",
                "Link to Data Source": "https://www.miamidade.gov/green/library/sea-level-rise-flooding-saltwater-intrusion.pdf",
                "Implementating Agency": "City of South Miami",
                "Infrastructure Type": "Gray",
                "Categories": "Flood Control Infrastructure",
                "Disaster Focus": "Multi-hazard",
                "New 15-25 Words Project Description": "A technical assessment of the flood protection levels of service for the existing infrastructure under current and future sea level rise scenarios. ",
                "Project Start Date": "2015",
                "Project End Date": "2029",
                "Project Status": "Ongoing",
                "OLD * Brief Description of the Project": "A technical assessment of the flood protection levels of service for the existing infrastructure under current and future sea level rise scenarios. ",
                "Estimated Project Cost": "355280352",
                "Additional Comments": ""
            },
            "geometry": {
                "type": "Point",
                "coordinates": [
                    -80.1809,
                    25.87291
                ]
            }
        },
        {
            "type": "Feature",
            "properties": {
                "Project Name": "Miami Beach Pump Station Program (Multiple Pump Stations)",
                "Latitude": "25.79296001",
                "Longitude": "-80.13531468",
                "City": "Miami Beach ",
                "Link to Data Source": "https://www.mbrisingabove.com/your-city-at-work/stormwater-program/stormwater-pumps/",
                "Implementating Agency": "Public Works Department, Office of Resilience ",
                "Infrastructure Type": "Gray",
                "Categories": "Flood Control Infrastructure",
                "Disaster Focus": "Flooding",
                "New 15-25 Words Project Description": "Citywide installation of electric pumps and associated drainage system improvements to manage stormwater and king tides.",
                "Project Start Date": "2014",
                "Project End Date": "Null",
                "Project Status": "Ongoing",
                "OLD * Brief Description of the Project": "Citywide installation of electric pumps and associated drainage system improvements to manage stormwater and king tides.",
                "Estimated Project Cost": "",
                "Additional Comments": ""
            },
            "geometry": {
                "type": "Point",
                "coordinates": [
                    -80.13531468,
                    25.79296001
                ]
            }
        },
        {
            "type": "Feature",
            "properties": {
                "Project Name": "A Resilient Shoreline on SR-A1A in Miami Beach ",
                "Latitude": "25.80238",
                "Longitude": "-80.12666",
                "City": "Miami Beach ",
                "Link to Data Source": "https://publicfiles.dep.state.fl.us/CAMA/FRCP/FY18-19-R1801-MiamiBeach-WorkPlan-A1.pdf",
                "Implementating Agency": "City of Miami Beach ",
                "Infrastructure Type": "Green",
                "Categories": "Green Infrastructure",
                "Disaster Focus": "Multi-hazard",
                "New 15-25 Words Project Description": "Design and permitting of a 0.47-acre mangrove planter in the waterway adjacent to SR-A1A Street. ",
                "Project Start Date": "2024",
                "Project End Date": "2025",
                "Project Status": "Ongoing",
                "OLD * Brief Description of the Project": "Design and permitting of a 0.47-acre mangrove planter in the waterway adjacent to SR-A1A Street. ",
                "Estimated Project Cost": "30000",
                "Additional Comments": ""
            },
            "geometry": {
                "type": "Point",
                "coordinates": [
                    -80.12666,
                    25.80238
                ]
            }
        },
        {
            "type": "Feature",
            "properties": {
                "Project Name": "3425 Collins Avenue",
                "Latitude": "25.80890529",
                "Longitude": "-80.12263453",
                "City": "Miami Beach ",
                "Link to Data Source": "https://prodapps.dep.state.fl.us/bcms/secure/PermitDetails/getPermit/110171",
                "Implementating Agency": "City of Miami Beach ",
                "Infrastructure Type": "Gray",
                "Categories": "Shoreline Protection",
                "Disaster Focus": "Multi-hazard",
                "New 15-25 Words Project Description": "Project details undisclosed",
                "Project Start Date": "2025",
                "Project End Date": "Null",
                "Project Status": "Ongoing",
                "OLD * Brief Description of the Project": "to be determined ",
                "Estimated Project Cost": "",
                "Additional Comments": ""
            },
            "geometry": {
                "type": "Point",
                "coordinates": [
                    -80.12263453,
                    25.80890529
                ]
            }
        },
        {
            "type": "Feature",
            "properties": {
                "Project Name": "The Ritz Carlton Bal Harbour Renovation Project\t",
                "Latitude": "25.89894876",
                "Longitude": "-80.12374592",
                "City": "Bal Harbour",
                "Link to Data Source": "https://prodapps.dep.state.fl.us/bcms/secure/PermitDetails/getPermit/109614",
                "Implementating Agency": "One Bal Harbour Corporation ",
                "Infrastructure Type": "Gray",
                "Categories": "Shoreline Protection",
                "Disaster Focus": "Multi-hazard",
                "New 15-25 Words Project Description": "Project details undisclosed",
                "Project Start Date": "2025",
                "Project End Date": "Null",
                "Project Status": "Ongoing",
                "OLD * Brief Description of the Project": "to be determined ",
                "Estimated Project Cost": "8550",
                "Additional Comments": ""
            },
            "geometry": {
                "type": "Point",
                "coordinates": [
                    -80.12374592,
                    25.89894876
                ]
            }
        },
        {
            "type": "Feature",
            "properties": {
                "Project Name": "National Shoreline Erosion Control Development and Demonstration Program\nSection 227 Innovative Erosion Control Program: 63rd Street Breakwater",
                "Latitude": "25.84510407",
                "Longitude": "-80.11809899",
                "City": "Miami-Dade County ",
                "Link to Data Source": "https://www.miamidade.gov/environment/library/reports/beach-renourishment-doc.pdf",
                "Implementating Agency": "URS Corporation ",
                "Infrastructure Type": "Blue",
                "Categories": "Shoreline Protection",
                "Disaster Focus": "Storm Surge",
                "New 15-25 Words Project Description": "Construct and evaluate innovative erosion control technologies that can improve shore projects. ",
                "Project Start Date": "2007",
                "Project End Date": "Null",
                "Project Status": "Ongoing",
                "OLD * Brief Description of the Project": "Construct and evaluate innovative erosion control technologies that can improve shore projects. ",
                "Estimated Project Cost": "2000000",
                "Additional Comments": ""
            },
            "geometry": {
                "type": "Point",
                "coordinates": [
                    -80.11809899,
                    25.84510407
                ]
            }
        },
        {
            "type": "Feature",
            "properties": {
                "Project Name": "Bal Harbour Seawall and Drainage Rehabilitation",
                "Latitude": "25.89094654",
                "Longitude": "-80.12709695",
                "City": "Bal Harbour",
                "Link to Data Source": "https://balharbourfl.gov/departments/public-works-beautification/utility-infrastructure-improvement-project-2/",
                "Implementating Agency": "Village of Bal Harbour Public Works Department ",
                "Infrastructure Type": "Gray",
                "Categories": "Flood Control Infrastructure",
                "Disaster Focus": "Multi-hazard",
                "New 15-25 Words Project Description": "Seawall repairs, raising roadways and improved drainage.",
                "Project Start Date": "2016",
                "Project End Date": "Null",
                "Project Status": "Ongoing",
                "OLD * Brief Description of the Project": "Seawall repairs, raising roadways and improved drainage.",
                "Estimated Project Cost": "",
                "Additional Comments": ""
            },
            "geometry": {
                "type": "Point",
                "coordinates": [
                    -80.12709695,
                    25.89094654
                ]
            }
        },
        {
            "type": "Feature",
            "properties": {
                "Project Name": "Miami Beach Street Elevations (selected streets)",
                "Latitude": "25.79406445",
                "Longitude": "-80.14436549",
                "City": "Miami Beach ",
                "Link to Data Source": "https://www.mbrisingabove.com/your-city-at-work/stormwater-program/elevation/",
                "Implementating Agency": "Public Works Department, Office of Resilience ",
                "Infrastructure Type": "Hybrid",
                "Categories": "Flood Control Infrastructure",
                "Disaster Focus": "Flooding",
                "New 15-25 Words Project Description": "Elevation of vulnerable streets in low-lying neighborhoods to reduce standing floodwater.",
                "Project Start Date": "2015",
                "Project End Date": "Null",
                "Project Status": "Ongoing",
                "OLD * Brief Description of the Project": "Elevation of vulnerable streets in low-lying neighborhoods to reduce standing floodwater.",
                "Estimated Project Cost": "",
                "Additional Comments": ""
            },
            "geometry": {
                "type": "Point",
                "coordinates": [
                    -80.14436549,
                    25.79406445
                ]
            }
        },
        {
            "type": "Feature",
            "properties": {
                "Project Name": "Seawall repairs and shoreline stabilization projects",
                "Latitude": "25.68188439",
                "Longitude": "-80.17110299",
                "City": "Key Biscayne ",
                "Link to Data Source": "https://keybiscayne.fl.gov/elevating_our_island_paradise/about/groundwork.php#:~:text=The%20Resilient%20Infrastructure%20and%20Adaptation,approach%2C%20starting%20in%20Zone%201.",
                "Implementating Agency": "Village of Key Biscayne ",
                "Infrastructure Type": "Hybrid",
                "Categories": "Shoreline Protection",
                "Disaster Focus": "Flooding",
                "New 15-25 Words Project Description": "Zone 1 stormwater pump station and outfall upgrades (central and south basins stormwater improvements). Creating new guidelines to simulate a public-private partnership for flood protection and updated standards for seawalls. ",
                "Project Start Date": "2025",
                "Project End Date": "Null",
                "Project Status": "Ongoing",
                "OLD * Brief Description of the Project": "Zone 1 stormwater pump station and outfall upgrades (central and south basins stormwater improvements). Creating new guidelines to simulate a public-private partnership for flood protection and updated standards for seawalls. ",
                "Estimated Project Cost": "100000000",
                "Additional Comments": ""
            },
            "geometry": {
                "type": "Point",
                "coordinates": [
                    -80.17110299,
                    25.68188439
                ]
            }
        },
        {
            "type": "Feature",
            "properties": {
                "Project Name": "C-9 Basin Resiliency and S-29 Coastal Structure",
                "Latitude": "25.9291109",
                "Longitude": "-80.1515497",
                "City": "Miami-Dade County ",
                "Link to Data Source": "https://www.sfwmd.gov/sites/default/files/documents/FloodResiliency_SFWMD_2023ConsolidatedAnnualReport.pdf",
                "Implementating Agency": "SFWMD",
                "Infrastructure Type": "Hybrid",
                "Categories": "Flood Control Infrastructure",
                "Disaster Focus": "Multi-hazard",
                "New 15-25 Words Project Description": "Upgrade the S-29 coastal structure and incorporates nature-based features to improve flood protection and resilience in the C-9 Basin.",
                "Project Start Date": "2022",
                "Project End Date": "2025",
                "Project Status": "Ongoing",
                "OLD * Brief Description of the Project": "Similar to above; Pickwick Lake wetland restoration/stormwater detention area features ; nature based features",
                "Estimated Project Cost": "355280352",
                "Additional Comments": ""
            },
            "geometry": {
                "type": "Point",
                "coordinates": [
                    -80.1515497,
                    25.9291109
                ]
            }
        },
        {
            "type": "Feature",
            "properties": {
                "Project Name": "Tweddle Park Pump Station Retrofit",
                "Latitude": "25.957605",
                "Longitude": "-80.120849",
                "City": "Golden Beach ",
                "Link to Data Source": "https://capitaloutlook.com/3d-b-stormwater-facility-wins-the-statewide-environmental-project-of-the-year-award/#:~:text=Notably%2C%20the%20project%20received%20500%2C000%20in%20grant,for%20its%20novel%20stormwater%20filtration%20treatment%20methods.",
                "Implementating Agency": "Town of Golden Beach ",
                "Infrastructure Type": "Gray",
                "Categories": "Flood Control Infrastructure",
                "Disaster Focus": "Multi-hazard",
                "New 15-25 Words Project Description": "Enhances stormwater management in Golden Beach by upgrading pumps, treatment devices, and converting the outfall system to a pumped force main.",
                "Project Start Date": "2024",
                "Project End Date": "2026",
                "Project Status": "Ongoing",
                "OLD * Brief Description of the Project": "Upgrading pumps, drainage, and converting to a force main.",
                "Estimated Project Cost": "834509",
                "Additional Comments": ""
            },
            "geometry": {
                "type": "Point",
                "coordinates": [
                    -80.120849,
                    25.957605
                ]
            }
        },
        {
            "type": "Feature",
            "properties": {
                "Project Name": "Center Island Project",
                "Latitude": "25.966406",
                "Longitude": "-80.122466",
                "City": "Golden Beach ",
                "Link to Data Source": "https://www.goldenbeach.us/wp-content/uploads/2019/01/RESO.-2582.18-Adopting-a-stormwater-facilities-improvement-plan-for-a-state-revolving-loan-fund-program.pdf",
                "Implementating Agency": "town of Golden Beach ",
                "Infrastructure Type": "Gray",
                "Categories": "Shoreline Protection",
                "Disaster Focus": "Storm Surge",
                "New 15-25 Words Project Description": "As of September 2025, the town of Golden Beach has no current or publicly announced capital projects for beach renourishment. ",
                "Project Start Date": "Null",
                "Project End Date": "Null",
                "Project Status": "Ongoing",
                "OLD * Brief Description of the Project": "As of September 2025, the town of Golden Beach has no current or publicly announced capital projects for beach renourishment. ",
                "Estimated Project Cost": "",
                "Additional Comments": ""
            },
            "geometry": {
                "type": "Point",
                "coordinates": [
                    -80.122466,
                    25.966406
                ]
            }
        },
        {
            "type": "Feature",
            "properties": {
                "Project Name": "Miami Beach North Beach Pump & Road Elevation",
                "Latitude": "25.86266534",
                "Longitude": "-80.12191698",
                "City": "Miami Beach ",
                "Link to Data Source": "https://www.mbrisingabove.com/wp-content/uploads/Road-Elevation-Strategy.pdf",
                "Implementating Agency": "City of Miami Beach Public Works Department ",
                "Infrastructure Type": "Gray",
                "Categories": "Flood Control Infrastructure",
                "Disaster Focus": "Multi-hazard",
                "New 15-25 Words Project Description": "Pump upgrades and partial road elevation in North Beach neighborhoods.",
                "Project Start Date": "2016",
                "Project End Date": "Null",
                "Project Status": "Ongoing",
                "OLD * Brief Description of the Project": "Pump upgrades and partial road elevation in North Beach neighborhoods.",
                "Estimated Project Cost": "",
                "Additional Comments": ""
            },
            "geometry": {
                "type": "Point",
                "coordinates": [
                    -80.12191698,
                    25.86266534
                ]
            }
        },
        {
            "type": "Feature",
            "properties": {
                "Project Name": "5333 Collins Avenue Department",
                "Latitude": "25.83239362",
                "Longitude": "-80.12099873",
                "City": "Miami Beach ",
                "Link to Data Source": "https://prodapps.dep.state.fl.us/bcms/secure/PermitDetails/getPermit/104576",
                "Implementating Agency": "Collins Acquisitions ",
                "Infrastructure Type": "Gray",
                "Categories": "Public Facilities",
                "Disaster Focus": "Multi-hazard",
                "New 15-25 Words Project Description": "Project details undisclosed",
                "Project Start Date": "2025",
                "Project End Date": "2025",
                "Project Status": "Completed",
                "OLD * Brief Description of the Project": "to be determined ",
                "Estimated Project Cost": "300",
                "Additional Comments": ""
            },
            "geometry": {
                "type": "Point",
                "coordinates": [
                    -80.12099873,
                    25.83239362
                ]
            }
        },
        {
            "type": "Feature",
            "properties": {
                "Project Name": "Miami Dade County Infrastructure Interconnectivity Project ",
                "Latitude": "25.78063",
                "Longitude": "-80.19604",
                "City": "Miami",
                "Link to Data Source": "https://www.miamidadetpo.org/library/smartplan-booklet-2017.pdf#:~:text=It%20is%20anticipated%20that%20the%20overall%20cost,will%20be%20critical%20to%20deliver%20these%20projects.",
                "Implementating Agency": "Miami-Dade County",
                "Infrastructure Type": "Gray",
                "Categories": "Connectivity ",
                "Disaster Focus": "Multi-hazard",
                "New 15-25 Words Project Description": "Improves connectivity across infrastructure networks inking transit, utilities, communication systems, and streetsÂto support efficient, resilient, and integrated urban services. Total estimated cost $9.13 billion. $2.90 billion has identified funding; the remaining balance is being addressed.",
                "Project Start Date": "2025",
                "Project End Date": "Null",
                "Project Status": "Ongoing",
                "OLD * Brief Description of the Project": " linking public properties to improve system redundancy. Total estimated cost $9.13 billion. $2.90 billion has identified funding; the remaining balance is being addressed.",
                "Estimated Project Cost": "9130000000",
                "Additional Comments": ""
            },
            "geometry": {
                "type": "Point",
                "coordinates": [
                    -80.19604,
                    25.78063
                ]
            }
        },
        {
            "type": "Feature",
            "properties": {
                "Project Name": "Brickell Bay Drive Seawall & Resiliency Improvements",
                "Latitude": "25.757756",
                "Longitude": "-80.18924896",
                "City": "Miami",
                "Link to Data Source": "https://www.miami.gov/My-Government/Departments/Resilience-and-Public-Works/Resilience-and-Public-Works-Projects-Per-District/District-2-Resilience-and-Public-Works-Projects/Brickell-Bay-Drive-Seawall-Resiliency-Improvements",
                "Implementating Agency": "Department of Resilience and Public Works ",
                "Infrastructure Type": "Hybrid",
                "Categories": "Flood Control Infrastructure",
                "Disaster Focus": "Flooding",
                "New 15-25 Words Project Description": "To build a roadway and stormwater infrastructure improvements including roadway reconstruction. ",
                "Project Start Date": "2027",
                "Project End Date": "2028",
                "Project Status": "Ongoing",
                "OLD * Brief Description of the Project": "To build a roadway and stormwater infrastructure improvements including roadway reconstruction. ",
                "Estimated Project Cost": "29328189",
                "Additional Comments": ""
            },
            "geometry": {
                "type": "Point",
                "coordinates": [
                    -80.18924896,
                    25.757756
                ]
            }
        },
        {
            "type": "Feature",
            "properties": {
                "Project Name": "Civic Center Project",
                "Latitude": "25.95746889",
                "Longitude": "-80.12136504",
                "City": "Golden Beach",
                "Link to Data Source": "https://www.goldenbeach.us/wp-content/uploads/2024/04/RESO-2933.24-Authorizing-Additional-Scope-of-Work-to-the-Design-Build-Agreement-with-Gerrits-Construction-Inc.-for-the-Town-Civic-Center.pdf",
                "Implementating Agency": "Town of Golden Beach ",
                "Infrastructure Type": "Gray",
                "Categories": "Public Facilities",
                "Disaster Focus": "Multi-hazard",
                "New 15-25 Words Project Description": "Constructing a three-story municipal building to house town departments, including council chambers and an emergency operations center.",
                "Project Start Date": "2020",
                "Project End Date": "2025",
                "Project Status": "Ongoing",
                "OLD * Brief Description of the Project": " enhancing community infrastructure with resilience elements.",
                "Estimated Project Cost": "5000000",
                "Additional Comments": ""
            },
            "geometry": {
                "type": "Point",
                "coordinates": [
                    -80.12136504,
                    25.95746889
                ]
            }
        },
        {
            "type": "Feature",
            "properties": {
                "Project Name": "Hialeah Gardens Canal & Drainage Upgrades",
                "Latitude": "25.89789",
                "Longitude": "-80.37162",
                "City": "Hialeah Gardens ",
                "Link to Data Source": "http://www.hialeahgardens.gov/",
                "Implementating Agency": "DERM",
                "Infrastructure Type": "Hybrid",
                "Categories": "Flood Control Infrastructure",
                "Disaster Focus": "Flooding",
                "New 15-25 Words Project Description": "Canal dredging and drainage improvements to reduce neighborhood flooding.",
                "Project Start Date": "2017",
                "Project End Date": "Null",
                "Project Status": "Ongoing",
                "OLD * Brief Description of the Project": "Canal dredging and drainage improvements to reduce neighborhood flooding.",
                "Estimated Project Cost": "",
                "Additional Comments": ""
            },
            "geometry": {
                "type": "Point",
                "coordinates": [
                    -80.37162,
                    25.89789
                ]
            }
        },
        {
            "type": "Feature",
            "properties": {
                "Project Name": "Drainage & road elevation projects for localized flooding",
                "Latitude": "25.86719",
                "Longitude": "-80.33844",
                "City": "Hialeah Gardens ",
                "Link to Data Source": "https://www.cityofhialeahgardens.com/departments/public-works/storm-water-utility#:~:text=The%20Stormwater%20Utility%20will%20improve,drainage%20systems%20will%20be%20improved.",
                "Implementating Agency": "City of Hialeah Gardens ",
                "Infrastructure Type": "Gray",
                "Categories": "Flood Control Infrastructure",
                "Disaster Focus": "Flooding",
                "New 15-25 Words Project Description": "Flordia Air and Water Pollution Control Act and local governments are required to develop stormwater management programs, but there is no detailed plans in the meantime. ",
                "Project Start Date": "Null",
                "Project End Date": "Null",
                "Project Status": "Ongoing",
                "OLD * Brief Description of the Project": "Flordia Air and Water Pollution Control Act and local governments are required to develop stormwater management programs, but there is no detailed plans in the meantime. ",
                "Estimated Project Cost": "",
                "Additional Comments": ""
            },
            "geometry": {
                "type": "Point",
                "coordinates": [
                    -80.33844,
                    25.86719
                ]
            }
        },
        {
            "type": "Feature",
            "properties": {
                "Project Name": "Stormwater pond dredging and retention basin upgrades",
                "Latitude": "25.91279",
                "Longitude": "-80.34711",
                "City": "Miami Lakes ",
                "Link to Data Source": "https://www.miamilakes-fl.gov/miami-lakes-receives-grant-for-drainage-improvement-project/#:~:text=The%20Federal%20Emergency%20Management%20Agency,the%20Town%20of%20Miami%20Lakes.",
                "Implementating Agency": "town of Miami Lakes ",
                "Infrastructure Type": "Hybrid",
                "Categories": "Flood Control Infrastructure",
                "Disaster Focus": "Flooding",
                "New 15-25 Words Project Description": "Stormwater infrastructure & roadway improvements to alleviate localized flooding affecting 650 properties. Enhance water quality and improve resilience of the community's infrastructure. ",
                "Project Start Date": "2025",
                "Project End Date": "2028",
                "Project Status": "Ongoing",
                "OLD * Brief Description of the Project": "Stormwater infrastructure & roadway improvements to alleviate localized flooding affecting 650 properties. Enhance water quality and improve resilience of the community's infrastructure. ",
                "Estimated Project Cost": "10070651",
                "Additional Comments": ""
            },
            "geometry": {
                "type": "Point",
                "coordinates": [
                    -80.34711,
                    25.91279
                ]
            }
        },
        {
            "type": "Feature",
            "properties": {
                "Project Name": "C-4 Canal Embankment Resiliency ",
                "Latitude": "25.7617333",
                "Longitude": "-80.353576",
                "City": "Miami-Dade County ",
                "Link to Data Source": "https://www.miami.gov/My-Government/Departments/Resilience-and-Public-Works/Resilience-and-Public-Works-Projects-Per-District/District-2-Resilience-and-Public-Works-Projects/S.-Bayshore-Ln.-Fairview-St.-Roadway-Improvements-New-Pump-Station",
                "Implementating Agency": "SFWMD",
                "Infrastructure Type": "Hybrid",
                "Categories": "Flood Control Infrastructure",
                "Disaster Focus": "Flooding",
                "New 15-25 Words Project Description": "Elevate and reinforces C-4 Canal embankments along S. Bayshore Lane and Fairview Street, incorporating a new pump station to mitigate flooding risks.",
                "Project Start Date": "2014",
                "Project End Date": "2026",
                "Project Status": "Ongoing",
                "OLD * Brief Description of the Project": "Construction of flood walls along the Canal. These embankments are designed to contain floodwaters and provide improved flood protection to local communities.",
                "Estimated Project Cost": "404229040",
                "Additional Comments": ""
            },
            "geometry": {
                "type": "Point",
                "coordinates": [
                    -80.353576,
                    25.7617333
                ]
            }
        },
        {
            "type": "Feature",
            "properties": {
                "Project Name": "Stormwater retention & pump station upgrades within Doral neighborhoods",
                "Latitude": "25.8195",
                "Longitude": "-80.3553",
                "City": "Doral ",
                "Link to Data Source": "https://www.cityofdoral.com/files/assets/city/v/1/departments/procurement/2022-bid-docs/2022-23/2022-23-itb-stormwater-improvements-sub-basin-nw-33-st-w-notice.pdf",
                "Implementating Agency": "Stormwater Utility Division ",
                "Infrastructure Type": "Hybrid",
                "Categories": "Flood Control Infrastructure",
                "Disaster Focus": "Flooding",
                "New 15-25 Words Project Description": "Doral has active CIP projects focused on drainage and pump improvements. The pump station has been upgraded to a 20HP pumps to a more efficient 45HP submersible pumps. ",
                "Project Start Date": "2021",
                "Project End Date": "Null",
                "Project Status": "Ongoing",
                "OLD * Brief Description of the Project": "Doral has active CIP projects focused on drainage and pump improvements. The pump station has been upgraded to a 20HP pumps to a more efficient 45HP submersible pumps. ",
                "Estimated Project Cost": "11000000",
                "Additional Comments": ""
            },
            "geometry": {
                "type": "Point",
                "coordinates": [
                    -80.3553,
                    25.8195
                ]
            }
        },
        {
            "type": "Feature",
            "properties": {
                "Project Name": "Resources Recovery Facility",
                "Latitude": "25.8370974",
                "Longitude": "-80.3589412",
                "City": "Miami-Dade County ",
                "Link to Data Source": "https://www.miamidade.gov/global/solidwaste/sustainable-solid-waste/wte-doral-site-rff.page",
                "Implementating Agency": "Miami Dade County Solid Waste Management Division",
                "Infrastructure Type": "Gray",
                "Categories": "Sustainability Initiatives",
                "Disaster Focus": "Multi-hazard",
                "New 15-25 Words Project Description": "Use waste to convert it to energy plant. In the contrary, there has been issues with several damages due to a fire. The county is exploring options to replace the facility. ",
                "Project Start Date": "2022",
                "Project End Date": "Null",
                "Project Status": "Ongoing",
                "OLD * Brief Description of the Project": "The project's agenda is to use waste to convert it to energy plant. In the contrary, there has been issues with several damages due to a fire. The county is exploring options to replace the facility. ",
                "Estimated Project Cost": "1500000000",
                "Additional Comments": ""
            },
            "geometry": {
                "type": "Point",
                "coordinates": [
                    -80.3589412,
                    25.8370974
                ]
            }
        },
        {
            "type": "Feature",
            "properties": {
                "Project Name": "Dolphin Station #68",
                "Latitude": "25.79044928",
                "Longitude": "-80.37570363",
                "City": "Doral ",
                "Link to Data Source": "https://www.alleguezarchitecture.com/projects/fire-stations/mdfr-fire-station-68",
                "Implementating Agency": "Miami Dade Fire Rescue ",
                "Infrastructure Type": "Gray",
                "Categories": "Sustainability Initiatives",
                "Disaster Focus": "Flooding",
                "New 15-25 Words Project Description": "LEED Silver Certification, batteries and generators for backup power, and a grid connection for emergencies, solar power",
                "Project Start Date": "2018",
                "Project End Date": "2024",
                "Project Status": "Completed",
                "OLD * Brief Description of the Project": "LEED Silver Certification, batteries and generators for backup power, and a grid connection for emergencies, solar power",
                "Estimated Project Cost": "7800000",
                "Additional Comments": ""
            },
            "geometry": {
                "type": "Point",
                "coordinates": [
                    -80.37570363,
                    25.79044928
                ]
            }
        },
        {
            "type": "Feature",
            "properties": {
                "Project Name": "Sweetwater Roadway and Drainage Improvements ",
                "Latitude": "25.767765",
                "Longitude": "-80.37898",
                "City": "Sweetwater",
                "Link to Data Source": "https://www.flsenate.gov/PublishedContent/Session/FiscalYear/FY2024-25/LocalFundingInitiativeRequests/FY2024-25_S1736.pdf",
                "Implementating Agency": "City of Sweetwater ",
                "Infrastructure Type": "Gray",
                "Categories": "Flood Control Infrastructure",
                "Disaster Focus": "Flooding",
                "New 15-25 Words Project Description": "Enhance quality of life, improve public rights of way, and safety in the city's northern area and lateral roads. Overall improve public safety for residents and businesses. ",
                "Project Start Date": "2024",
                "Project End Date": "Null",
                "Project Status": "Ongoing",
                "OLD * Brief Description of the Project": "This project will enhance quality of life, improve public rights of way, and safety in the city's northern area and lateral roads. Overall improve public safety for residents and businesses. ",
                "Estimated Project Cost": "4500000",
                "Additional Comments": ""
            },
            "geometry": {
                "type": "Point",
                "coordinates": [
                    -80.37898,
                    25.767765
                ]
            }
        },
        {
            "type": "Feature",
            "properties": {
                "Project Name": "Sweetwater Drainage Rehabilitation Project",
                "Latitude": "25.7912",
                "Longitude": "-80.374",
                "City": "Sweetwater",
                "Link to Data Source": "https://cityofsweetwater.fl.gov/2020/06/30/northern-sweetwater-drainage-improvement-projects/?utm_source=chatgpt.com",
                "Implementating Agency": "City of Sweetwater Public Works ",
                "Infrastructure Type": "Blue",
                "Categories": "Flood Control Infrastructure",
                "Disaster Focus": "Flooding",
                "New 15-25 Words Project Description": "Local drainage improvements addressing chronic flooding in low-lying neighborhoods.",
                "Project Start Date": "2018",
                "Project End Date": "Null",
                "Project Status": "Ongoing",
                "OLD * Brief Description of the Project": "Local drainage improvements addressing chronic flooding in low-lying neighborhoods.",
                "Estimated Project Cost": "",
                "Additional Comments": ""
            },
            "geometry": {
                "type": "Point",
                "coordinates": [
                    -80.374,
                    25.7912
                ]
            }
        },
        {
            "type": "Feature",
            "properties": {
                "Project Name": "City of Homestead Canal & Drainage Rehabilitation",
                "Latitude": "25.47016",
                "Longitude": "-80.462787",
                "City": "Homestead ",
                "Link to Data Source": "https://homesteadfl.gov/civicalerts.aspx?aid=4194",
                "Implementating Agency": "Homestead Public Works Department ",
                "Infrastructure Type": "Hybrid",
                "Categories": "Flood Control Infrastructure",
                "Disaster Focus": "Flooding",
                "New 15-25 Words Project Description": "Canal dredging, pump refurbishment and drainage improvements to reduce inland flooding.",
                "Project Start Date": "2018",
                "Project End Date": "Null",
                "Project Status": "Ongoing",
                "OLD * Brief Description of the Project": "Canal dredging, pump refurbishment and drainage improvements to reduce inland flooding.",
                "Estimated Project Cost": "",
                "Additional Comments": ""
            },
            "geometry": {
                "type": "Point",
                "coordinates": [
                    -80.462787,
                    25.47016
                ]
            }
        },
        {
            "type": "Feature",
            "properties": {
                "Project Name": "Old Cutler Cove Drainage Improvements",
                "Latitude": "25.57923202",
                "Longitude": "-80.33880193",
                "City": "Cutler Bay ",
                "Link to Data Source": "https://www.cutlerbay-fl.gov/sites/default/files/fileattachments/town_manager/page/2211/cutler_bay_swmp-update_1_1-compressed.pdf",
                "Implementating Agency": "Town of Cutler Bay Public Works Division",
                "Infrastructure Type": "Gray",
                "Categories": "Flood Control Infrastructure",
                "Disaster Focus": "Flooding",
                "New 15-25 Words Project Description": "Improve flood resilience and reduces roadway ponding through new drainage pipes, exfiltration trenches, catch basins, and upgraded swales, manholes, and pollution-control systems.",
                "Project Start Date": "Null",
                "Project End Date": "Null",
                "Project Status": "Ongoing",
                "OLD * Brief Description of the Project": "The plan includes 1,410 feet of new drainage pipe installation, 850 feet of exfiltration trenches, and 23 new catch basins. The project aims to improve flood resilience and reduce roadway ponding by enhancing drainage system capacity. Other improvements include new manholes, pollution retardant baffles, and swale restoration. ",
                "Estimated Project Cost": "1738000",
                "Additional Comments": ""
            },
            "geometry": {
                "type": "Point",
                "coordinates": [
                    -80.33880193,
                    25.57923202
                ]
            }
        },
        {
            "type": "Feature",
            "properties": {
                "Project Name": "S-380 Structure Resiliency ",
                "Latitude": "25.76157284",
                "Longitude": "-80.44840929",
                "City": "Miami-Dade County ",
                "Link to Data Source": "https://www.sfwmd.gov/sites/default/files/documents/Draft_2024_Sea_Level_Rise_and_Flood_Resiliency_Plan.pdf",
                "Implementating Agency": "SFWMD",
                "Infrastructure Type": "Gray",
                "Categories": "Flood Control Infrastructure",
                "Disaster Focus": "Flooding",
                "New 15-25 Words Project Description": "Upgrade the S-380 structure to enhance flood prevention capacity, improving stormwater management and resilience against climate-related flooding in Miami.",
                "Project Start Date": "Null",
                "Project End Date": "Null",
                "Project Status": "Ongoing",
                "OLD * Brief Description of the Project": "installing a backflow pump and raising the structure \nelevation",
                "Estimated Project Cost": "17548407",
                "Additional Comments": ""
            },
            "geometry": {
                "type": "Point",
                "coordinates": [
                    -80.44840929,
                    25.76157284
                ]
            }
        },
        {
            "type": "Feature",
            "properties": {
                "Project Name": "Pump Station #22",
                "Latitude": "25.47001",
                "Longitude": "-80.46283",
                "City": "Homestead ",
                "Link to Data Source": "https://www.homesteadfl.gov/664/Pump-Station-22",
                "Implementating Agency": "City of Homestead",
                "Infrastructure Type": "Gray",
                "Categories": "Flood Control Infrastructure",
                "Disaster Focus": "Flooding",
                "New 15-25 Words Project Description": "Improvements of the pump stations throughout the City of Homestead .",
                "Project Start Date": "2023",
                "Project End Date": "2024",
                "Project Status": "Completed",
                "OLD * Brief Description of the Project": "Improvements of the pump stations throughout the City of Homestead ",
                "Estimated Project Cost": "5141905",
                "Additional Comments": ""
            },
            "geometry": {
                "type": "Point",
                "coordinates": [
                    -80.46283,
                    25.47001
                ]
            }
        },
        {
            "type": "Feature",
            "properties": {
                "Project Name": "CERP (Comprehensive Everglades Restoration Plan) South Florida projects affecting county",
                "Latitude": "25.47564371",
                "Longitude": "-80.83913846",
                "City": "Miami-Dade County ",
                "Link to Data Source": "https://www.evergladesrestoration.gov/comprehensive-everglades-restoration-plan",
                "Implementating Agency": "U.S. Army Corps of Engineers ",
                "Infrastructure Type": "Blue",
                "Categories": "Green Infrastructure",
                "Disaster Focus": "Multi-hazard",
                "New 15-25 Words Project Description": "Large-scale restoration projects (CERP) including storage and conveyance that reduce flood and improve water quality.",
                "Project Start Date": "2000",
                "Project End Date": "Null",
                "Project Status": "Ongoing",
                "OLD * Brief Description of the Project": "Large-scale restoration projects (CERP) including storage and conveyance that reduce flood and improve water quality.",
                "Estimated Project Cost": "",
                "Additional Comments": ""
            },
            "geometry": {
                "type": "Point",
                "coordinates": [
                    -80.83913846,
                    25.47564371
                ]
            }
        },
        {
            "type": "Feature",
            "properties": {
                "Project Name": "Canal conveyance upgrades and retention basin projects",
                "Latitude": "25.44909674",
                "Longitude": "-80.41804144",
                "City": "Florida City ",
                "Link to Data Source": "https://www.miamidade.gov/smallbusiness/library/reports/csbe/20131234-project-package.pdf",
                "Implementating Agency": "City of Florida ",
                "Infrastructure Type": "Hybrid",
                "Categories": "Flood Control Infrastructure",
                "Disaster Focus": "Flooding",
                "New 15-25 Words Project Description": "Improve the hydrology within existing environmental sensitive lands of the Flordia City Canal. ",
                "Project Start Date": "2011",
                "Project End Date": "Null",
                "Project Status": "Ongoing",
                "OLD * Brief Description of the Project": "The goal for this project is to improve the hydrology within existing environmental sensitive lands of the Flordia City Canal. ",
                "Estimated Project Cost": "1623700",
                "Additional Comments": ""
            },
            "geometry": {
                "type": "Point",
                "coordinates": [
                    -80.41804144,
                    25.44909674
                ]
            }
        },
        {
            "type": "Feature",
            "properties": {
                "Project Name": "Urban Forestry Program",
                "Latitude": "25.418",
                "Longitude": "-80.49",
                "City": "Miami-Dade County ",
                "Link to Data Source": "https://www.miamidade.gov/economy/library/urban-forestry-report.pdf",
                "Implementating Agency": "City of North Miami Beach ",
                "Infrastructure Type": "Green",
                "Categories": "Green Infrastructure",
                "Disaster Focus": "Extreme Heat",
                "New 15-25 Words Project Description": "Expands and protects tree canopy in urban zones to cool neighborhoods, filter stormwater and air pollutants, sequester carbon, and promote community well-being.",
                "Project Start Date": "2006",
                "Project End Date": "Null",
                "Project Status": "Ongoing",
                "OLD * Brief Description of the Project": "Climate-adaptive tree canopy management.",
                "Estimated Project Cost": "100000",
                "Additional Comments": ""
            },
            "geometry": {
                "type": "Point",
                "coordinates": [
                    -80.49,
                    25.418
                ]
            }
        },
        {
            "type": "Feature",
            "properties": {
                "Project Name": "Everglades C-111 Spreader Canal & Restoration Projects (USACE/SFWMD)",
                "Latitude": "25.35253454",
                "Longitude": "-80.5251862",
                "City": "Miami-Dade County ",
                "Link to Data Source": "https://www.sfwmd.gov/",
                "Implementating Agency": "South Florida Water Management District ",
                "Infrastructure Type": "Blue",
                "Categories": "Flood Control Infrastructure",
                "Disaster Focus": "Flooding",
                "New 15-25 Words Project Description": "Restoration and flow improvements in southern Everglades affecting Miami-Dade hydrology.",
                "Project Start Date": "2012",
                "Project End Date": "Null",
                "Project Status": "Ongoing",
                "OLD * Brief Description of the Project": "Restoration and flow improvements in southern Everglades affecting Miami-Dade hydrology.",
                "Estimated Project Cost": "100000000",
                "Additional Comments": ""
            },
            "geometry": {
                "type": "Point",
                "coordinates": [
                    -80.5251862,
                    25.35253454
                ]
            }
        },
        {
            "type": "Feature",
            "properties": {
                "Project Name": "Whispering Pines Estates Sec. 1 Drainage Improvements",
                "Latitude": "25.58567261",
                "Longitude": "-80.34076344",
                "City": "Cutler Bay ",
                "Link to Data Source": "Cutler Bay SWMP",
                "Implementating Agency": "Town of Cutler Bay Public Works Division",
                "Infrastructure Type": "Gray",
                "Categories": "Flood Control Infrastructure",
                "Disaster Focus": "Flooding",
                "New 15-25 Words Project Description": "Improve inadequate drainage by adding new pipes, exfiltration trenches, catch basins, and manholes to enhance runoff performance and stormwater management.",
                "Project Start Date": "2024",
                "Project End Date": "2024",
                "Project Status": "Completed",
                "OLD * Brief Description of the Project": "Focuses on addressing the lack of adequate drainage infrastructure, where existing swales and catch basins fail to meet runoff performance goals. Planned enhancements include nearly 8,700 feet of drainage pipe installation, exfiltration trench systems, and over 60 new catch basins and manholes. ",
                "Estimated Project Cost": "4302000",
                "Additional Comments": ""
            },
            "geometry": {
                "type": "Point",
                "coordinates": [
                    -80.34076344,
                    25.58567261
                ]
            }
        },
        {
            "type": "Feature",
            "properties": {
                "Project Name": "Bal Harbour Village Harbourfront Park Shoreline Resilience",
                "Latitude": "25.89916236",
                "Longitude": "-80.12214531",
                "City": "Bal Harbour",
                "Link to Data Source": "https://experience.arcgis.com/experience/d4f2e042f59e4b2eaee108c0777a0937#data_s=id%3AdataSource_39-18afc2829a4-layer-11%3A17",
                "Implementating Agency": "Village of Bal Harbour Public Works and Department ",
                "Infrastructure Type": "Hybrid",
                "Categories": "Shoreline Protection",
                "Disaster Focus": "Multi-hazard",
                "New 15-25 Words Project Description": "Enhancing coastal resilience by integrating a linear waterfront park with the historic jetty, providing public access and environmental benefits.",
                "Project Start Date": "2024",
                "Project End Date": "Null",
                "Project Status": "Ongoing",
                "OLD * Brief Description of the Project": "Living Shoreline and Erosion Control; Coastal Flood Control",
                "Estimated Project Cost": "16000000",
                "Additional Comments": ""
            },
            "geometry": {
                "type": "Point",
                "coordinates": [
                    -80.12214531,
                    25.89916236
                ]
            }
        },
        {
            "type": "Feature",
            "properties": {
                "Project Name": "City of Miami Beach Middle Beach Seawalls and Living Shorelines",
                "Latitude": "25.82077435",
                "Longitude": "-80.12289349",
                "City": "Miami Beach ",
                "Link to Data Source": "https://experience.arcgis.com/experience/d4f2e042f59e4b2eaee108c0777a0937#data_s=id%3AdataSource_39-18afc2829a4-layer-11%3A17%2Cid%3AdataSource_40-18b430bf924-layer-10%3A157",
                "Implementating Agency": "Resilience and Public Works Department ",
                "Infrastructure Type": "Hybrid",
                "Categories": "Green Infrastructure",
                "Disaster Focus": "Multi-hazard",
                "New 15-25 Words Project Description": "Enhances coastal resilience in Middle Beach by constructing protective seawalls, implementing living shorelines with native vegetation, and developing a baywalk for public access.",
                "Project Start Date": "2023",
                "Project End Date": "2026",
                "Project Status": "Ongoing",
                "OLD * Brief Description of the Project": "Mititagte threats from flooding and sea level rise; Coastal flood control; stromwater Infrastructure; Living Shoreline and Erosion Control; Natural System Restoration",
                "Estimated Project Cost": "3605910",
                "Additional Comments": ""
            },
            "geometry": {
                "type": "Point",
                "coordinates": [
                    -80.12289349,
                    25.82077435
                ]
            }
        },
        {
            "type": "Feature",
            "properties": {
                "Project Name": "Townwide Manhole Rehabilitation",
                "Latitude": "25.87792117",
                "Longitude": "-80.1235805",
                "City": "Surfside ",
                "Link to Data Source": "10-weekly-overview.pdf",
                "Implementating Agency": "Town of Surfside ",
                "Infrastructure Type": "Gray",
                "Categories": "Flood Control Infrastructure",
                "Disaster Focus": "Flooding",
                "New 15-25 Words Project Description": "Project details undisclosed",
                "Project Start Date": "2022",
                "Project End Date": "2023",
                "Project Status": "Completed",
                "OLD * Brief Description of the Project": "Following a Sanitary Sewer Evaluation Survey Smoke Testing Project, it identified that 64 manholes within the Town required rehabilitation. Manhole structures are susceptible to aging and deteriorating, threatening the integrity of the entire sanitary system. This can lead to water infiltration which then needs to be processed and treated with the process costing the Town, hence, the goal of this project is to mitigate against those problems.",
                "Estimated Project Cost": "1475536.8",
                "Additional Comments": ""
            },
            "geometry": {
                "type": "Point",
                "coordinates": [
                    -80.1235805,
                    25.87792117
                ]
            }
        },
        {
            "type": "Feature",
            "properties": {
                "Project Name": "City of Miami Beach North Beach Town Center",
                "Latitude": "25.85709819",
                "Longitude": "-80.1226133",
                "City": "Miami Beach ",
                "Link to Data Source": "https://experience.arcgis.com/experience/d4f2e042f59e4b2eaee108c0777a0937#data_s=id%3AdataSource_39-18afc2829a4-layer-11%3A17%2Cid%3AdataSource_40-18b430bf924-layer-10%3A697",
                "Implementating Agency": "City of Miami Beach Environment and Sustainability Department ",
                "Infrastructure Type": "Gray",
                "Categories": "Public Facilities",
                "Disaster Focus": "Multi-hazard",
                "New 15-25 Words Project Description": "Elevates roads, upgrades stormwater systems, and replaces water and sewer mains in North Beach to improve evacuation routes, reliability, reduce flooding, and protect water quality.",
                "Project Start Date": "2022",
                "Project End Date": "2026",
                "Project Status": "Ongoing",
                "OLD * Brief Description of the Project": "not stated",
                "Estimated Project Cost": "10000000",
                "Additional Comments": ""
            },
            "geometry": {
                "type": "Point",
                "coordinates": [
                    -80.1226133,
                    25.85709819
                ]
            }
        },
        {
            "type": "Feature",
            "properties": {
                "Project Name": "Town of Surfside's Abbott Avenue Stormwater Improvements",
                "Latitude": "25.87981306",
                "Longitude": "-80.12385806",
                "City": "Surfside ",
                "Link to Data Source": "https://experience.arcgis.com/experience/d4f2e042f59e4b2eaee108c0777a0937#data_s=id%3AdataSource_39-18afc2829a4-layer-11%3A17",
                "Implementating Agency": "Town of Surfside Public Works Department ",
                "Infrastructure Type": "Gray",
                "Categories": "Flood Control Infrastructure",
                "Disaster Focus": "Flooding",
                "New 15-25 Words Project Description": "Evaluation and assessment of the existing stormwater drainage conditions, preparing a report, and offering options for improvements to resolve issues with ponding and setting water, including estimation of construction improvements.",
                "Project Start Date": "2022",
                "Project End Date": "Null",
                "Project Status": "Ongoing",
                "OLD * Brief Description of the Project": "evaluation and assessment of the existing stormwater drainage conditions, preparing a report, and offering options for improvements to resolve issues with ponding and setting water, including estimation of construction improvements.",
                "Estimated Project Cost": "10600000",
                "Additional Comments": ""
            },
            "geometry": {
                "type": "Point",
                "coordinates": [
                    -80.12385806,
                    25.87981306
                ]
            }
        },
        {
            "type": "Feature",
            "properties": {
                "Project Name": "Dune Resliliency",
                "Latitude": "25.88114522",
                "Longitude": "-80.12072485",
                "City": "Surfside ",
                "Link to Data Source": "https://www.townofsurfsidefl.gov/departments-services/capital-improvement-projects",
                "Implementating Agency": "City of Miami Beach, Surfside ",
                "Infrastructure Type": "Green",
                "Categories": "Shoreline Protection",
                "Disaster Focus": "Storm Surge",
                "New 15-25 Words Project Description": "Restoring and elevating dunes along Surfside's beachfront to enhance coastal resilience, support native vegetation, and mitigate storm surge and flooding risks.",
                "Project Start Date": "2025",
                "Project End Date": "2026",
                "Project Status": "Ongoing",
                "OLD * Brief Description of the Project": "Improvements of the dune infrastructure. ",
                "Estimated Project Cost": "120470000",
                "Additional Comments": ""
            },
            "geometry": {
                "type": "Point",
                "coordinates": [
                    -80.12072485,
                    25.88114522
                ]
            }
        },
        {
            "type": "Feature",
            "properties": {
                "Project Name": "Bal Harbour Design Memorandum",
                "Latitude": "25.89427622",
                "Longitude": "-80.12175318",
                "City": "Bal Harbour",
                "Link to Data Source": "https://www.miamidade.gov/environment/library/reports/beach-renourishment-doc.pdf",
                "Implementating Agency": "South Atlantic Division Office ",
                "Infrastructure Type": "Blue",
                "Categories": "Shoreline Protection",
                "Disaster Focus": "Multi-hazard",
                "New 15-25 Words Project Description": "The Design Memorandum is in construction for provding wave energy attenuation, since the last construction was done in the early 1970's. ",
                "Project Start Date": "2008",
                "Project End Date": "Null",
                "Project Status": "Ongoing",
                "OLD * Brief Description of the Project": "The Design Memorandum is in construction for provding wave energy attenuation, since the last construction was done in the early 1970's. ",
                "Estimated Project Cost": "550000000",
                "Additional Comments": ""
            },
            "geometry": {
                "type": "Point",
                "coordinates": [
                    -80.12175318,
                    25.89427622
                ]
            }
        },
        {
            "type": "Feature",
            "properties": {
                "Project Name": "Sand Backpassing from Accretional to Erosional Areas",
                "Latitude": "25.79174824",
                "Longitude": "-80.12724339",
                "City": "Miami Beach ",
                "Link to Data Source": "https://www.miamidade.gov/environment/library/reports/beach-renourishment-doc.pdf",
                "Implementating Agency": "Miami Dade County ",
                "Infrastructure Type": "Blue",
                "Categories": "Shoreline Protection",
                "Disaster Focus": "Storm Surge",
                "New 15-25 Words Project Description": "State Beach Erosion Capital Plan to provide implementation of sand backpassing from accretional to erosional areas to the north. ",
                "Project Start Date": "2007",
                "Project End Date": "Null",
                "Project Status": "Ongoing",
                "OLD * Brief Description of the Project": "None",
                "Estimated Project Cost": "11300000",
                "Additional Comments": ""
            },
            "geometry": {
                "type": "Point",
                "coordinates": [
                    -80.12724339,
                    25.79174824
                ]
            }
        },
        {
            "type": "Feature",
            "properties": {
                "Project Name": "Periodic Nourishment and Maintenance ",
                "Latitude": "25.80478184",
                "Longitude": "-80.12317417",
                "City": "Miami-Dade County ",
                "Link to Data Source": "https://www.miamidade.gov/environment/library/reports/beach-renourishment-doc.pdf",
                "Implementating Agency": "Miami Dade County",
                "Infrastructure Type": "Blue",
                "Categories": "Shoreline Protection",
                "Disaster Focus": "Storm Surge",
                "New 15-25 Words Project Description": "Conduct periodic nourishment of the projects through the placement of additional sand to offset the losses to storms and other factors. ",
                "Project Start Date": "2006",
                "Project End Date": "Null",
                "Project Status": "Ongoing",
                "OLD * Brief Description of the Project": "Conduct periodic nourishment of the projects through the placement of additional sand to offset the losses to storms and other factors. ",
                "Estimated Project Cost": "",
                "Additional Comments": ""
            },
            "geometry": {
                "type": "Point",
                "coordinates": [
                    -80.12317417,
                    25.80478184
                ]
            }
        },
        {
            "type": "Feature",
            "properties": {
                "Project Name": "Bal Harbour Village Stormwater Improvements",
                "Latitude": "25.88877152",
                "Longitude": "-80.12616977",
                "City": "Bal Harbour",
                "Link to Data Source": "https://experience.arcgis.com/experience/d4f2e042f59e4b2eaee108c0777a0937#data_s=id%3AdataSource_39-18afc2829a4-layer-11%3A17%2Cid%3AdataSource_40-18b430bf924-layer-10%3A177",
                "Implementating Agency": "Village of Bal Harbour Public Works and Department ",
                "Infrastructure Type": "Gray",
                "Categories": "Flood Control Infrastructure",
                "Disaster Focus": "Multi-hazard",
                "New 15-25 Words Project Description": "Enhancing stormwater infrastructure to reduce flooding, protect water quality, and accommodate sea level rise in Bal Harbour Village.",
                "Project Start Date": "2023",
                "Project End Date": "Null",
                "Project Status": "Ongoing",
                "OLD * Brief Description of the Project": "Mitigate threats from flooding and sea level rise; Adapt critical assets to effects of flooding and sea level rise; Stormwater Infrastructure",
                "Estimated Project Cost": "1548000",
                "Additional Comments": ""
            },
            "geometry": {
                "type": "Point",
                "coordinates": [
                    -80.12616977,
                    25.88877152
                ]
            }
        },
        {
            "type": "Feature",
            "properties": {
                "Project Name": "North Shore D Neighborhood Improvement ",
                "Latitude": "25.85605285",
                "Longitude": "-80.12325298",
                "City": "Miami Beach ",
                "Link to Data Source": "https://www.miamibeachfl.gov/residents/neighborhood-affairs-division/active-projects/neighborhood-improvements/north-shore-d-phase-one/",
                "Implementating Agency": "City of Miami Beach",
                "Infrastructure Type": "Gray",
                "Categories": "Flood Control Infrastructure",
                "Disaster Focus": "Flooding",
                "New 15-25 Words Project Description": "Improve stormwater, water & sewer systems to boost capacity, resilience, and neighborhood infrastructure in North Shore D.",
                "Project Start Date": "2024",
                "Project End Date": "Null",
                "Project Status": "Ongoing",
                "OLD * Brief Description of the Project": "An infrastructure initiative aimed at enhancing stormwater, water, and sewer systems in a priority flood mitigation area. The project focuses on increasing system capacity, rehabilitating aging infrastructure, and improving water quality for residents.",
                "Estimated Project Cost": "140000000",
                "Additional Comments": ""
            },
            "geometry": {
                "type": "Point",
                "coordinates": [
                    -80.12325298,
                    25.85605285
                ]
            }
        },
        {
            "type": "Feature",
            "properties": {
                "Project Name": "Stormwater outfall upgrades and pump improvements",
                "Latitude": "25.89053487",
                "Longitude": "-80.13339245",
                "City": "Bal Harbour",
                "Link to Data Source": "https://balharbourfl.gov/capital-projects/utility-improvements/",
                "Implementating Agency": "Village of Bal Harbour ",
                "Infrastructure Type": "Gray",
                "Categories": "Flood Control Infrastructure",
                "Disaster Focus": "Flooding",
                "New 15-25 Words Project Description": "Stormwater pump station upgrades (Phase 2) to modernize pumps, motors, and electrical systems for improved stormwater management.",
                "Project Start Date": "2025",
                "Project End Date": "Null",
                "Project Status": "Ongoing",
                "OLD * Brief Description of the Project": "Stormwater pump station upgrades (Phase 2) to modernize pumps, motors, and electrical systems for improved stormwater management.",
                "Estimated Project Cost": "6000000",
                "Additional Comments": ""
            },
            "geometry": {
                "type": "Point",
                "coordinates": [
                    -80.13339245,
                    25.89053487
                ]
            }
        },
        {
            "type": "Feature",
            "properties": {
                "Project Name": "Village of Bal Harbour Stormwater Pump Station Upgrades",
                "Latitude": "25.89498994",
                "Longitude": "-80.12760852",
                "City": "Bal Harbour",
                "Link to Data Source": "https://experience.arcgis.com/experience/d4f2e042f59e4b2eaee108c0777a0937#data_s=id%3AdataSource_39-18afc2829a4-layer-11%3A17",
                "Implementating Agency": "Village of Bal Harbour Public Works and Department ",
                "Infrastructure Type": "Hybrid",
                "Categories": "Flood Control Infrastructure",
                "Disaster Focus": "Multi-hazard",
                "New 15-25 Words Project Description": "Design and construction for upgrades including specific mechanical, structural, electrical, and design improvements to the system in response to an elvaluation of vulnerablities to the system",
                "Project Start Date": "2022",
                "Project End Date": "Null",
                "Project Status": "Ongoing",
                "OLD * Brief Description of the Project": "Design and construction for upgrades to differ portions of the Bal Harbor stormwater system. These include specific mechanical, structural, electrical, and design improvements to the system in response to an elvaluation of vulnerablities to the system",
                "Estimated Project Cost": "2000100",
                "Additional Comments": ""
            },
            "geometry": {
                "type": "Point",
                "coordinates": [
                    -80.12760852,
                    25.89498994
                ]
            }
        },
        {
            "type": "Feature",
            "properties": {
                "Project Name": "Pump Station #28 Force Main Rehabilitation",
                "Latitude": "25.80440433",
                "Longitude": "-80.12867254",
                "City": "Miami Beach ",
                "Link to Data Source": "Pump Station #28 Force Main Rehabilitation - City of Miami Beach",
                "Implementating Agency": "City of Miami Beach",
                "Infrastructure Type": "Hybrid",
                "Categories": "Flood Control Infrastructure",
                "Disaster Focus": "Critical Infrastructure",
                "New 15-25 Words Project Description": "Includes installing 1,070 feet of 30-inch force main along Pine Tree Drive, adding two bypass pumping systems, rehabilitating the influent and pumping unit structures, replacing the odor control system, demolishing and replacing pumps, piping, and electrical equipment, and constructing a new electrical and generator building. ",
                "Project Start Date": "2025",
                "Project End Date": "2027",
                "Project Status": "Ongoing",
                "OLD * Brief Description of the Project": "The City of Miami Beach is upgrading Pump Station #28 at 300 W 28 Street to improve wastewater infrastructure in Mid-Beach. The project includes installing 1,070 feet of 30-inch force main along Pine Tree Drive, adding two bypass pumping systems, rehabilitating the influent and pumping unit structures, replacing the odor control system, demolishing and replacing pumps, piping, and electrical equipment, and constructing a new electrical and generator building. These improvements aim to enhance system reliability and support the communityÂs long-term wastewater needs.",
                "Estimated Project Cost": "43900000",
                "Additional Comments": ""
            },
            "geometry": {
                "type": "Point",
                "coordinates": [
                    -80.12867254,
                    25.80440433
                ]
            }
        },
        {
            "type": "Feature",
            "properties": {
                "Project Name": "City of Miami Beach Dune Enhancements",
                "Latitude": "25.78036674",
                "Longitude": "-80.12919418",
                "City": "Miami Beach ",
                "Link to Data Source": "https://experience.arcgis.com/experience/d4f2e042f59e4b2eaee108c0777a0937#data_s=id%3AdataSource_39-18afc2829a4-layer-11%3A17",
                "Implementating Agency": "City of Miami Beach Environment and Sustainability Department ",
                "Infrastructure Type": "Green",
                "Categories": "Shoreline Protection",
                "Disaster Focus": "Storm Surge",
                "New 15-25 Words Project Description": "Dune enhancements including removing non-native vegitation, planting native species, and sand donations in areas of sub-optimal elevations to ensure function in storm surge protection.",
                "Project Start Date": "2022",
                "Project End Date": "Null",
                "Project Status": "Ongoing",
                "OLD * Brief Description of the Project": "Dune enhancements including removing non-native vegitation, planting native species, and sand donations in areas of sub-optimal elevations to ensure function in storm surge protection",
                "Estimated Project Cost": "1300000",
                "Additional Comments": ""
            },
            "geometry": {
                "type": "Point",
                "coordinates": [
                    -80.12919418,
                    25.78036674
                ]
            }
        },
        {
            "type": "Feature",
            "properties": {
                "Project Name": "Bayshore Park",
                "Latitude": "25.80352738",
                "Longitude": "-80.13319881",
                "City": "Miami Beach ",
                "Link to Data Source": "Bayshore Park - City of Miami Beach",
                "Implementating Agency": "City of Miami beach",
                "Infrastructure Type": "Green",
                "Categories": "Green Infrastructure",
                "Disaster Focus": "Multi-hazard",
                "New 15-25 Words Project Description": "A 19.4 acre park, one of the largest public parks in the city with a retention lake and butterfly garden among other features.",
                "Project Start Date": "2018",
                "Project End Date": "Null",
                "Project Status": "Completed",
                "OLD * Brief Description of the Project": "The 19.4 acre park is one of the largest public parks in the city with a retention lake and butterfly garden among other features.",
                "Estimated Project Cost": "",
                "Additional Comments": ""
            },
            "geometry": {
                "type": "Point",
                "coordinates": [
                    -80.13319881,
                    25.80352738
                ]
            }
        },
        {
            "type": "Feature",
            "properties": {
                "Project Name": "Bay Harbor Islands Sewer Ejector Pump Station Phase II",
                "Latitude": "25.88876597",
                "Longitude": "-80.1320413",
                "City": "Bal Harbour",
                "Link to Data Source": "https://www.flsenate.gov/PublishedContent/Session/FiscalYear/FY2025-26/LocalFundingInitiativeRequests/FY2025-26_S1317.pdf",
                "Implementating Agency": "Town of Bal Harbour ",
                "Infrastructure Type": "Hybrid",
                "Categories": "Shoreline Protection",
                "Disaster Focus": "Flooding",
                "New 15-25 Words Project Description": "Sewer ejector pump station Phase II Âa duplex pump station replacement to reduce sewage overflows.",
                "Project Start Date": "2025",
                "Project End Date": "2027",
                "Project Status": "Ongoing",
                "OLD * Brief Description of the Project": "Sewer ejector pump station Phase II ÂÃÃ® duplex pump station replacement to reduce sewage overflows.",
                "Estimated Project Cost": "1000000",
                "Additional Comments": ""
            },
            "geometry": {
                "type": "Point",
                "coordinates": [
                    -80.1320413,
                    25.88876597
                ]
            }
        },
        {
            "type": "Feature",
            "properties": {
                "Project Name": "Miami Beach Truck Haul Nourishment Project ",
                "Latitude": "25.81576138",
                "Longitude": "-80.12115261",
                "City": "Miami Beach ",
                "Link to Data Source": "https://www.miamidade.gov/environment/library/reports/beach-renourishment-doc.pdf",
                "Implementating Agency": "City of Miami Beach ",
                "Infrastructure Type": "Blue",
                "Categories": "Shoreline Protection",
                "Disaster Focus": "Storm Surge",
                "New 15-25 Words Project Description": "A small nourishment of three erosion hotspots located in Miami Beach where a beach sand truck will be installed to help to improve the sand erosion. ",
                "Project Start Date": "2006",
                "Project End Date": "2006",
                "Project Status": "Completed",
                "OLD * Brief Description of the Project": "This project is a small nourishment of three erosion hotspots located in Miami Beach. They will install a beach sand truck to help to improve the sand erosion. ",
                "Estimated Project Cost": "3200000",
                "Additional Comments": ""
            },
            "geometry": {
                "type": "Point",
                "coordinates": [
                    -80.12115261,
                    25.81576138
                ]
            }
        },
        {
            "type": "Feature",
            "properties": {
                "Project Name": "41 street Revitilization",
                "Latitude": "25.81329283",
                "Longitude": "-80.12422069",
                "City": "Miami Beach ",
                "Link to Data Source": "41 Street Revitalization - City of Miami Beach",
                "Implementating Agency": "City of Miami Beach",
                "Infrastructure Type": "Green",
                "Categories": "Public Facilities",
                "Disaster Focus": "Multi-hazard",
                "New 15-25 Words Project Description": "A new streetscape design aimed at improving pedestrian walkability through new branded pavement, expanding shade tree canopy, and other landscaping. Aims to increase a sense of place with the creation of spaces with appropriate street furnishing, entrance features and artwork along the corridor.",
                "Project Start Date": "2026",
                "Project End Date": "2028",
                "Project Status": "Ongoing",
                "OLD * Brief Description of the Project": "The 41 Street Corridor Revitalization Project includes a new streetscape design aimed at improving pedestrian walkability through new branded pavement, expanding shade tree canopy, and other landscaping. The project further aims to increase a sense of place with the creation of spaces with appropriate street furnishing, entrance features and artwork along the corridor.",
                "Estimated Project Cost": "15000000",
                "Additional Comments": ""
            },
            "geometry": {
                "type": "Point",
                "coordinates": [
                    -80.12422069,
                    25.81329283
                ]
            }
        },
        {
            "type": "Feature",
            "properties": {
                "Project Name": "City of Miami Beach Citywide Gravity Sewer Mains Replacement",
                "Latitude": "25.82835528",
                "Longitude": "-80.13050937",
                "City": "Miami Beach ",
                "Link to Data Source": "https://experience.arcgis.com/experience/d4f2e042f59e4b2eaee108c0777a0937#data_s=id%3AdataSource_39-18afc2829a4-layer-11%3A17%2Cid%3AdataSource_40-18b430bf924-layer-10%3A700",
                "Implementating Agency": "City of Miami Beach Environment and Sustainability Department ",
                "Infrastructure Type": "Gray",
                "Categories": "Connectivity ",
                "Disaster Focus": "Critical Infrastructure",
                "New 15-25 Words Project Description": "Design, permitting, and construction to replace aging sewer mains in areas where rehab isn't possible to reduce vulnerability to inudation.",
                "Project Start Date": "2023",
                "Project End Date": "2029",
                "Project Status": "Ongoing",
                "OLD * Brief Description of the Project": "Design, permitting, and construction to replace aging sewer mains in areas where rehab isn't possible to reduce vulnerability to inudation",
                "Estimated Project Cost": "12525000",
                "Additional Comments": ""
            },
            "geometry": {
                "type": "Point",
                "coordinates": [
                    -80.13050937,
                    25.82835528
                ]
            }
        },
        {
            "type": "Feature",
            "properties": {
                "Project Name": "Brittany Bay Park Living Shoreline Project",
                "Latitude": "25.84729691",
                "Longitude": "-80.1217575",
                "City": "Miami Beach ",
                "Link to Data Source": "https://www.nature.org/en-us/about-us/where-we-work/united-states/florida/stories-in-florida/florida-coastal-resilience/#:~:text=In%20May%202023%2C%20TNC%20and,habitat%20along%20the%20coastal%20ecosystem.",
                "Implementating Agency": "City of Miami Beach ",
                "Infrastructure Type": "Hybrid",
                "Categories": "Green Infrastructure",
                "Disaster Focus": "Storm Surge",
                "New 15-25 Words Project Description": "Improve coastal Miami with green solutions to reduce flooding and wave impacts while also creating a natural habitat along the coastal ecosystems. Inputting native plants and limestone to improve sustainable and safe environment for both people and nature. ",
                "Project Start Date": "2019",
                "Project End Date": "2025",
                "Project Status": "Ongoing",
                "OLD * Brief Description of the Project": "This project would improve coastal Miami with green solutions that will help to reduce flooding and wave impacts while also creating a natural habitat along the coastal ecosystems. The urban planners have inputted native plants and limestone to improve sustainable and safe environment for both people and nature. ",
                "Estimated Project Cost": "2800000",
                "Additional Comments": ""
            },
            "geometry": {
                "type": "Point",
                "coordinates": [
                    -80.1217575,
                    25.84729691
                ]
            }
        },
        {
            "type": "Feature",
            "properties": {
                "Project Name": "New World Symphony ",
                "Latitude": "25.79107893",
                "Longitude": "-80.13206657",
                "City": "Miami Beach ",
                "Link to Data Source": "https://www.gombinfo.com/artsandculture/dashboard/explore-the-dashboard/",
                "Implementating Agency": "City of Miami Beach ",
                "Infrastructure Type": "Gray",
                "Categories": "Public Facilities",
                "Disaster Focus": "Multi-hazard",
                "New 15-25 Words Project Description": "New roof garden, flood barriers, and fire alarm system replacement. ",
                "Project Start Date": "2025",
                "Project End Date": "2026",
                "Project Status": "Ongoing",
                "OLD * Brief Description of the Project": "New roof garden, flood barriers, and fire alarm system replacement. ",
                "Estimated Project Cost": "2500000",
                "Additional Comments": ""
            },
            "geometry": {
                "type": "Point",
                "coordinates": [
                    -80.13206657,
                    25.79107893
                ]
            }
        },
        {
            "type": "Feature",
            "properties": {
                "Project Name": "Aquatic Sculpture Park ",
                "Latitude": "25.77309521",
                "Longitude": "-80.12711427",
                "City": "Miami Beach ",
                "Link to Data Source": "https://www.gombinfo.com/artsandculture/dashboard/explore-the-dashboard/",
                "Implementating Agency": "City of Miami Beach ",
                "Infrastructure Type": "Blue",
                "Categories": "Green Infrastructure",
                "Disaster Focus": "Multi-hazard",
                "New 15-25 Words Project Description": "Construction of a multi-phase artifical reef project to highlight marine habitats and biodiversity of Miami Beach. ",
                "Project Start Date": "2025",
                "Project End Date": "2026",
                "Project Status": "Ongoing",
                "OLD * Brief Description of the Project": "Built a multi-phase artifical reef project to highlight marine habitats and biodiversity of Miami Beach. ",
                "Estimated Project Cost": "5000000",
                "Additional Comments": ""
            },
            "geometry": {
                "type": "Point",
                "coordinates": [
                    -80.12711427,
                    25.77309521
                ]
            }
        },
        {
            "type": "Feature",
            "properties": {
                "Project Name": "Town of Bay Harbor Islands Stormwater Improvements",
                "Latitude": "25.88563821",
                "Longitude": "-80.13312562",
                "City": "Bal Harbour",
                "Link to Data Source": "https://experience.arcgis.com/experience/d4f2e042f59e4b2eaee108c0777a0937#data_s=id%3AdataSource_39-18afc2829a4-layer-11%3A17",
                "Implementating Agency": "Town of Bal Harbour Public Works and Department ",
                "Infrastructure Type": "Hybrid",
                "Categories": "Flood Control Infrastructure",
                "Disaster Focus": "Flooding",
                "New 15-25 Words Project Description": "The project will increase the capacit of the existing stromwater system by upsizing the stormwater pipes segments and outfalls; and installing check-valves throughout the community to reduce impacts from these conditions.",
                "Project Start Date": "2022",
                "Project End Date": "Null",
                "Project Status": "Ongoing",
                "OLD * Brief Description of the Project": "The project will increase the capacit of the existing stromwater system by upsizing the stormwater pipes segments and outfalls; and installing check-valves throughout the community to reduce impacts from these conditions",
                "Estimated Project Cost": "310000",
                "Additional Comments": ""
            },
            "geometry": {
                "type": "Point",
                "coordinates": [
                    -80.13312562,
                    25.88563821
                ]
            }
        },
        {
            "type": "Feature",
            "properties": {
                "Project Name": "Miami Beach Convention Center",
                "Latitude": "25.79494329",
                "Longitude": "-80.13321625",
                "City": "Miami Beach ",
                "Link to Data Source": "https://constructionreviewonline.com/news/usa/renovation-and-expansion-of-miami-beach-convention-center-completed/",
                "Implementating Agency": "The City of Miami Beach",
                "Infrastructure Type": "Hybrid",
                "Categories": "Green Infrastructure",
                "Disaster Focus": "Critical Infrastructure",
                "New 15-25 Words Project Description": "Transform former asphalt into a vibrant public park with green space, mangrove shoreline, and sustainable design that enhances ecology, flood resilience, and energy efficiency.",
                "Project Start Date": "2015",
                "Project End Date": "2020",
                "Project Status": "Completed",
                "OLD * Brief Description of the Project": "Miami Beach  Convention Center transformed  6.3 acres of asphalt to a public  park with green space and art,  expanding the tree canopy with  1300 new Florida-friendly trees.  A living shoreline was created  with mangrove habitat and a  new seawall that doubles as a seating bench. The site also  decreased power usage by 15 percent, and reduced flood risk  through elevating the ground floor and critical building systems. ",
                "Estimated Project Cost": "620000000",
                "Additional Comments": ""
            },
            "geometry": {
                "type": "Point",
                "coordinates": [
                    -80.13321625,
                    25.79494329
                ]
            }
        },
        {
            "type": "Feature",
            "properties": {
                "Project Name": "Town of Bay Harbor Islands Seawall Replacement",
                "Latitude": "25.88683664",
                "Longitude": "-80.13384875",
                "City": "Bal Harbour",
                "Link to Data Source": "https://experience.arcgis.com/experience/d4f2e042f59e4b2eaee108c0777a0937#data_s=id%3AdataSource_39-18afc2829a4-layer-11%3A17%2Cid%3AdataSource_40-18b430bf924-layer-10%3A720",
                "Implementating Agency": "Town of Bal Harbour Public Works and Department ",
                "Infrastructure Type": "Hybrid",
                "Categories": "Shoreline Protection",
                "Disaster Focus": "Flooding",
                "New 15-25 Words Project Description": "Design, permitting and replacement of approximately 75 linear feet of the existing seawall at the 9600 West Bay Harbor Drive Town Property.",
                "Project Start Date": "2022",
                "Project End Date": "Null",
                "Project Status": "Ongoing",
                "OLD * Brief Description of the Project": "Design, permitting and replacement of approximately 75 linear feet of the existing seawall at the 9600 West Bay Harbor Drive Town Property",
                "Estimated Project Cost": "255000",
                "Additional Comments": ""
            },
            "geometry": {
                "type": "Point",
                "coordinates": [
                    -80.13384875,
                    25.88683664
                ]
            }
        },
        {
            "type": "Feature",
            "properties": {
                "Project Name": "Miami City Ballet ",
                "Latitude": "25.79827221",
                "Longitude": "-80.12935373",
                "City": "Miami Beach ",
                "Link to Data Source": "https://www.gombinfo.com/artsandculture/dashboard/explore-the-dashboard/",
                "Implementating Agency": "City of Miami Beach ",
                "Infrastructure Type": "Gray",
                "Categories": "Public Facilities",
                "Disaster Focus": "Multi-hazard",
                "New 15-25 Words Project Description": "Facility-wide infrastructure upgrades and ensure long-term sustainability. Educate and record live stream programs. ",
                "Project Start Date": "2025",
                "Project End Date": "2026",
                "Project Status": "Ongoing",
                "OLD * Brief Description of the Project": "Facility-wide infrastructure upgrades and ensure long-term sustainability. Educate and record live stream programs. ",
                "Estimated Project Cost": "49800",
                "Additional Comments": ""
            },
            "geometry": {
                "type": "Point",
                "coordinates": [
                    -80.12935373,
                    25.79827221
                ]
            }
        },
        {
            "type": "Feature",
            "properties": {
                "Project Name": "Miami Beach Slow Streets 2.0",
                "Latitude": "25.78406085",
                "Longitude": "-80.13917496",
                "City": "Miami Beach ",
                "Link to Data Source": "Slow Streets - City of Miami Beach",
                "Implementating Agency": "City of Miami Beach",
                "Infrastructure Type": "Gray",
                "Categories": "Public Facilities",
                "Disaster Focus": "Multi-hazard",
                "New 15-25 Words Project Description": "The City of Miami Beach will implement the Flamingo Park Neighborhood Slow Streets 2.0 Plan in coordination with Miami-Dade County and the community. This work will build on the plans that were started in 2020 as part of the first version of Slow Streets and the CityÂs Bicycle and Pedestrian Master Plan.",
                "Project Start Date": "2020",
                "Project End Date": "Null",
                "Project Status": "Ongoing",
                "OLD * Brief Description of the Project": "The City of Miami Beach will implement the Flamingo Park Neighborhood Slow Streets 2.0 Plan in coordination with Miami-Dade County and the community. This work will build on the plans that were started in 2020 as part of the first version of Slow Streets and the CityÂs Bicycle and Pedestrian Master Plan.",
                "Estimated Project Cost": "",
                "Additional Comments": ""
            },
            "geometry": {
                "type": "Point",
                "coordinates": [
                    -80.13917496,
                    25.78406085
                ]
            }
        },
        {
            "type": "Feature",
            "properties": {
                "Project Name": "Miami Beach Botanical Garden ",
                "Latitude": "25.79568812",
                "Longitude": "-80.13549459",
                "City": "Miami Beach ",
                "Link to Data Source": "https://www.gombinfo.com/artsandculture/dashboard/explore-the-dashboard/",
                "Implementating Agency": "City of Miami Beach ",
                "Infrastructure Type": "Green",
                "Categories": "Public Facilities",
                "Disaster Focus": "Multi-hazard",
                "New 15-25 Words Project Description": "Promote environmental enjoyment by making sustainable and resilient upgrades within the garden. ",
                "Project Start Date": "2011",
                "Project End Date": "2029",
                "Project Status": "Ongoing",
                "OLD * Brief Description of the Project": "Promote environmental enjoyment by making sustainable and resilient upgrades within the garden. ",
                "Estimated Project Cost": "1697",
                "Additional Comments": ""
            },
            "geometry": {
                "type": "Point",
                "coordinates": [
                    -80.13549459,
                    25.79568812
                ]
            }
        },
        {
            "type": "Feature",
            "properties": {
                "Project Name": "City of Miami Beach First Street Flood Mitigation and Sea Level Rise Adaptation",
                "Latitude": "25.76989635",
                "Longitude": "-80.13694985",
                "City": "Miami Beach ",
                "Link to Data Source": "https://experience.arcgis.com/experience/d4f2e042f59e4b2eaee108c0777a0937#data_s=id%3AdataSource_39-18afc2829a4-layer-11%3A17%2Cid%3AdataSource_40-18b430bf924-layer-10%3A601",
                "Implementating Agency": "City of Miami Beach Environment and Sustainability Department ",
                "Infrastructure Type": "Hybrid",
                "Categories": "Flood Control Infrastructure",
                "Disaster Focus": "Multi-hazard",
                "New 15-25 Words Project Description": "Enhancing stormwater infrastructure, elevating roadways, and upgrading water and wastewater systems to mitigate flooding and adapt to sea level rise.",
                "Project Start Date": "2022",
                "Project End Date": "2032",
                "Project Status": "Ongoing",
                "OLD * Brief Description of the Project": "Reduce flooding associated with intense rainstorms. Minimize street flooding associated with sea level rise and tidal surges. Upgrade underground utility infrastructure for potable water and wastewater. Install water quality drainage wells to reduce environmental impact. Beautify the neighborhood with added trees and vegetation. Improve walkability and safety",
                "Estimated Project Cost": "97034197",
                "Additional Comments": ""
            },
            "geometry": {
                "type": "Point",
                "coordinates": [
                    -80.13694985,
                    25.76989635
                ]
            }
        },
        {
            "type": "Feature",
            "properties": {
                "Project Name": "City of Miami Beach Fire Station #1",
                "Latitude": "25.77585308",
                "Longitude": "-80.13684116",
                "City": "Miami Beach ",
                "Link to Data Source": "https://experience.arcgis.com/experience/d4f2e042f59e4b2eaee108c0777a0937#data_s=id%3AdataSource_39-18afc2829a4-layer-11%3A17%2Cid%3AdataSource_40-18b430bf924-layer-10%3A591",
                "Implementating Agency": "Miami Beach Fire Department ",
                "Infrastructure Type": "Gray",
                "Categories": "Public Facilities",
                "Disaster Focus": "Critical Infrastructure",
                "New 15-25 Words Project Description": "Constructing a resilient, LEED Gold-certified emergency operations center with elevated apparatus bays, dormitories, and backup power to withstand Category 5 hurricanes.",
                "Project Start Date": "2022",
                "Project End Date": "2028",
                "Project Status": "Ongoing",
                "OLD * Brief Description of the Project": "The project will construct a new Category 5 hurricane resilient fire station tha tis built over 8ft above FEMA-required base flood elevation standards. Interior features 20 dormitory rooms, office, kitchen, training facilities, gym, and equipment storage.",
                "Estimated Project Cost": "22171143",
                "Additional Comments": ""
            },
            "geometry": {
                "type": "Point",
                "coordinates": [
                    -80.13684116,
                    25.77585308
                ]
            }
        },
        {
            "type": "Feature",
            "properties": {
                "Project Name": "West Avenue Stormwater Resilience (City of Miami Beach)",
                "Latitude": "25.78518155",
                "Longitude": "-80.14168677",
                "City": "Miami Beach ",
                "Link to Data Source": "https://www.miamibeachfl.gov/residents/neighborhood-affairs-division/active-projects/neighborhood-improvements/west-avenue-neighborhood-improvements-project-phase-ii/",
                "Implementating Agency": "City of Miami Beach Public Works Department ",
                "Infrastructure Type": "Blue",
                "Categories": "Flood Control Infrastructure",
                "Disaster Focus": "Flooding",
                "New 15-25 Words Project Description": "Corridor flood-control with raised roads, seawalls, pump stations and drainage upgrades.",
                "Project Start Date": "2014",
                "Project End Date": "2015",
                "Project Status": "Completed",
                "OLD * Brief Description of the Project": "Corridor flood-control with raised roads, seawalls, pump stations and drainage upgrades.",
                "Estimated Project Cost": "105140819",
                "Additional Comments": ""
            },
            "geometry": {
                "type": "Point",
                "coordinates": [
                    -80.14168677,
                    25.78518155
                ]
            }
        },
        {
            "type": "Feature",
            "properties": {
                "Project Name": "Aventura Drainage Improvement Projects",
                "Latitude": "25.95234446",
                "Longitude": "-80.14279862",
                "City": "Aventura ",
                "Link to Data Source": "https://www.miamidade.gov/citt/library/2015/municipal-plans/aventura.pdf",
                "Implementating Agency": "Public Works and Waste Management Miami Dade County ",
                "Infrastructure Type": "Gray",
                "Categories": "Flood Control Infrastructure",
                "Disaster Focus": "Flooding",
                "New 15-25 Words Project Description": "Drainage, pump and conveyance upgrades for flood reduction in Aventura neighborhoods.",
                "Project Start Date": "2017",
                "Project End Date": "Null",
                "Project Status": "Ongoing",
                "OLD * Brief Description of the Project": "Drainage, pump and conveyance upgrades for flood reduction in Aventura neighborhoods.",
                "Estimated Project Cost": "5255000",
                "Additional Comments": ""
            },
            "geometry": {
                "type": "Point",
                "coordinates": [
                    -80.14279862,
                    25.95234446
                ]
            }
        },
        {
            "type": "Feature",
            "properties": {
                "Project Name": "Sunset Islands 2 & 3 Infrastructure Improvements",
                "Latitude": "25.80208116",
                "Longitude": "-80.1449132",
                "City": "Miami Beach ",
                "Link to Data Source": "Sunset Islands 2 & 3 Infrastructure Improvements - City of Miami Beach",
                "Implementating Agency": "City of Miami Beach",
                "Infrastructure Type": "Gray",
                "Categories": "Flood Control Infrastructure",
                "Disaster Focus": "Critical Infrastructure",
                "New 15-25 Words Project Description": "Involves the replacement of a decommissioned subaqueous water main and sewer main, ensuring enhanced infrastructure reliability and operational efficiency. The pipes will be installed via Horizontal Directional Drilling (HDD): an advanced trenchless technology used to install underground utilities with minimal surface disruption. ",
                "Project Start Date": "2025",
                "Project End Date": "2026",
                "Project Status": "Ongoing",
                "OLD * Brief Description of the Project": "The City of Miami Beach is upgrading the water and sewer infrastructure in Sunset Islands II and III. This project involves the replacement of a decommissioned subaqueous water main and sewer main, ensuring enhanced infrastructure reliability and operational efficiency. The pipes will be installed via Horizontal Directional Drilling (HDD): an advanced trenchless technology used to install underground utilities with minimal surface disruption. Once completed, this project will provide the necessary infrastructure upgrades to support the neighborhood's growing demands.",
                "Estimated Project Cost": "4173631.87",
                "Additional Comments": ""
            },
            "geometry": {
                "type": "Point",
                "coordinates": [
                    -80.1449132,
                    25.80208116
                ]
            }
        },
        {
            "type": "Feature",
            "properties": {
                "Project Name": "Maurice Gibb Memorial ParkÂ ",
                "Latitude": "25.79270689",
                "Longitude": "-80.1447473",
                "City": "Miami Beach ",
                "Link to Data Source": "https://www.miamibeachfl.gov/wp-content/uploads/2023/03/Maurice-Gibb-Park-Project-Start-Fact-Sheet-March-2023-test.pdf",
                "Implementating Agency": "City of Miami Beach",
                "Infrastructure Type": "Hybrid",
                "Categories": "Green Infrastructure",
                "Disaster Focus": "Extreme Heat",
                "New 15-25 Words Project Description": "Enhance public space with new playgrounds, improved shoreline access, upgraded drainage, walking trails, shaded seating areas, dog park, and community pavilion.",
                "Project Start Date": "2023",
                "Project End Date": "2025",
                "Project Status": "Completed",
                "OLD * Brief Description of the Project": "A revitalization effort aimed at enhancing community amenities and coastal resilience. Key upgrades include a living shoreline with mangrove trees and seawall elevation improvements to mitigate flooding. The project also introduces a dog park, fishing piers, a large bay overlook, new shade structures, outdoor furniture, and a pavilion for social gatherings. Additionally, new walking paths, open greenspaces, and canopy trees will improve accessibility and recreational opportunities.",
                "Estimated Project Cost": "12100000",
                "Additional Comments": ""
            },
            "geometry": {
                "type": "Point",
                "coordinates": [
                    -80.1447473,
                    25.79270689
                ]
            }
        },
        {
            "type": "Feature",
            "properties": {
                "Project Name": "First Street Neighborhood Improvements & South Pointe Stormwater Project",
                "Latitude": "25.76997544",
                "Longitude": "-80.13515475",
                "City": "Miami Beach ",
                "Link to Data Source": "https://www.miamibeachfl.gov/residents/neighborhood-affairs-division/active-projects/neighborhood-improvements/1-street-between-alton-road-and-washinton-avenue/",
                "Implementating Agency": "City of Miami Beach",
                "Infrastructure Type": "Hybrid",
                "Categories": "Flood Control Infrastructure",
                "Disaster Focus": "Flooding",
                "New 15-25 Words Project Description": "Reconstruct roadway and utilities, elevate street, install new drainage and pump systems, add landscaping, lighting, and improves storm resilience",
                "Project Start Date": "2027",
                "Project End Date": "2029",
                "Project Status": "Ongoing",
                "OLD * Brief Description of the Project": "Aims to address flooding issues, upgrade infrastructure, and enhance neighborhood aesthetics between Alton Road and Washington Avenue. The project will install drainage wells and elevate the road by an average of 1.5 feet to mitigate flooding from intense rain and tidal surges. Improvements to potable water and wastewater infrastructure are planned. The project will introduce more trees, vegetation, and pedestrian-friendly features to improve walkability and safety. aims to enhance the neighborhoodÂs stormwater infrastructure to mitigate flooding and improve resilience. The project includes upgrades to stormwater drainage, roadways, and utilities.",
                "Estimated Project Cost": "60000000",
                "Additional Comments": ""
            },
            "geometry": {
                "type": "Point",
                "coordinates": [
                    -80.13515475,
                    25.76997544
                ]
            }
        },
        {
            "type": "Feature",
            "properties": {
                "Project Name": "Mooring Field Project",
                "Latitude": "25.78546633",
                "Longitude": "-80.14796037",
                "City": "Miami Beach ",
                "Link to Data Source": "Mooring Field - City of Miami Beach",
                "Implementating Agency": "City of Miami Beach",
                "Infrastructure Type": "Gray",
                "Categories": "Public Facilities",
                "Disaster Focus": "Multi-hazard",
                "New 15-25 Words Project Description": "A mooring field is a managed mooring system attached to the bottom of a waterway that adheres to an approved management plan. The feasibility of establishing a regulated mooring field has been explored to provide boaters with the opportunity to anchor while also protecting Biscayne Bay's seagrass and water quality. ",
                "Project Start Date": "2025",
                "Project End Date": "Null",
                "Project Status": "Ongoing",
                "OLD * Brief Description of the Project": "Miami Beach is a popular boating destination, and local anchorage near South Beach is in high demand. A mooring field is a managed mooring system attached to the bottom of a waterway that adheres to an approved management plan. The feasibility of establishing a regulated mooring field has been explored to provide boaters with the opportunity to anchor while also protecting Biscayne Bay's seagrass and water quality. Miami Beach currently lacks a regulated mooring field, and this project would provide a new public amenity.",
                "Estimated Project Cost": "2329089",
                "Additional Comments": ""
            },
            "geometry": {
                "type": "Point",
                "coordinates": [
                    -80.14796037,
                    25.78546633
                ]
            }
        },
        {
            "type": "Feature",
            "properties": {
                "Project Name": "NE 189 Street Stormwater Improvements (County-level Resilient Florida award)",
                "Latitude": "25.94867144",
                "Longitude": "-80.1909353",
                "City": "Miami-Dade County ",
                "Link to Data Source": "https://www.miamidade.gov/govaction/legistarfiles/Matters/Y2025/250969.pdf#:~:text=applying%20for%20and%20accepting%20FY%202024%2D25%20grant,flooding%2C%20sea%20level%20rise%2C%20and%20storm%20events.",
                "Implementating Agency": "Resilient Florida",
                "Infrastructure Type": "Hybrid",
                "Categories": "Flood Control Infrastructure",
                "Disaster Focus": "Flooding",
                "New 15-25 Words Project Description": "NE 189 Street stormwater improvements to reduce neighborhood flooding.",
                "Project Start Date": "2024",
                "Project End Date": "Null",
                "Project Status": "Ongoing",
                "OLD * Brief Description of the Project": "NE 189 Street stormwater improvements to reduce neighborhood flooding.",
                "Estimated Project Cost": "510000",
                "Additional Comments": ""
            },
            "geometry": {
                "type": "Point",
                "coordinates": [
                    -80.1909353,
                    25.94867144
                ]
            }
        },
        {
            "type": "Feature",
            "properties": {
                "Project Name": "Pump station upgrades and tidal flood mitigation projects",
                "Latitude": "25.84424863",
                "Longitude": "-80.15801163",
                "City": "North Bay Village ",
                "Link to Data Source": "https://northbayvillage-fl.gov/stormwater/#:~:text=This%20project%20will%20evaluate%20the,by%20the%20end%20of%202023.",
                "Implementating Agency": "City of North Bay ",
                "Infrastructure Type": "Gray",
                "Categories": "Flood Control Infrastructure",
                "Disaster Focus": "Multi-hazard",
                "New 15-25 Words Project Description": "The previous pump system was non-functional, so the village is planning to replace the pump station wwhich would improve drainage during high-tide events. ",
                "Project Start Date": "2022",
                "Project End Date": "Null",
                "Project Status": "Ongoing",
                "OLD * Brief Description of the Project": "The previous pump system was non-functional, so the village is planning to replace the pump station. Which would also improve drainage during high-tide events. ",
                "Estimated Project Cost": "275000",
                "Additional Comments": ""
            },
            "geometry": {
                "type": "Point",
                "coordinates": [
                    -80.15801163,
                    25.84424863
                ]
            }
        },
        {
            "type": "Feature",
            "properties": {
                "Project Name": "Garden District Flood Mitigation",
                "Latitude": "25.68920279",
                "Longitude": "-80.15988619",
                "City": "Key Biscayne ",
                "Link to Data Source": "https://keybiscayne.fl.gov/elevating_our_island_paradise/program_library/garden_district_flood_mitigation_project.php#:~:text=Home,Galen%20Drive%2C%20and%20Ocean%20Lane",
                "Implementating Agency": "Villlage of Key Biscayne",
                "Infrastructure Type": "Hybrid",
                "Categories": "Shoreline Protection",
                "Disaster Focus": "Flooding",
                "New 15-25 Words Project Description": "Enhance stormwater management in Key Biscayne's Garden District through new pump systems, injection wells, and redevelopment of existing drainage infrastructure.",
                "Project Start Date": "2024",
                "Project End Date": "2026",
                "Project Status": "Ongoing",
                "OLD * Brief Description of the Project": "The Garden District Flood Mitigation Project will enhance the resiliency of the infrastructure within the Garden District in the face of increasing environmental challenges and the evolving needs of the community. The scope of this project includes stormwater drainage improvements along East Enid Drive, Sunrise Drive, Galen Drive, and Ocean Lane through a new pump system and injection drainage wells. The design also proposes redeveloping an existing drainage well.",
                "Estimated Project Cost": "",
                "Additional Comments": ""
            },
            "geometry": {
                "type": "Point",
                "coordinates": [
                    -80.15988619,
                    25.68920279
                ]
            }
        },
        {
            "type": "Feature",
            "properties": {
                "Project Name": "Venetian Causeway Water and Sewer Main Upgrades Phase 2",
                "Latitude": "25.79214286",
                "Longitude": "-80.1679301",
                "City": "Miami Beach ",
                "Link to Data Source": "https://www.miamibeachfl.gov/residents/neighborhood-affairs-division/active-projects/neighborhood-improvements/venetian-causeway-water-and-sewer-main-replacement-project-2/",
                "Implementating Agency": "City of Miami Beach",
                "Infrastructure Type": "Gray",
                "Categories": "Connectivity ",
                "Disaster Focus": "Critical Infrastructure",
                "New 15-25 Words Project Description": "Replace deteriorated aerial water and sewer mains along the causeway to boost capacity, reliability, and meet future demand.",
                "Project Start Date": "2024",
                "Project End Date": "2026",
                "Project Status": "Ongoing",
                "OLD * Brief Description of the Project": "The City of Miami Beach is upgrading itÂs water and sewer infrastructure. This project will replace the aerial water main crossings on the Causeway, which run along the north and south sides of the Venetian bridges. The pipes are in poor condition and ranked first in the prioritized list of critical assets for the Water & Sewer Renewal and Replacement Report. Once completed, the new lines will provide a sufficient flow capacity to meet the city's growing demands.",
                "Estimated Project Cost": "18132386.4",
                "Additional Comments": ""
            },
            "geometry": {
                "type": "Point",
                "coordinates": [
                    -80.1679301,
                    25.79214286
                ]
            }
        },
        {
            "type": "Feature",
            "properties": {
                "Project Name": "Key Biscayne Backup Stormwater Generator 2",
                "Latitude": "25.69876691",
                "Longitude": "-80.1571067",
                "City": "Key Biscayne ",
                "Link to Data Source": "https://keybiscayne.fl.gov/elevating_our_island_paradise/program_library/backup_stormwater_generators.php",
                "Implementating Agency": "Villlage of Key Biscayne ",
                "Infrastructure Type": "Gray",
                "Categories": "Flood Control Infrastructure",
                "Disaster Focus": "Flooding",
                "New 15-25 Words Project Description": "Install an independently powered generator at the Harbor Drive pump station to maintain stormwater management during electrical outages, enhancing flood resilience.",
                "Project Start Date": "2025",
                "Project End Date": "2026",
                "Project Status": "Ongoing",
                "OLD * Brief Description of the Project": "The purpose of this project is the installation of a new independently powered generators for two stormwater pump stations that will ensure operation in the case of an electrical outage.\n",
                "Estimated Project Cost": "",
                "Additional Comments": ""
            },
            "geometry": {
                "type": "Point",
                "coordinates": [
                    -80.1571067,
                    25.69876691
                ]
            }
        },
        {
            "type": "Feature",
            "properties": {
                "Project Name": "Key Biscayne CSRM Back Bay Shoreline Protection",
                "Latitude": "25.69526286",
                "Longitude": "-80.15642059",
                "City": "Key Biscayne ",
                "Link to Data Source": "https://keybiscayne.fl.gov/elevating_our_island_paradise/program_library/csrm_beach_and_back_bay_study.php",
                "Implementating Agency": "United States Army Corps of Engineers (USACE) Coastal Storm Risk Management (CSRM) Program, Village of Key Biscayne ",
                "Infrastructure Type": "Hybrid",
                "Categories": "Shoreline Protection",
                "Disaster Focus": "Storm Surge",
                "New 15-25 Words Project Description": "Collaborating with USACE and Miami-Dade County to enhance back bay shoreline protection through hybrid offshore barrier reefs, reducing erosion and storm surge impacts.",
                "Project Start Date": "2024",
                "Project End Date": "2028",
                "Project Status": "Ongoing",
                "OLD * Brief Description of the Project": "This studyÂs objectives include developing proposals to do the following: 1.Reduce damage due to coastal flooding, extreme high tides and future projected sea level rise in the study area with considerations for recreation, tourism and environmental resources in the study area. 2. Reduce risk to public health and life safety.",
                "Estimated Project Cost": "",
                "Additional Comments": ""
            },
            "geometry": {
                "type": "Point",
                "coordinates": [
                    -80.15642059,
                    25.69526286
                ]
            }
        },
        {
            "type": "Feature",
            "properties": {
                "Project Name": "North Bay Village Stormwater & Elevation Projects",
                "Latitude": "25.85239115",
                "Longitude": "-80.15741748",
                "City": "North Bay Village ",
                "Link to Data Source": "https://northbayvillage-fl.gov/nbv-awarded-2-million-in-state-funding-for-harbor-island-stormwater-outfall-improvements/",
                "Implementating Agency": "City of North Bay Village ",
                "Infrastructure Type": "Hybrid",
                "Categories": "Flood Control Infrastructure",
                "Disaster Focus": "Flooding",
                "New 15-25 Words Project Description": "By implementing baffle boxes, NBV aims to reduce the levels of pollutants, sediment, and suspended solids in the stormwater discharge, ultimately enhancing the overall water quality and health of Biscayne BayÂs ecosystem",
                "Project Start Date": "2017",
                "Project End Date": "Null",
                "Project Status": "Ongoing",
                "OLD * Brief Description of the Project": "Small island municipality flood mitigation Ã¢ÂÂ pumps, valves, and elevation works.",
                "Estimated Project Cost": "",
                "Additional Comments": ""
            },
            "geometry": {
                "type": "Point",
                "coordinates": [
                    -80.15741748,
                    25.85239115
                ]
            }
        },
        {
            "type": "Feature",
            "properties": {
                "Project Name": "Palm & Hibiscus Islands Neighborhood Improvement Project",
                "Latitude": "25.78051332",
                "Longitude": "-80.16236056",
                "City": "Miami Beach ",
                "Link to Data Source": "Palm and Hibiscus Islands Right of Way Improvements - City of Miami Beach",
                "Implementating Agency": "City of Miami Beach",
                "Infrastructure Type": "Gray",
                "Categories": "Public Facilities",
                "Disaster Focus": "Multi-hazard",
                "New 15-25 Words Project Description": "Upgrades to lighting, pouring concrete valley gutters, improving the islands' drainage system, installing pump stations, raising the road, rebuilding the road and paving the road.",
                "Project Start Date": "2020",
                "Project End Date": "Null",
                "Project Status": "Ongoing",
                "OLD * Brief Description of the Project": "On this neighborhood project, the right of way is undergoing full construction. Work includes upgrades to lighting, pouring concrete valley gutters, improving the islands' drainage system, installing pump stations, raising the road, rebuilding the road and paving the road. CIP is fully revamping the area; when the project is complete, the neighborhood will have brand new roads, infrastructure, pump stations, a multi-purpose path for recreation and Hibiscus Island will be ready for the undergrounding of utilities.",
                "Estimated Project Cost": "48015405",
                "Additional Comments": ""
            },
            "geometry": {
                "type": "Point",
                "coordinates": [
                    -80.16236056,
                    25.78051332
                ]
            }
        },
        {
            "type": "Feature",
            "properties": {
                "Project Name": "G-58 Coastal Structure Resiliency",
                "Latitude": "25.90035117",
                "Longitude": "-80.16249119",
                "City": "North Miami ",
                "Link to Data Source": "https://www.sfwmd.gov/sites/default/files/documents/2024_SFWMD_SLR%26FRP_FINAL.pdf",
                "Implementating Agency": "SFWMD",
                "Infrastructure Type": "Gray",
                "Categories": "Flood Control Infrastructure",
                "Disaster Focus": "Flooding",
                "New 15-25 Words Project Description": "Upgrade the G-58 coastal structure with enhanced pumping capacity, flood barriers, and structural hardening to improve flood resilience in North Biscayne Bay.",
                "Project Start Date": "Null",
                "Project End Date": "Null",
                "Project Status": "Ongoing",
                "OLD * Brief Description of the Project": "harden this Coastal Structure to address flooding, sea level rise, and other related risks to vulnerable communities in the Basin",
                "Estimated Project Cost": "25409897",
                "Additional Comments": ""
            },
            "geometry": {
                "type": "Point",
                "coordinates": [
                    -80.16249119,
                    25.90035117
                ]
            }
        },
        {
            "type": "Feature",
            "properties": {
                "Project Name": "Off-Shore Barier Reef System",
                "Latitude": "25.6910296",
                "Longitude": "-80.15539848",
                "City": "Key Biscayne ",
                "Link to Data Source": "https://keybiscayne.fl.gov/village_services/resiliency___sustainability/elevating_our_island_paradise/off-shore_barrier_reef_system.php",
                "Implementating Agency": "Villlage of Key Biscayne",
                "Infrastructure Type": "Blue",
                "Categories": "Green Infrastructure",
                "Disaster Focus": "Storm Surge",
                "New 15-25 Words Project Description": "Conduct a study to evaluate the feasibility and environmental impact of an offshore barrier/reef system to protect Key Biscayne's beach from erosion.",
                "Project Start Date": "Null",
                "Project End Date": "Null",
                "Project Status": "Ongoing",
                "OLD * Brief Description of the Project": "A ÂHydrodynamic and Sediment Transport AnalysisÂ study would aim to determine the viability of using an off-shore barrier/reef system to protect the beach from erosion, assess the effectiveness of the system, and evaluate its potential impact on the surrounding environment and communities.",
                "Estimated Project Cost": "",
                "Additional Comments": ""
            },
            "geometry": {
                "type": "Point",
                "coordinates": [
                    -80.15539848,
                    25.6910296
                ]
            }
        },
        {
            "type": "Feature",
            "properties": {
                "Project Name": "Key Biscayne Zone 1 Integrated Infrastructure Project",
                "Latitude": "25.68864141",
                "Longitude": "-80.17136305",
                "City": "Key Biscayne ",
                "Link to Data Source": "https://keybiscayne.fl.gov/elevating_our_island_paradise/program_library/zone_1_integrated_infrastructure_project.php",
                "Implementating Agency": "Villlage of Key Biscayne",
                "Infrastructure Type": "Hybrid",
                "Categories": "Flood Control Infrastructure",
                "Disaster Focus": "Multi-hazard",
                "New 15-25 Words Project Description": "Upgrade stormwater infrastructure, elevates roadways, and enhances utility systems in Key Biscayne's most flood-prone area to improve resilience and safety.",
                "Project Start Date": "2025",
                "Project End Date": "2027",
                "Project Status": "Ongoing",
                "OLD * Brief Description of the Project": "The projectÂs purpose is to alleviate localized flooding and enhance safety throughout the Key Biscayne K-8 Center Basin. The upgraded stormwater system will significantly reduce the street flooding currently experienced in the area and improve stormwater quality discharge to Biscayne Bay. The Zone 1 (K-8) project is the VillageÂs number one priority because it is the most vulnerable, low-lying area of the village and extremely prone to flooding. Zone 1 Stormwater Drainage and Utility Scope: Enhances capacity of the stormwater system using a pumped system with larger pipes and a pump station at Harbor Park. Upgrades aging water and sewer infrastructure. Harmonizes with private property\nIncreases water storage. Includes swales. Improves outfalls and enhance water quality. Develops program for operations and maintenance.\nZone 1 Roadway Scope: Elevates and slopes the roadway to complement the stormwater and water quality initiatives\nConstructs curbs and gutters. Reconfigures roadway to increase stormwater capture and safety. Undergrounds electrical and telecommunication lines. Installs landscaping material for shade and natural benefits.",
                "Estimated Project Cost": "",
                "Additional Comments": ""
            },
            "geometry": {
                "type": "Point",
                "coordinates": [
                    -80.17136305,
                    25.68864141
                ]
            }
        },
        {
            "type": "Feature",
            "properties": {
                "Project Name": "Sub-Basin #11 Drainage Improvements",
                "Latitude": "25.6251536",
                "Longitude": "-80.34144686",
                "City": "Palmetto Bay",
                "Link to Data Source": "https://www.palmettobay-fl.gov/1236/Stormwater-Master-Plan",
                "Implementating Agency": "Village of Palmetto Bay ",
                "Infrastructure Type": "Gray",
                "Categories": "Flood Control Infrastructure",
                "Disaster Focus": "Flooding",
                "New 15-25 Words Project Description": "Enhancing stormwater infrastructure in Sub-Basin #11 to reduce flooding and improve water quality, with design and permitting in progress.",
                "Project Start Date": "Null",
                "Project End Date": "Null",
                "Project Status": "Ongoing",
                "OLD * Brief Description of the Project": "The project includes replacing the existing undersized culverts at multiple locations along the primary drainage path to improve stormwater conveyance. Additionally, a new detention basin is proposed near the downstream end of the sub-basin to provide storage capacity during peak storm events, reducing localized flooding.",
                "Estimated Project Cost": "1450000",
                "Additional Comments": ""
            },
            "geometry": {
                "type": "Point",
                "coordinates": [
                    -80.34144686,
                    25.6251536
                ]
            }
        },
        {
            "type": "Feature",
            "properties": {
                "Project Name": "Village of Key Biscayne Central and South Basins Stormwater Improvements",
                "Latitude": "25.6903871",
                "Longitude": "-80.17020472",
                "City": "Bal Harbour",
                "Link to Data Source": "https://experience.arcgis.com/experience/d4f2e042f59e4b2eaee108c0777a0937#data_s=id%3AdataSource_39-18afc2829a4-layer-11%3A17",
                "Implementating Agency": "Town of Bal Harbour Public Works and Department ",
                "Infrastructure Type": "Hybrid",
                "Categories": "Flood Control Infrastructure",
                "Disaster Focus": "Flooding",
                "New 15-25 Words Project Description": "Enhances stormwater infrastructure by increasing drainage capacity, mitigating street flooding, and implementing resilient strategies to protect residents, property, and quality of life against climate impacts.",
                "Project Start Date": "2022",
                "Project End Date": "Null",
                "Project Status": "Ongoing",
                "OLD * Brief Description of the Project": "The overall aim of this large-scale infrastructure project is to meet the community's needs by streamlining and maximizing the efficacy of the stormwater system. This means increasing the drainage capacity by actively pumping water away from flood prone, low-lying areas and mitigating street flooding. By doing this, the Village will be securing the safety and welfare of residents while maintaining quality of life and property values and developing resilient strategies to address worsening sea level rise and intensifying rain events due to climate change.",
                "Estimated Project Cost": "1771252",
                "Additional Comments": ""
            },
            "geometry": {
                "type": "Point",
                "coordinates": [
                    -80.17020472,
                    25.6903871
                ]
            }
        },
        {
            "type": "Feature",
            "properties": {
                "Project Name": "Replacement of Seawalls Shorecrest",
                "Latitude": "25.83654375",
                "Longitude": "-80.17982267",
                "City": "Miami",
                "Link to Data Source": "https://www.miami.gov/My-Government/Departments/Resilience-and-Public-Works/Resilience-and-Public-Works-Projects-Per-District/District-5-Resilience-and-Public-Works-Projects/Replacement-of-Seawalls-Shorecrest",
                "Implementating Agency": "Department of Resilience and Public Works ",
                "Infrastructure Type": "Gray",
                "Categories": "Shoreline Protection",
                "Disaster Focus": "Flooding",
                "New 15-25 Words Project Description": "Design and construction of shore protection at three locations within the Legion Park and Shorecrest neighborhoods. ",
                "Project Start Date": "2026",
                "Project End Date": "2027",
                "Project Status": "Ongoing",
                "OLD * Brief Description of the Project": "Design and construction of shore protection at three locations within the Legion Park and Shorecrest neighborhoods. ",
                "Estimated Project Cost": "3688974",
                "Additional Comments": ""
            },
            "geometry": {
                "type": "Point",
                "coordinates": [
                    -80.17982267,
                    25.83654375
                ]
            }
        },
        {
            "type": "Feature",
            "properties": {
                "Project Name": "Tidal valve installations and stormwater conveyance upgrades (municipal projects)",
                "Latitude": "25.73196274",
                "Longitude": "-80.23288242",
                "City": "North Miami ",
                "Link to Data Source": "https://www.miami.gov/My-Government/Departments/Office-of-Capital-Improvements/SWMP-Current-Master-Plan-Projects",
                "Implementating Agency": "Miami Forever Bond Program, City of North Miami ",
                "Infrastructure Type": "Gray",
                "Categories": "Flood Control Infrastructure",
                "Disaster Focus": "Multi-hazard",
                "New 15-25 Words Project Description": "Stormwater Master Plan update and subsequent drainage project designs to prevent flooding and the public right of way that is caused by storm events such as king tides. ",
                "Project Start Date": "2024",
                "Project End Date": "2025",
                "Project Status": "Completed",
                "OLD * Brief Description of the Project": "Stormwater Master Plan update and subsequent drainage project designs. This project will prevent flooding and the public right of way that is caused by storm events such as king tides. ",
                "Estimated Project Cost": "192000",
                "Additional Comments": ""
            },
            "geometry": {
                "type": "Point",
                "coordinates": [
                    -80.23288242,
                    25.73196274
                ]
            }
        },
        {
            "type": "Feature",
            "properties": {
                "Project Name": "Shorecrest South Flood Improvements",
                "Latitude": "25.84639461",
                "Longitude": "-80.17654187",
                "City": "Miami",
                "Link to Data Source": "https://www.miami.gov/My-Government/Departments/Resilience-and-Public-Works/Resilience-and-Public-Works-Projects-Per-District/District-5-Resilience-and-Public-Works-Projects/Shorecrest-South-Neighborhood-Flood-Improvements",
                "Implementating Agency": "Resilience and Public Works Department ",
                "Infrastructure Type": "Hybrid",
                "Categories": "Flood Control Infrastructure",
                "Disaster Focus": "Flooding",
                "New 15-25 Words Project Description": "Design-build project upgrading stormwater and roadway infrastructure, including inlets, pipes, trenches, pump station, resurfacing, ADA ramps, curbs, signage, and optional water main improvements with MDWASD.\n",
                "Project Start Date": "2026",
                "Project End Date": "2029",
                "Project Status": "Ongoing",
                "OLD * Brief Description of the Project": "Design-build of stormwater infrastructure and associated roadway improvements including new and upsized stormwater inlets and pipes, exfiltration trenches, injection wells, stormwater pumpstation with outfall to the Little River Canal (tributary to Biscayne Bay), roadway reconstruction, milling and resurfacing, curbs and gutters, ADA ramps, and signage and pavement markings. This project may also include a requested Joint Participation Agreement (JPA) with the Miami-Dade Water and Sewer Department (MDWASD) for installing an 8-inch water main, water services, and fire hydrants.",
                "Estimated Project Cost": "70497875",
                "Additional Comments": ""
            },
            "geometry": {
                "type": "Point",
                "coordinates": [
                    -80.17654187,
                    25.84639461
                ]
            }
        },
        {
            "type": "Feature",
            "properties": {
                "Project Name": "Belle Meade Isle Circle Cul-De-Sac Improvements",
                "Latitude": "25.84244838",
                "Longitude": "-80.17470929",
                "City": "Miami",
                "Link to Data Source": "https://www.miami.gov/My-Government/Departments/Resilience-and-Public-Works/Resilience-and-Public-Works-Projects-Per-District/District-5-Resilience-and-Public-Works-Projects/Belle-Meade-Isle-Circle-Cul-De-Sac-Improvements",
                "Implementating Agency": "Department of Resilience and Public Works ",
                "Infrastructure Type": "Gray",
                "Categories": "Flood Control Infrastructure",
                "Disaster Focus": "Multi-hazard",
                "New 15-25 Words Project Description": "Design and construction of right-of-way improvements including roadway reconstruction. ",
                "Project Start Date": "2025",
                "Project End Date": "2026",
                "Project Status": "Ongoing",
                "OLD * Brief Description of the Project": "Design and construction of right-of-way improvements including roadway reconstruction. ",
                "Estimated Project Cost": "761012",
                "Additional Comments": ""
            },
            "geometry": {
                "type": "Point",
                "coordinates": [
                    -80.17470929,
                    25.84244838
                ]
            }
        },
        {
            "type": "Feature",
            "properties": {
                "Project Name": "Neighborhood stormwater pump upgrades & outfall improvements",
                "Latitude": "25.901",
                "Longitude": "-80.18",
                "City": "North Miami ",
                "Link to Data Source": "https://www.citynmb.com/437/Storm-Water",
                "Implementating Agency": "City of North Miami ",
                "Infrastructure Type": "Hybrid",
                "Categories": "Flood Control Infrastructure",
                "Disaster Focus": "Flooding",
                "New 15-25 Words Project Description": "Pump station and force main work (PS 469/468 area) and neighborhood drainage upgrades. Storm Water Division has the responsibility for street sweeping, swale maintenance, right of way flooding issues, lake water cleaning/maintenance. ",
                "Project Start Date": "2024",
                "Project End Date": "2025",
                "Project Status": "Ongoing",
                "OLD * Brief Description of the Project": "Pump station and force main work (PS 469/468 area) and neighborhood drainage upgrades. Storm Water Division has the responsibility for street sweeping, swale maintenance, right of way flooding issues, lake water cleaning/maintenance. ",
                "Estimated Project Cost": "1000000",
                "Additional Comments": ""
            },
            "geometry": {
                "type": "Point",
                "coordinates": [
                    -80.18,
                    25.901
                ]
            }
        },
        {
            "type": "Feature",
            "properties": {
                "Project Name": "Replacement of Seawalls Morningside",
                "Latitude": "25.8302629",
                "Longitude": "-80.18000664",
                "City": "Miami",
                "Link to Data Source": "https://www.miami.gov/My-Government/Departments/Resilience-and-Public-Works/Resilience-and-Public-Works-Projects-Per-District/District-2-Resilience-and-Public-Works-Projects/Replacement-of-Seawalls-Morningside",
                "Implementating Agency": "Resilience and Public Works Department ",
                "Infrastructure Type": "Hybrid",
                "Categories": "Shoreline Protection",
                "Disaster Focus": "Flooding",
                "New 15-25 Words Project Description": "Designs and constructs three Morningside seawalls, including raising or replacement, dredging, outfall improvements, tidal valves, guardrails, resurfacing, lighting, landscaping, and right-of-way restoration.",
                "Project Start Date": "2026",
                "Project End Date": "2027",
                "Project Status": "Ongoing",
                "OLD * Brief Description of the Project": "Design and construction of three seawalls in the Morningside neighborhood. The works includes raising or replacing seawalls, dredging, bursting outfall pipes, installing manhole structures, tidal valves, manatee grates, riprap, guardrails, signs and pavement markings, removing concrete and asphalt, milling, resurfacing, street lighting, landscaping, and restoring the right-of-way.",
                "Estimated Project Cost": "1553538",
                "Additional Comments": ""
            },
            "geometry": {
                "type": "Point",
                "coordinates": [
                    -80.18000664,
                    25.8302629
                ]
            }
        },
        {
            "type": "Feature",
            "properties": {
                "Project Name": "C-8 Basin Resiliency and S-28 Coastal Structure",
                "Latitude": "25.87181912",
                "Longitude": "-80.17974736",
                "City": "Miami",
                "Link to Data Source": "https://www.sfwmd.gov/sites/default/files/documents/2024_SFWMD_SLR%26FRP_FINAL.pdf",
                "Implementating Agency": "SFWMD",
                "Infrastructure Type": "Hybrid",
                "Categories": "Flood Control Infrastructure",
                "Disaster Focus": "Multi-hazard",
                "New 15-25 Words Project Description": "Enhance flood resilience in the C-8 Basin through upgraded coastal structures, a new pump station, living shoreline, detention areas, and improved canal banks.",
                "Project Start Date": "2024",
                "Project End Date": "2025",
                "Project Status": "Ongoing",
                "OLD * Brief Description of the Project": "S-28 Costal Structure Replacement: replacing major components of the S-28 Structure with a \nnew elevated, gated, water control structure. Forward Pump: building a new 2550 cfs forward pump station that will convey flood waters \nto tide when downstream water elevations are too high to allow gravity flow. canal improvements and storage",
                "Estimated Project Cost": "298917983",
                "Additional Comments": ""
            },
            "geometry": {
                "type": "Point",
                "coordinates": [
                    -80.17974736,
                    25.87181912
                ]
            }
        },
        {
            "type": "Feature",
            "properties": {
                "Project Name": "Belle Meade Pump Station Valve Boxes",
                "Latitude": "25.84664923",
                "Longitude": "-80.17985882",
                "City": "Miami",
                "Link to Data Source": "https://www.miami.gov/My-Government/Departments/Resilience-and-Public-Works/Resilience-and-Public-Works-Projects-Per-District/District-5-Resilience-and-Public-Works-Projects/Belle-Meade-Pump-Station-Valve-Boxes",
                "Implementating Agency": "Department of Resilience and Public Works ",
                "Infrastructure Type": "Gray",
                "Categories": "Flood Control Infrastructure",
                "Disaster Focus": "Flooding",
                "New 15-25 Words Project Description": "Installations of four valve structure boxes that will faciliate access to the existing check valves in order to do future maintainence and repair. ",
                "Project Start Date": "2025",
                "Project End Date": "2025",
                "Project Status": "Ongoing",
                "OLD * Brief Description of the Project": "Installations of four valve structure boxes that will faciliate access to the existing check valves in order to do future maintainence and repair. ",
                "Estimated Project Cost": "776381",
                "Additional Comments": ""
            },
            "geometry": {
                "type": "Point",
                "coordinates": [
                    -80.17985882,
                    25.84664923
                ]
            }
        },
        {
            "type": "Feature",
            "properties": {
                "Project Name": "Brickell Key Bridge Repairs",
                "Latitude": "25.76566045",
                "Longitude": "-80.18722044",
                "City": "Miami",
                "Link to Data Source": "https://www.miami.gov/My-Government/Departments/Resilience-and-Public-Works/Resilience-and-Public-Works-Projects-Per-District/District-2-Resilience-and-Public-Works-Projects/Brickell-Key-Bridge-Repairs",
                "Implementating Agency": "Department of Resilience and Public Works ",
                "Infrastructure Type": "Gray",
                "Categories": "Public Facilities",
                "Disaster Focus": "Flooding",
                "New 15-25 Words Project Description": "Removal of the Epoxy Layer Overlay, and the Sidewalk Tiles and the Concrete restoration. ",
                "Project Start Date": "2025",
                "Project End Date": "2026",
                "Project Status": "Ongoing",
                "OLD * Brief Description of the Project": "Removal of the Epoxy Layer Overlay, and the Sidewalk Tiles and the Concrete restoration. ",
                "Estimated Project Cost": "4612379",
                "Additional Comments": ""
            },
            "geometry": {
                "type": "Point",
                "coordinates": [
                    -80.18722044,
                    25.76566045
                ]
            }
        },
        {
            "type": "Feature",
            "properties": {
                "Project Name": "City of Miami Immediate Flood Control: Install 79 Backflow Valves Citywide",
                "Latitude": "25.77893568",
                "Longitude": "-80.20833455",
                "City": "Miami",
                "Link to Data Source": "https://www.miami.gov/My-Government/Departments/Office-of-Capital-Improvements/Capital-Improvements-Projects-Construction-Notices-Per-District/City-Wide-Projects/Tidal-Backflow-Valves-Installation",
                "Implementating Agency": "Resilience and Public Works Department ",
                "Infrastructure Type": "Gray",
                "Categories": "Flood Control Infrastructure",
                "Disaster Focus": "Multi-hazard",
                "New 15-25 Words Project Description": "Installing Backflow Valves (Citywide) to mitigate sea level rise and flooding.",
                "Project Start Date": "2022",
                "Project End Date": "2027",
                "Project Status": "Ongoing",
                "OLD * Brief Description of the Project": "The City of Miami is working to install Backflow Valves (Citywide) to mitigate sea level rise and flooding.",
                "Estimated Project Cost": "40084000",
                "Additional Comments": ""
            },
            "geometry": {
                "type": "Point",
                "coordinates": [
                    -80.20833455,
                    25.77893568
                ]
            }
        },
        {
            "type": "Feature",
            "properties": {
                "Project Name": "Stormwater pump & detention upgrades (village projects)",
                "Latitude": "25.871",
                "Longitude": "-80.187",
                "City": "Miami Shores ",
                "Link to Data Source": "https://www.msvfl.gov/StormwaterMasterPlan(SWMP)#:~:text=Project%20Information,Shores'%20environmental%20and%20resiliency%20goals.",
                "Implementating Agency": "Village of Miami Shores ",
                "Infrastructure Type": "Gray",
                "Categories": "Flood Control Infrastructure",
                "Disaster Focus": "Flooding",
                "New 15-25 Words Project Description": "Stormwater infrastructure & roadway improvements to alleviate localized flooding affecting  650 properties. Prioritize up to 10 major stormwater improvement projects. ",
                "Project Start Date": "2025",
                "Project End Date": "2028",
                "Project Status": "Ongoing",
                "OLD * Brief Description of the Project": "Stormwater infrastructure & roadway improvements to alleviate localized flooding affecting  650 properties. Prioritize up to 10 major stormwater improvement projects. ",
                "Estimated Project Cost": "10070651",
                "Additional Comments": ""
            },
            "geometry": {
                "type": "Point",
                "coordinates": [
                    -80.187,
                    25.871
                ]
            }
        },
        {
            "type": "Feature",
            "properties": {
                "Project Name": "Traffic Circle at North Bayshore Drive",
                "Latitude": "25.79203326",
                "Longitude": "-80.18709561",
                "City": "Miami",
                "Link to Data Source": "https://www.miami.gov/My-Government/Departments/Resilience-and-Public-Works/Resilience-and-Public-Works-Projects-Per-District/District-2-Resilience-and-Public-Works-Projects/Traffic-Circle-at-North-Bayshore-Drive",
                "Implementating Agency": "Department of Resilience and Public Works ",
                "Infrastructure Type": "Hybrid",
                "Categories": "Flood Control Infrastructure",
                "Disaster Focus": "Multi-hazard",
                "New 15-25 Words Project Description": "Design and construction of a traffic circle and roadway improvements including drainage. ",
                "Project Start Date": "2025",
                "Project End Date": "2026",
                "Project Status": "Ongoing",
                "OLD * Brief Description of the Project": "Design and construction of a traffic circle and roadway improvements including drainage. ",
                "Estimated Project Cost": "2256708",
                "Additional Comments": ""
            },
            "geometry": {
                "type": "Point",
                "coordinates": [
                    -80.18709561,
                    25.79203326
                ]
            }
        },
        {
            "type": "Feature",
            "properties": {
                "Project Name": "Replacement of 8 Seawalls in Edgewater ",
                "Latitude": "25.8058901",
                "Longitude": "-80.18542254",
                "City": "Miami",
                "Link to Data Source": "https://www.miami.gov/My-Government/Departments/Resilience-and-Public-Works/Resilience-and-Public-Works-Projects-Per-District/District-2-Resilience-and-Public-Works-Projects/Replacement-of-8-Seawalls-in-Edgewater-D2",
                "Implementating Agency": "Department of Resilience and Public Works ",
                "Infrastructure Type": "Gray",
                "Categories": "Shoreline Protection",
                "Disaster Focus": "Flooding",
                "New 15-25 Words Project Description": "Design and construction of eight seawalls in the Edgewater neighborhood. ",
                "Project Start Date": "2026",
                "Project End Date": "2027",
                "Project Status": "Ongoing",
                "OLD * Brief Description of the Project": "Design and construction of eight seawalls in the Edgewater neighborhood. ",
                "Estimated Project Cost": "3541662",
                "Additional Comments": ""
            },
            "geometry": {
                "type": "Point",
                "coordinates": [
                    -80.18542254,
                    25.8058901
                ]
            }
        },
        {
            "type": "Feature",
            "properties": {
                "Project Name": "Edgewater Neighborhood Flood Improvements",
                "Latitude": "25.7991778",
                "Longitude": "-80.18815749",
                "City": "Miami",
                "Link to Data Source": "https://www.miami.gov/My-Government/Departments/Resilience-and-Public-Works/Resilience-and-Public-Works-Projects-Per-District/District-2-Resilience-and-Public-Works-Projects/Edgewater-Neighborhood-Flood-Improvements",
                "Implementating Agency": "Department of Resilience and Public Works ",
                "Infrastructure Type": "Gray",
                "Categories": "Flood Control Infrastructure",
                "Disaster Focus": "Flooding",
                "New 15-25 Words Project Description": "Design of a stormwater infrastructure and roadway improvements for stormwater pipes. ",
                "Project Start Date": "2026",
                "Project End Date": "2027",
                "Project Status": "Ongoing",
                "OLD * Brief Description of the Project": "Design of a stormwater infrastructure and roadway improvements for stormwater pipes. ",
                "Estimated Project Cost": "31542898",
                "Additional Comments": ""
            },
            "geometry": {
                "type": "Point",
                "coordinates": [
                    -80.18815749,
                    25.7991778
                ]
            }
        },
        {
            "type": "Feature",
            "properties": {
                "Project Name": "S-27 Coastal Structure and C-7 Basin  Resiliency  ",
                "Latitude": "25.85021887",
                "Longitude": "-80.18911728",
                "City": "Miami-Dade County ",
                "Link to Data Source": "https://www.sfwmd.gov/sites/default/files/documents/FloodResiliency_SFWMD_2023ConsolidatedAnnualReport.pdf",
                "Implementating Agency": "SFWMD",
                "Infrastructure Type": "Blue",
                "Categories": "Flood Control Infrastructure",
                "Disaster Focus": "Multi-hazard",
                "New 15-25 Words Project Description": "Enhance flood resilience in the C-7 Basin by upgrading the S-27 structure, adding a new pump station, and implementing nature-based features",
                "Project Start Date": "2022",
                "Project End Date": "2024",
                "Project Status": "Ongoing",
                "OLD * Brief Description of the Project": "Similar to above",
                "Estimated Project Cost": "126870189",
                "Additional Comments": ""
            },
            "geometry": {
                "type": "Point",
                "coordinates": [
                    -80.18911728,
                    25.85021887
                ]
            }
        },
        {
            "type": "Feature",
            "properties": {
                "Project Name": "City of North Miami Good Neighbor Stormwater Park",
                "Latitude": "25.90828796",
                "Longitude": "-80.18093533",
                "City": "North Miami ",
                "Link to Data Source": "https://www.northmiamifl.gov/987/Stormwater-Park",
                "Implementating Agency": "City of North Miami ",
                "Infrastructure Type": "Hybrid",
                "Categories": "Green Infrastructure",
                "Disaster Focus": "Flooding",
                "New 15-25 Words Project Description": "Transforming an empty flood prone parking lot into a educational space for community members by installing a retention pond with art pieces surrounding it that resembles climate change (flooding awareness).",
                "Project Start Date": "2019",
                "Project End Date": "2020",
                "Project Status": "Completed",
                "OLD * Brief Description of the Project": "Van Alen Institute and Urban Impact Lab are transforming an empty flood prone parking lot into a educational space for community members. The design aspect is to install a retention pond and have art work pieces surrounding it  that resembles climate change (flooding awareness).",
                "Estimated Project Cost": "86000",
                "Additional Comments": ""
            },
            "geometry": {
                "type": "Point",
                "coordinates": [
                    -80.18093533,
                    25.90828796
                ]
            }
        },
        {
            "type": "Feature",
            "properties": {
                "Project Name": "Brickell and Coconut Grove Seawalls Improvements",
                "Latitude": "25.73575807",
                "Longitude": "-80.22374447",
                "City": "Miami",
                "Link to Data Source": "https://www.miami.gov/My-Government/Departments/Resilience-and-Public-Works/Resilience-and-Public-Works-Projects-Per-District/District-2-Resilience-and-Public-Works-Projects/Brickell-and-Coconut-Grove-Seawalls-Improvements",
                "Implementating Agency": "Department of Resilience and Public Works ",
                "Infrastructure Type": "Gray",
                "Categories": "Shoreline Protection",
                "Disaster Focus": "Flooding",
                "New 15-25 Words Project Description": "Design and construction of three seawalls in the South Grove neighborhoods. ",
                "Project Start Date": "2026",
                "Project End Date": "2027",
                "Project Status": "Ongoing",
                "OLD * Brief Description of the Project": "Design and construction of three seawalls in the South Grove neighborhoods. ",
                "Estimated Project Cost": "1659265",
                "Additional Comments": ""
            },
            "geometry": {
                "type": "Point",
                "coordinates": [
                    -80.22374447,
                    25.73575807
                ]
            }
        },
        {
            "type": "Feature",
            "properties": {
                "Project Name": "Mary Brickell Village Drainage Improvements PH II",
                "Latitude": "25.76353487",
                "Longitude": "-80.19418651",
                "City": "Miami",
                "Link to Data Source": "https://www.miami.gov/My-Government/Departments/Resilience-and-Public-Works/Resilience-and-Public-Works-Projects-Per-District/District-3-Resilience-and-Public-Works-Projects/Mary-Brickell-Village-Drainage-Improvements-PH-II",
                "Implementating Agency": "Department of Resilience and Public Works ",
                "Infrastructure Type": "Gray",
                "Categories": "Flood Control Infrastructure",
                "Disaster Focus": "Flooding",
                "New 15-25 Words Project Description": "Design and construction of stormwater infrastructure and roadway improvements. ",
                "Project Start Date": "2026",
                "Project End Date": "2027",
                "Project Status": "Ongoing",
                "OLD * Brief Description of the Project": "Design and construction of stormwater infrastructure and roadway improvements. ",
                "Estimated Project Cost": "1616006",
                "Additional Comments": ""
            },
            "geometry": {
                "type": "Point",
                "coordinates": [
                    -80.19418651,
                    25.76353487
                ]
            }
        },
        {
            "type": "Feature",
            "properties": {
                "Project Name": "Brickell Ave from SE 15 Road to SE 8 Street ",
                "Latitude": "25.7582163",
                "Longitude": "-80.19287611",
                "City": "Miami",
                "Link to Data Source": "https://miamigis.maps.arcgis.com/apps/webappviewer/index.html?id=37a66e44b32541ad9a4b11d5a5102c52",
                "Implementating Agency": "Miami Dade County ",
                "Infrastructure Type": "Gray",
                "Categories": "Flood Control Infrastructure",
                "Disaster Focus": "Multi-hazard",
                "New 15-25 Words Project Description": "Design and construction of roadway improvements including sidewalk restoration, driveway repairs, gutter restoration. ",
                "Project Start Date": "2025",
                "Project End Date": "2027",
                "Project Status": "Ongoing",
                "OLD * Brief Description of the Project": "Design and construction of roadway improvements including sidewalk restoration, driveway repairs, gutter restoration. ",
                "Estimated Project Cost": "6600000",
                "Additional Comments": ""
            },
            "geometry": {
                "type": "Point",
                "coordinates": [
                    -80.19287611,
                    25.7582163
                ]
            }
        },
        {
            "type": "Feature",
            "properties": {
                "Project Name": "S-25B Coastal Structure Resiliency",
                "Latitude": "25.79337227",
                "Longitude": "-80.26428512",
                "City": "Miami",
                "Link to Data Source": "https://www.sfwmd.gov/sites/default/files/FDEP_ResilientFlorida_ResilientProjectsPlan_09_01-2021.pdf",
                "Implementating Agency": "SFWMD",
                "Infrastructure Type": "Gray",
                "Categories": "Flood Control Infrastructure",
                "Disaster Focus": "Flooding",
                "New 15-25 Words Project Description": "Upgrade S-25B spillway to enhance resilience against sea-level rise and flooding, improving flood control capacity in the C-4 Canal.",
                "Project Start Date": "Null",
                "Project End Date": "Null",
                "Project Status": "Ongoing",
                "OLD * Brief Description of the Project": "additional forward pump; tie the structure to higher land elevations ",
                "Estimated Project Cost": "108469363",
                "Additional Comments": ""
            },
            "geometry": {
                "type": "Point",
                "coordinates": [
                    -80.26428512,
                    25.79337227
                ]
            }
        },
        {
            "type": "Feature",
            "properties": {
                "Project Name": "Miami River Greenway & Shoreline Repair (City/County)",
                "Latitude": "25.7699881",
                "Longitude": "-80.19464259",
                "City": "Miami-Dade County ",
                "Link to Data Source": "https://www.tpl.org/our-work/miami-greenway#:~:text=Free%2Dflowing%20water%20can%20transform,rallying%20communities%20around%20natural%20resources.",
                "Implementating Agency": "City of Miami and Miami Dade County",
                "Infrastructure Type": "Green",
                "Categories": "Green Infrastructure",
                "Disaster Focus": "Multi-hazard",
                "New 15-25 Words Project Description": "Greenway creation and shoreline stabilization projects along the Miami River.",
                "Project Start Date": "2017",
                "Project End Date": "2027",
                "Project Status": "Ongoing",
                "OLD * Brief Description of the Project": "Greenway creation and shoreline stabilization projects along the Miami River.",
                "Estimated Project Cost": "",
                "Additional Comments": ""
            },
            "geometry": {
                "type": "Point",
                "coordinates": [
                    -80.19464259,
                    25.7699881
                ]
            }
        },
        {
            "type": "Feature",
            "properties": {
                "Project Name": "G-93 Coastal Structure Resiliency",
                "Latitude": "25.73851538",
                "Longitude": "-80.28697218",
                "City": "Miami-Dade County ",
                "Link to Data Source": "https://www.sfwmd.gov/sites/default/files/FDEP_ResilientFlorida_ResilientProjectsPlan_09_01-2021.pdf",
                "Implementating Agency": "SFWMD",
                "Infrastructure Type": "Gray",
                "Categories": "Flood Control Infrastructure",
                "Disaster Focus": "Flooding",
                "New 15-25 Words Project Description": "Upgrade the G-93 spillway with structural enhancements and a forward pump to improve flood resilience and conveyance capacity in Coral Gables.",
                "Project Start Date": "Null",
                "Project End Date": "Null",
                "Project Status": "Ongoing",
                "OLD * Brief Description of the Project": "structure enhancement, forward pump, flood barrier",
                "Estimated Project Cost": "54353860",
                "Additional Comments": ""
            },
            "geometry": {
                "type": "Point",
                "coordinates": [
                    -80.28697218,
                    25.73851538
                ]
            }
        },
        {
            "type": "Feature",
            "properties": {
                "Project Name": "Mary Brickell Village Drainage Improvements Phase I",
                "Latitude": "25.76270413",
                "Longitude": "-80.19508915",
                "City": "Miami",
                "Link to Data Source": "https://www.miami.gov/My-Government/Departments/Resilience-and-Public-Works/Resilience-and-Public-Works-Projects-Per-District/District-3-Resilience-and-Public-Works-Projects/Mary-Brickell-Village-Drainage-Improvements-PH-I",
                "Implementating Agency": "Department of Resilience and Public Works ",
                "Infrastructure Type": "Gray",
                "Categories": "Flood Control Infrastructure",
                "Disaster Focus": "Flooding",
                "New 15-25 Words Project Description": "Design and construction of stormwater infrastructure improvements and associated roadway work, including a pump station. ",
                "Project Start Date": "2019",
                "Project End Date": "2022",
                "Project Status": "Completed",
                "OLD * Brief Description of the Project": "None",
                "Estimated Project Cost": "5423619",
                "Additional Comments": ""
            },
            "geometry": {
                "type": "Point",
                "coordinates": [
                    -80.19508915,
                    25.76270413
                ]
            }
        },
        {
            "type": "Feature",
            "properties": {
                "Project Name": "Buena Vista Local Drainage and Road Improvements",
                "Latitude": "25.82043461",
                "Longitude": "-80.19286801",
                "City": "Miami",
                "Link to Data Source": "https://www.miami.gov/My-Government/Departments/Resilience-and-Public-Works/Resilience-and-Public-Works-Projects-Per-District/District-5-Resilience-and-Public-Works-Projects/Buena-Vista-Local-Drainage-and-Road-Improvements",
                "Implementating Agency": "Department of Resilience and Public Works ",
                "Infrastructure Type": "Gray",
                "Categories": "Flood Control Infrastructure",
                "Disaster Focus": "Flooding",
                "New 15-25 Words Project Description": "Design and construction of right-of-way improvements including drainage system, partial roadway reconstruction, milling. ",
                "Project Start Date": "2026",
                "Project End Date": "2027",
                "Project Status": "Ongoing",
                "OLD * Brief Description of the Project": "Design and construction of right-of-way improvements including drainage system, partial roadway reconstruction, milling. ",
                "Estimated Project Cost": "5497511",
                "Additional Comments": ""
            },
            "geometry": {
                "type": "Point",
                "coordinates": [
                    -80.19286801,
                    25.82043461
                ]
            }
        },
        {
            "type": "Feature",
            "properties": {
                "Project Name": " C-8 Basin Septic-to-sewer conversions project",
                "Latitude": "25.69167271",
                "Longitude": "-80.29086875",
                "City": "South Miami ",
                "Link to Data Source": "https://southmiamifl.gov/806/Septic-to-Sewer-Information",
                "Implementating Agency": "The City of South Miami ",
                "Infrastructure Type": "Hybrid",
                "Categories": "Connectivity ",
                "Disaster Focus": "Flooding",
                "New 15-25 Words Project Description": "Stormwater infrastructure and roadway improvements protecting ~650 properties as well as septic to swere conversions.",
                "Project Start Date": "2025",
                "Project End Date": "2028",
                "Project Status": "Ongoing",
                "OLD * Brief Description of the Project": "8th Street Neighborhood Flood Improvements: stormwater infrastructure and roadway improvements protecting ~650 properties.",
                "Estimated Project Cost": "10070651",
                "Additional Comments": ""
            },
            "geometry": {
                "type": "Point",
                "coordinates": [
                    -80.29086875,
                    25.69167271
                ]
            }
        },
        {
            "type": "Feature",
            "properties": {
                "Project Name": "Bayhomes Drive Drainage Improvements",
                "Latitude": "25.71531785",
                "Longitude": "-80.25294005",
                "City": "Miami",
                "Link to Data Source": "https://www.miami.gov/My-Government/Departments/Resilience-and-Public-Works/Resilience-and-Public-Works-Projects-Per-District/District-2-Resilience-and-Public-Works-Projects/Bayhomes-Drive-Drainage-Improvements",
                "Implementating Agency": "Department of Resilience and Public Works ",
                "Infrastructure Type": "Hybrid",
                "Categories": "Flood Control Infrastructure",
                "Disaster Focus": "Flooding",
                "New 15-25 Words Project Description": "This project will help improve localized flooding that is experienced by the community. ",
                "Project Start Date": "2025",
                "Project End Date": "2026",
                "Project Status": "Ongoing",
                "OLD * Brief Description of the Project": "This project will help improve localized flooding that is experienced by the community. ",
                "Estimated Project Cost": "1050000",
                "Additional Comments": ""
            },
            "geometry": {
                "type": "Point",
                "coordinates": [
                    -80.25294005,
                    25.71531785
                ]
            }
        },
        {
            "type": "Feature",
            "properties": {
                "Project Name": "East Little Havana Streetscape Demonstration Project",
                "Latitude": "25.77128982",
                "Longitude": "-80.20098071",
                "City": "Little Havana",
                "Link to Data Source": "https://www.miami.gov/My-Government/Departments/Resilience-and-Public-Works/Resilience-and-Public-Works-Projects-Per-District/District-3-Resilience-and-Public-Works-Projects/East-Little-Havana-Streetscape-Demonstration-Project",
                "Implementating Agency": "U.S. Department of Housing and Urban Development ",
                "Infrastructure Type": "Hybrid",
                "Categories": "Green Infrastructure",
                "Disaster Focus": "Extreme Heat",
                "New 15-25 Words Project Description": "Will assist with stormwater infrastructure, and extreme heat mitigation including landscape improvements and planting indigenious trees/plants. ",
                "Project Start Date": "2025",
                "Project End Date": "2025",
                "Project Status": "Completed",
                "OLD * Brief Description of the Project": "This project will assist with stormwater infrastructure, and extreme heat mitigation including landscape improvements. Planting indigenious trees/plants. ",
                "Estimated Project Cost": "508176",
                "Additional Comments": ""
            },
            "geometry": {
                "type": "Point",
                "coordinates": [
                    -80.20098071,
                    25.77128982
                ]
            }
        },
        {
            "type": "Feature",
            "properties": {
                "Project Name": "NE 3 Avenue from NE 54 Street to NE 59 Street Improvements",
                "Latitude": "25.82559787",
                "Longitude": "-80.18971559",
                "City": "Miami",
                "Link to Data Source": "https://www.miami.gov/My-Government/Departments/Resilience-and-Public-Works/Resilience-and-Public-Works-Projects-Per-District/District-5-Resilience-and-Public-Works-Projects/NE-3-Avenue-from-NE-54-Street-to-NE-59-Street",
                "Implementating Agency": "Department of Resilience and Public Works ",
                "Infrastructure Type": "Hybrid",
                "Categories": "Flood Control Infrastructure",
                "Disaster Focus": "Multi-hazard",
                "New 15-25 Words Project Description": "Design and construction of roadway and drainage improvements including roadway reconstruction, swale reconstruction, sidewalk repairs, ADA ramps, drainage system, and pavement markings.",
                "Project Start Date": "2025",
                "Project End Date": "2027",
                "Project Status": "Ongoing",
                "OLD * Brief Description of the Project": "Design and construction of roadway and drainage improvements including roadway reconstruction, swale reconstruction, sidewalk repairs, ADA ramps, drainage system, and pavement markings.",
                "Estimated Project Cost": "3259046",
                "Additional Comments": ""
            },
            "geometry": {
                "type": "Point",
                "coordinates": [
                    -80.18971559,
                    25.82559787
                ]
            }
        },
        {
            "type": "Feature",
            "properties": {
                "Project Name": "NW 11 ST from NW 1 AVE to NW 2 AVE",
                "Latitude": "25.78479352",
                "Longitude": "-80.19593078",
                "City": "Miami",
                "Link to Data Source": "https://www.miami.gov/My-Government/Departments/Resilience-and-Public-Works/Resilience-and-Public-Works-Projects-Per-District/District-5-Resilience-and-Public-Works-Projects/NW-11-ST-from-NW-1-AVE-to-NW-2-AVE",
                "Implementating Agency": "Department of Resilience and Public Works ",
                "Infrastructure Type": "Gray",
                "Categories": "Flood Control Infrastructure",
                "Disaster Focus": "Multi-hazard",
                "New 15-25 Words Project Description": "Design and construction of right-of-way improvements including roadway reconstruction, drainage system, driveway approaches. ",
                "Project Start Date": "2025",
                "Project End Date": "2027",
                "Project Status": "Ongoing",
                "OLD * Brief Description of the Project": "Design and construction of right-of-way improvements including roadway reconstruction, drainage system, driveway approaches. ",
                "Estimated Project Cost": "2175724",
                "Additional Comments": ""
            },
            "geometry": {
                "type": "Point",
                "coordinates": [
                    -80.19593078,
                    25.78479352
                ]
            }
        },
        {
            "type": "Feature",
            "properties": {
                "Project Name": "South West Wynwood Neighborhood Flood Improvements",
                "Latitude": "25.79811231",
                "Longitude": "-80.19900626",
                "City": "Miami",
                "Link to Data Source": "https://www.miami.gov/My-Government/Departments/Resilience-and-Public-Works/Resilience-and-Public-Works-Projects-Per-District/District-5-Resilience-and-Public-Works-Projects/South-West-Wynwood-Neighborhood-Flood-Improvements-NW-3rd-Ave-to-NW-5-Pl-NW-16th-St.-to-NW-28-St-Pump-Station-D-5",
                "Implementating Agency": "U.S. Department of Housing and Urban Development ",
                "Infrastructure Type": "Gray",
                "Categories": "Flood Control Infrastructure",
                "Disaster Focus": "Flooding",
                "New 15-25 Words Project Description": "Design and construction of stormwater infrastructure and associated roadway improvements including force mains, injection wells, pump station, new and upsized stormwater inlets and pipes, gravity wells, exfiltration trenches, roadway reconstruction. ",
                "Project Start Date": "2028",
                "Project End Date": "2030",
                "Project Status": "Ongoing",
                "OLD * Brief Description of the Project": "Design and construction of stormwater infrastructure and associated roadway improvements including force mains, injection wells, pump station, new and upsized stormwater inlets and pipes, gravity wells, exfiltration trenches, roadway reconstruction. ",
                "Estimated Project Cost": "31698773",
                "Additional Comments": ""
            },
            "geometry": {
                "type": "Point",
                "coordinates": [
                    -80.19900626,
                    25.79811231
                ]
            }
        },
        {
            "type": "Feature",
            "properties": {
                "Project Name": "Jose Martin Park Adaptive Re-Design (City of Miami)",
                "Latitude": "25.77141904",
                "Longitude": "-80.20051173",
                "City": "Miami",
                "Link to Data Source": "https://www.miami.gov/files/assets/public/v/2/document-resources/pdf-docs/capital-improvements/jose-marti-park-adaptive-redesign-eng-final.pdf",
                "Implementating Agency": "City of Miami and Miami Dade County",
                "Infrastructure Type": "Hybrid",
                "Categories": "Green Infrastructure",
                "Disaster Focus": "Extreme Heat",
                "New 15-25 Words Project Description": "13-acre waterfront park redesign incorporating green infrastructure, living shoreline, drainage wells.",
                "Project Start Date": "2019",
                "Project End Date": "Null",
                "Project Status": "Ongoing",
                "OLD * Brief Description of the Project": "13-acre waterfront park redesign incorporating green infrastructure, living shoreline, drainage wells.",
                "Estimated Project Cost": "18000000",
                "Additional Comments": ""
            },
            "geometry": {
                "type": "Point",
                "coordinates": [
                    -80.20051173,
                    25.77141904
                ]
            }
        },
        {
            "type": "Feature",
            "properties": {
                "Project Name": "The Underline ",
                "Latitude": "25.76606346",
                "Longitude": "-80.19545297",
                "City": "Miami-Dade County ",
                "Link to Data Source": "https://www.theunderline.org/2017/04/04/nature-conservancy-friends-underline-announce-partnership-help-create-greenspace-beneath-miamis-metrorail/#:~:text=news%20and%20updates:-,The%20Nature%20Conservancy%20and%20Friends%20of%20The%20Underline%20announce%20partnership,people%2C%20native%20plants%20and%20wildlife.",
                "Implementating Agency": "The Nature Conservancy ",
                "Infrastructure Type": "Green",
                "Categories": "Green Infrastructure",
                "Disaster Focus": "Extreme Heat",
                "New 15-25 Words Project Description": "Consists of an urban trail and a living art destination, with recreational opportunities to advocate for transformation and improvement for a greenway vision. ",
                "Project Start Date": "2021",
                "Project End Date": "2026",
                "Project Status": "Ongoing",
                "OLD * Brief Description of the Project": "The Underline would consists of a urban trail and a living art destination, with recreational opportunities. The Underline would advocate for transformation and improvement for a greenway vision. ",
                "Estimated Project Cost": "156000000",
                "Additional Comments": ""
            },
            "geometry": {
                "type": "Point",
                "coordinates": [
                    -80.19545297,
                    25.76606346
                ]
            }
        },
        {
            "type": "Feature",
            "properties": {
                "Project Name": "Miami Forever Climate Ready Storm Surge Barriers",
                "Latitude": "25.75788847",
                "Longitude": "-80.18833102",
                "City": "Miami-Dade County ",
                "Link to Data Source": "https://usace.contentdm.oclc.org/utils/getfile/collection/p16021coll7/id/25747",
                "Implementating Agency": "City of Miami Dade County",
                "Infrastructure Type": "Hybrid",
                "Categories": "Shoreline Protection",
                "Disaster Focus": "Storm Surge",
                "New 15-25 Words Project Description": "Construct storm surge and tidal gateway barriers and other waterfront features to reduce risk from storm surge up Miami River, Little River, and other canals as needed.",
                "Project Start Date": "2020",
                "Project End Date": "2027",
                "Project Status": "Ongoing",
                "OLD * Brief Description of the Project": "Construct storm surge and tidal gateway barriers and other waterfront features to reduce risk from storm surge up Miami River, Little River, and other canals as needed.",
                "Estimated Project Cost": "2660000000",
                "Additional Comments": ""
            },
            "geometry": {
                "type": "Point",
                "coordinates": [
                    -80.18833102,
                    25.75788847
                ]
            }
        },
        {
            "type": "Feature",
            "properties": {
                "Project Name": "Allapattah Neighborhood Flooding Improvements ",
                "Latitude": "25.8035014",
                "Longitude": "-80.21537398",
                "City": "Miami",
                "Link to Data Source": "https://www.miami.gov/My-Government/Departments/Resilience-and-Public-Works/Resilience-and-Public-Works-Projects-Per-District/District-1-Resilience-and-Public-Works-Projects/Allapattah-Neighborhood-Flood-Improvements",
                "Implementating Agency": "City of Miami Resilience and Public Works Department ",
                "Infrastructure Type": "Gray",
                "Categories": "Flood Control Infrastructure",
                "Disaster Focus": "Flooding",
                "New 15-25 Words Project Description": "Design stormwater infrastructure and roadway improvements including stormwater pipes. ",
                "Project Start Date": "2027",
                "Project End Date": "2028",
                "Project Status": "Ongoing",
                "OLD * Brief Description of the Project": "Design stormwater infrastructure and roadway improvements including stormwater pipes. ",
                "Estimated Project Cost": "27217412",
                "Additional Comments": ""
            },
            "geometry": {
                "type": "Point",
                "coordinates": [
                    -80.21537398,
                    25.8035014
                ]
            }
        },
        {
            "type": "Feature",
            "properties": {
                "Project Name": "SW 15 Road from SW 3 Avenue and SW 11 Street",
                "Latitude": "25.7617732",
                "Longitude": "-80.1993394",
                "City": "Miami",
                "Link to Data Source": "https://www.miami.gov/My-Government/Departments/Resilience-and-Public-Works/Resilience-and-Public-Works-Projects-Per-District/District-3-Resilience-and-Public-Works-Projects/SW-15-Road-from-SW-3-Avenue-and-SW-11-Street",
                "Implementating Agency": "Department of Resilience and Public Works ",
                "Infrastructure Type": "Hybrid",
                "Categories": "Flood Control Infrastructure",
                "Disaster Focus": "Multi-hazard",
                "New 15-25 Words Project Description": "Traffic study, pedestrian safety implementations, and stormwater infrastructure improvements. ",
                "Project Start Date": "2027",
                "Project End Date": "2028",
                "Project Status": "Ongoing",
                "OLD * Brief Description of the Project": "Traffic study, pedestrian safety implementations, and stormwater infrastructure improvements. ",
                "Estimated Project Cost": "6734239",
                "Additional Comments": ""
            },
            "geometry": {
                "type": "Point",
                "coordinates": [
                    -80.1993394,
                    25.7617732
                ]
            }
        },
        {
            "type": "Feature",
            "properties": {
                "Project Name": "Wagner Creek Embankment Stabilization",
                "Latitude": "25.79414779",
                "Longitude": "-80.22159856",
                "City": "Miami",
                "Link to Data Source": "https://www.miami.gov/My-Government/Departments/Resilience-and-Public-Works/Resilience-and-Public-Works-Projects-Per-District/District-1-Resilience-and-Public-Works-Projects/Wagner-Creek-Embankment-Stabilization",
                "Implementating Agency": "City of Miami Resilience and Public Works Department ",
                "Infrastructure Type": "Gray",
                "Categories": "Flood Control Infrastructure",
                "Disaster Focus": "Flooding",
                "New 15-25 Words Project Description": "Design and construction of the embankments of Wagner Creek. ",
                "Project Start Date": "2027",
                "Project End Date": "2028",
                "Project Status": "Ongoing",
                "OLD * Brief Description of the Project": "Design and construction of the embankments of Wagner Creek. ",
                "Estimated Project Cost": "3209097",
                "Additional Comments": ""
            },
            "geometry": {
                "type": "Point",
                "coordinates": [
                    -80.22159856,
                    25.79414779
                ]
            }
        },
        {
            "type": "Feature",
            "properties": {
                "Project Name": "Glencoe Street Flood Improvements ",
                "Latitude": "25.74110904",
                "Longitude": "-80.21870206",
                "City": "Miami",
                "Link to Data Source": "https://www.miami.gov/My-Government/Departments/Resilience-and-Public-Works/Resilience-and-Public-Works-Projects-Per-District/District-2-Resilience-and-Public-Works-Projects/Glencoe-Street-Flood-Improvements",
                "Implementating Agency": "Miami Dade County ",
                "Infrastructure Type": "Hybrid",
                "Categories": "Flood Control Infrastructure",
                "Disaster Focus": "Flooding",
                "New 15-25 Words Project Description": "Will help localized flooding experienced by the community. ",
                "Project Start Date": "2025",
                "Project End Date": "2026",
                "Project Status": "Ongoing",
                "OLD * Brief Description of the Project": "This project will help localized flooding experienced by the community. ",
                "Estimated Project Cost": "1200000",
                "Additional Comments": ""
            },
            "geometry": {
                "type": "Point",
                "coordinates": [
                    -80.21870206,
                    25.74110904
                ]
            }
        },
        {
            "type": "Feature",
            "properties": {
                "Project Name": "8th Street Neighborhood Flood Improvements",
                "Latitude": "25.76497939",
                "Longitude": "-80.2225607",
                "City": "Miami",
                "Link to Data Source": "https://www.miami.gov/My-Government/Departments/Resilience-and-Public-Works/Resilience-and-Public-Works-Projects-Per-District/District-3-Resilience-and-Public-Works-Projects/8th-Street-Neighborhood-Flood-Improvements",
                "Implementating Agency": "Department of Resilience and Public Works ",
                "Infrastructure Type": "Hybrid",
                "Categories": "Flood Control Infrastructure",
                "Disaster Focus": "Flooding",
                "New 15-25 Words Project Description": "Design and construction of stormwater infrastructure and roadway improvements. ",
                "Project Start Date": "2027",
                "Project End Date": "2028",
                "Project Status": "Ongoing",
                "OLD * Brief Description of the Project": "Design and construction of stormwater infrastructure and roadway improvements. ",
                "Estimated Project Cost": "10070651",
                "Additional Comments": ""
            },
            "geometry": {
                "type": "Point",
                "coordinates": [
                    -80.2225607,
                    25.76497939
                ]
            }
        },
        {
            "type": "Feature",
            "properties": {
                "Project Name": "East Little Havana Flood Improvements ",
                "Latitude": "25.77315364",
                "Longitude": "-80.21631074",
                "City": "Miami",
                "Link to Data Source": "https://www.miami.gov/My-Government/Departments/Resilience-and-Public-Works/Resilience-and-Public-Works-Projects-Per-District/District-3-Resilience-and-Public-Works-Projects/East-Little-Havana-Flood-Improvements",
                "Implementating Agency": "U.S. Department of Housing and Urban Development ",
                "Infrastructure Type": "Gray",
                "Categories": "Flood Control Infrastructure",
                "Disaster Focus": "Flooding",
                "New 15-25 Words Project Description": "Design and construction of stormwater infrastructure and roadway improvements. ",
                "Project Start Date": "2028",
                "Project End Date": "2030",
                "Project Status": "Ongoing",
                "OLD * Brief Description of the Project": "Design and construction of stormwater infrastructure and roadway improvements. ",
                "Estimated Project Cost": "55733445",
                "Additional Comments": ""
            },
            "geometry": {
                "type": "Point",
                "coordinates": [
                    -80.21631074,
                    25.77315364
                ]
            }
        },
        {
            "type": "Feature",
            "properties": {
                "Project Name": "SW 17 Street from SW 16 and SW 14 Avenue ",
                "Latitude": "25.75739641",
                "Longitude": "-80.22028097",
                "City": "Miami",
                "Link to Data Source": "https://miamigis.maps.arcgis.com/apps/webappviewer/index.html?id=37a66e44b32541ad9a4b11d5a5102c52",
                "Implementating Agency": "Miami Dade County ",
                "Infrastructure Type": "Gray",
                "Categories": "Flood Control Infrastructure",
                "Disaster Focus": "Multi-hazard",
                "New 15-25 Words Project Description": "Construction of right of way improvements, including milling and resurfacing, sidewalk repairs. ",
                "Project Start Date": "2019",
                "Project End Date": "2024",
                "Project Status": "Ongoing",
                "OLD * Brief Description of the Project": "Construction of right of way improvements, including milling and resurfacing, sidewalk repairs. ",
                "Estimated Project Cost": "88328",
                "Additional Comments": ""
            },
            "geometry": {
                "type": "Point",
                "coordinates": [
                    -80.22028097,
                    25.75739641
                ]
            }
        },
        {
            "type": "Feature",
            "properties": {
                "Project Name": "NW 30 Street Improvement ",
                "Latitude": "25.80464478",
                "Longitude": "-80.22364824",
                "City": "Miami",
                "Link to Data Source": "https://www.miami.gov/My-Government/Departments/Resilience-and-Public-Works/Resilience-and-Public-Works-Projects-Per-District/District-1-Resilience-and-Public-Works-Projects/NW-30-Street-Improvement",
                "Implementating Agency": "City of Miami Resilience and Public Works Department ",
                "Infrastructure Type": "Gray",
                "Categories": "Flood Control Infrastructure",
                "Disaster Focus": "Multi-hazard",
                "New 15-25 Words Project Description": "Design and construct right of way improvements by including roadway reconstruction, milling, and resurfacing. ",
                "Project Start Date": "2025",
                "Project End Date": "2026",
                "Project Status": "Ongoing",
                "OLD * Brief Description of the Project": "Design and construct right of way improvements by including roadway reconstruction, milling, and resurfacing. ",
                "Estimated Project Cost": "6300922",
                "Additional Comments": ""
            },
            "geometry": {
                "type": "Point",
                "coordinates": [
                    -80.22364824,
                    25.80464478
                ]
            }
        },
        {
            "type": "Feature",
            "properties": {
                "Project Name": "Little Havana Pedestrian Priority Zone - Phase I",
                "Latitude": "25.77900682",
                "Longitude": "-80.23119291",
                "City": "Little Havana",
                "Link to Data Source": "https://www.miami.gov/My-Government/Departments/Resilience-and-Public-Works/Resilience-and-Public-Works-Projects-Per-District/District-3-Resilience-and-Public-Works-Projects/Little-Havana-Pedestrian-Priority-Zone-Phase-I",
                "Implementating Agency": "Department of Resilience and Public Works ",
                "Infrastructure Type": "Green",
                "Categories": "Green Infrastructure",
                "Disaster Focus": "Multi-hazard",
                "New 15-25 Words Project Description": "Design and construction of pederstrian safety and greenway improvements by landscaping. ",
                "Project Start Date": "2025",
                "Project End Date": "2026",
                "Project Status": "Ongoing",
                "OLD * Brief Description of the Project": "Design and construction of pederstrian safety and greenway improvements by landscaping. ",
                "Estimated Project Cost": "5504338",
                "Additional Comments": ""
            },
            "geometry": {
                "type": "Point",
                "coordinates": [
                    -80.23119291,
                    25.77900682
                ]
            }
        },
        {
            "type": "Feature",
            "properties": {
                "Project Name": "Little Havana Pedestrian Priority Zone - Phase II",
                "Latitude": "25.77624043",
                "Longitude": "-80.23100142",
                "City": "Miami",
                "Link to Data Source": "https://www.miami.gov/My-Government/Departments/Resilience-and-Public-Works/Resilience-and-Public-Works-Projects-Per-District/District-3-Resilience-and-Public-Works-Projects/Little-Havana-Pedestrian-Priority-Zone-Phase-II",
                "Implementating Agency": "U.S. Department of Housing and Urban Development ",
                "Infrastructure Type": "Green",
                "Categories": "Green Infrastructure",
                "Disaster Focus": "Multi-hazard",
                "New 15-25 Words Project Description": "Design and construction of pederstrian safety, greenway improvements, and right of way improvements. ",
                "Project Start Date": "2028",
                "Project End Date": "2029",
                "Project Status": "Ongoing",
                "OLD * Brief Description of the Project": "Design and construction of pederstrian safety, greenway improvements, and right of way improvements. ",
                "Estimated Project Cost": "9538660",
                "Additional Comments": ""
            },
            "geometry": {
                "type": "Point",
                "coordinates": [
                    -80.23100142,
                    25.77624043
                ]
            }
        },
        {
            "type": "Feature",
            "properties": {
                "Project Name": "Miami River Greenway Curtis Park East",
                "Latitude": "25.7902472",
                "Longitude": "-80.23290567",
                "City": "Miami",
                "Link to Data Source": "https://www.miami.gov/My-Government/Departments/Resilience-and-Public-Works/Resilience-and-Public-Works-Projects-Per-District/District-1-Resilience-and-Public-Works-Projects/Miami-River-Greenway-Curtis-Park-East",
                "Implementating Agency": "City of Miami Resilience and Public Works Department ",
                "Infrastructure Type": "Green",
                "Categories": "Green Infrastructure",
                "Disaster Focus": "Extreme Heat",
                "New 15-25 Words Project Description": "Design and construct greenway improvements when it comes to roadway improvements according to Miami River Greenway Master Plan. ",
                "Project Start Date": "2026",
                "Project End Date": "2027",
                "Project Status": "Ongoing",
                "OLD * Brief Description of the Project": "Design and construct greenway improvements when it comes to roadway improvements according to Miami River Greenway Master Plan. ",
                "Estimated Project Cost": "5757370",
                "Additional Comments": ""
            },
            "geometry": {
                "type": "Point",
                "coordinates": [
                    -80.23290567,
                    25.7902472
                ]
            }
        },
        {
            "type": "Feature",
            "properties": {
                "Project Name": "Shoreline Repair Mini Rapids Park",
                "Latitude": "25.79376212",
                "Longitude": "-80.24199846",
                "City": "Miami",
                "Link to Data Source": "https://www.miami.gov/My-Government/Departments/Resilience-and-Public-Works/Resilience-and-Public-Works-Projects-Per-District/District-1-Resilience-and-Public-Works-Projects/Shoreline-Repair-Mini-Rapids-Park",
                "Implementating Agency": "Department of Resilience and Public Works ",
                "Infrastructure Type": "Gray",
                "Categories": "Shoreline Protection",
                "Disaster Focus": "Flooding",
                "New 15-25 Words Project Description": "Design and construction of improvements to stabilize short segments of the shoreline along the Miami River which will be treated as emergency type repairs.",
                "Project Start Date": "2027",
                "Project End Date": "2027",
                "Project Status": "Ongoing",
                "OLD * Brief Description of the Project": "Design and construction of improvements to stabilize short segments of the shoreline along the Miami River which will be treated as emergency type repairs.",
                "Estimated Project Cost": "1338375",
                "Additional Comments": ""
            },
            "geometry": {
                "type": "Point",
                "coordinates": [
                    -80.24199846,
                    25.79376212
                ]
            }
        },
        {
            "type": "Feature",
            "properties": {
                "Project Name": "Golden Pines Roadway Improvements",
                "Latitude": "25.74572784",
                "Longitude": "-80.24627651",
                "City": "Miami",
                "Link to Data Source": "https://www.miami.gov/My-Government/Departments/Resilience-and-Public-Works/Resilience-and-Public-Works-Projects-Per-District/District-4-Resilience-and-Public-Works-Projects/Golden-Pines-Roadway-Improvements",
                "Implementating Agency": "Department of Resilience and Public Works ",
                "Infrastructure Type": "Gray",
                "Categories": "Flood Control Infrastructure",
                "Disaster Focus": "Multi-hazard",
                "New 15-25 Words Project Description": "New 8inch water main, new driveways, sidewalks, and curbs. ",
                "Project Start Date": "2023",
                "Project End Date": "2023",
                "Project Status": "Completed",
                "OLD * Brief Description of the Project": "New 8inch water main, new driveways, sidewalks, and curbs. ",
                "Estimated Project Cost": "6521515",
                "Additional Comments": ""
            },
            "geometry": {
                "type": "Point",
                "coordinates": [
                    -80.24627651,
                    25.74572784
                ]
            }
        },
        {
            "type": "Feature",
            "properties": {
                "Project Name": "Clemente Park Neighborhood Flood Improvements",
                "Latitude": "25.805017",
                "Longitude": "-80.19512602",
                "City": "Miami",
                "Link to Data Source": "https://www.miami.gov/My-Government/Departments/Resilience-and-Public-Works/Resilience-and-Public-Works-Projects-Per-District/District-5-Resilience-and-Public-Works-Projects/Clemente-Neighborhood-Flood-Improvements",
                "Implementating Agency": "Resilience and Public Works Department ",
                "Infrastructure Type": "Gray",
                "Categories": "Flood Control Infrastructure",
                "Disaster Focus": "Flooding",
                "New 15-25 Words Project Description": "Implements stormwater and right-of-way improvements including upgraded inlets, pipes, trenches, roadway reconstruction, ADA ramps, signage, and potentially an 8-inch water main with fire hydrants.",
                "Project Start Date": "2027",
                "Project End Date": "2028",
                "Project Status": "Ongoing",
                "OLD * Brief Description of the Project": "Design and construction of stormwater infrastructure and right-of-way improvements including new and upsized stormwater inlets and pipes, gravity well, exfiltration trenches, roadway reconstruction, milling and resurfacing, curbs and gutters, ADA ramps, and signage and pavement markings. This project may also include a Joint Participation Agreement (JPA) with the Miami-Dade Water and Sewer Department (MDWASD) for the installation of an 8-inch water main, water services, and fire hydrants.",
                "Estimated Project Cost": "14734730",
                "Additional Comments": ""
            },
            "geometry": {
                "type": "Point",
                "coordinates": [
                    -80.19512602,
                    25.805017
                ]
            }
        },
        {
            "type": "Feature",
            "properties": {
                "Project Name": "Melrose Neighborhood Flood Improvements",
                "Latitude": "25.80581488",
                "Longitude": "-80.22984434",
                "City": "Miami",
                "Link to Data Source": "https://www.miami.gov/My-Government/Departments/Resilience-and-Public-Works/Resilience-and-Public-Works-Projects-Per-District/District-1-Resilience-and-Public-Works-Projects/Melrose-Neighborhood-Flood-Improvements",
                "Implementating Agency": "City of Miami Resilience and Public Works Department ",
                "Infrastructure Type": "Gray",
                "Categories": "Flood Control Infrastructure",
                "Disaster Focus": "Flooding",
                "New 15-25 Words Project Description": "Design stormwater infrastructure and roadway improvements including stormwater pipes. ",
                "Project Start Date": "2027",
                "Project End Date": "2029",
                "Project Status": "Ongoing",
                "OLD * Brief Description of the Project": "Design stormwater infrastructure and roadway improvements including stormwater pipes. ",
                "Estimated Project Cost": "11029882",
                "Additional Comments": ""
            },
            "geometry": {
                "type": "Point",
                "coordinates": [
                    -80.22984434,
                    25.80581488
                ]
            }
        },
        {
            "type": "Feature",
            "properties": {
                "Project Name": "S-25 Coastal Structure Resiliency ",
                "Latitude": "25.78339005",
                "Longitude": "-80.23968913",
                "City": "Miami",
                "Link to Data Source": "https://www.sfwmd.gov/sites/default/files/FDEP_ResilientFlorida_ResilientProjectsPlan_09_01-2021.pdf",
                "Implementating Agency": "SFWMD; maintained by Miami Field \nStation",
                "Infrastructure Type": "Gray",
                "Categories": "Flood Control Infrastructure",
                "Disaster Focus": "Flooding",
                "New 15-25 Words Project Description": "Enhance flood resilience in the C-5 Basin by upgrading the S-25 structure with increased discharge capacity, flood barriers, and structural improvements.",
                "Project Start Date": "Null",
                "Project End Date": "Null",
                "Project Status": "Ongoing",
                "OLD * Brief Description of the Project": "additional forward pump; tie the structure to higher land elevations ",
                "Estimated Project Cost": "38685544",
                "Additional Comments": ""
            },
            "geometry": {
                "type": "Point",
                "coordinates": [
                    -80.23968913,
                    25.78339005
                ]
            }
        },
        {
            "type": "Feature",
            "properties": {
                "Project Name": "Roadway Improvements and Traffic Calming on Charles Avenue",
                "Latitude": "25.72587711",
                "Longitude": "-80.24471962",
                "City": "Miami",
                "Link to Data Source": "https://www.miami.gov/My-Government/Departments/Resilience-and-Public-Works/Resilience-and-Public-Works-Projects-Per-District/District-2-Resilience-and-Public-Works-Projects/Roadway-Improvements-and-Traffic-Calming-on-Charles-Avenue",
                "Implementating Agency": "Department of Resilience and Public Works ",
                "Infrastructure Type": "Gray",
                "Categories": "Flood Control Infrastructure",
                "Disaster Focus": "Multi-hazard",
                "New 15-25 Words Project Description": "Design stormwater infrastructure, roadway improvements, and traffic calming improvements. ",
                "Project Start Date": "2027",
                "Project End Date": "2028",
                "Project Status": "Ongoing",
                "OLD * Brief Description of the Project": "Design stormwater infrastructure, roadway improvements, and traffic calming improvements. ",
                "Estimated Project Cost": "4630148",
                "Additional Comments": ""
            },
            "geometry": {
                "type": "Point",
                "coordinates": [
                    -80.24471962,
                    25.72587711
                ]
            }
        },
        {
            "type": "Feature",
            "properties": {
                "Project Name": "West Grove Roadway Improvements",
                "Latitude": "25.72830815",
                "Longitude": "-80.25572487",
                "City": "Miami",
                "Link to Data Source": "https://www.miami.gov/My-Government/Departments/Resilience-and-Public-Works/Resilience-and-Public-Works-Projects-Per-District/District-2-Resilience-and-Public-Works-Projects/West-Grove-Roadway-Improvements",
                "Implementating Agency": "Department of Resilience and Public Works ",
                "Infrastructure Type": "Gray",
                "Categories": "Flood Control Infrastructure",
                "Disaster Focus": "Multi-hazard",
                "New 15-25 Words Project Description": "Design and construction of stormwater infrastructure and roadway improvements. ",
                "Project Start Date": "2027",
                "Project End Date": "2027",
                "Project Status": "Ongoing",
                "OLD * Brief Description of the Project": "Design and construction of stormwater infrastructure and roadway improvements. ",
                "Estimated Project Cost": "3617822",
                "Additional Comments": ""
            },
            "geometry": {
                "type": "Point",
                "coordinates": [
                    -80.25572487,
                    25.72830815
                ]
            }
        },
        {
            "type": "Feature",
            "properties": {
                "Project Name": "SW 5 Street from SW 29 Avenue to SW 32 Avenue Reconstruction",
                "Latitude": "25.76774607",
                "Longitude": "-80.24095529",
                "City": "Miami",
                "Link to Data Source": "https://www.miami.gov/My-Government/Departments/Resilience-and-Public-Works/Resilience-and-Public-Works-Projects-Per-District/District-4-Resilience-and-Public-Works-Projects/SW-5-Street-from-SW-29-Avenue-to-SW-32-Avenue-Reconstruction",
                "Implementating Agency": "Department of Resilience and Public Works ",
                "Infrastructure Type": "Gray",
                "Categories": "Flood Control Infrastructure",
                "Disaster Focus": "Multi-hazard",
                "New 15-25 Words Project Description": "Design and construction of right of way improvements including roadway improvements. ",
                "Project Start Date": "2025",
                "Project End Date": "2025",
                "Project Status": "Ongoing",
                "OLD * Brief Description of the Project": "Design and construction of right of way improvements including roadway improvements. ",
                "Estimated Project Cost": "2584378",
                "Additional Comments": ""
            },
            "geometry": {
                "type": "Point",
                "coordinates": [
                    -80.24095529,
                    25.76774607
                ]
            }
        },
        {
            "type": "Feature",
            "properties": {
                "Project Name": "Auburndale Traffic Device at SW 32 Avenue and SW 2 Street",
                "Latitude": "25.77034549",
                "Longitude": "-80.2476066",
                "City": "Miami",
                "Link to Data Source": "https://www.miami.gov/My-Government/Departments/Resilience-and-Public-Works/Resilience-and-Public-Works-Projects-Per-District/District-4-Resilience-and-Public-Works-Projects/Auburndale-Traffic-Device-at-SW-32-Avenue-and-SW-2-Street",
                "Implementating Agency": "Department of Resilience and Public Works ",
                "Infrastructure Type": "Gray",
                "Categories": "Flood Control Infrastructure",
                "Disaster Focus": "Multi-hazard",
                "New 15-25 Words Project Description": "Design and construction of a raised intersection and right of way improvements. ",
                "Project Start Date": "2025",
                "Project End Date": "2026",
                "Project Status": "Ongoing",
                "OLD * Brief Description of the Project": "Design and construction of a raised intersection and right of way improvements. ",
                "Estimated Project Cost": "1335790",
                "Additional Comments": ""
            },
            "geometry": {
                "type": "Point",
                "coordinates": [
                    -80.2476066,
                    25.77034549
                ]
            }
        },
        {
            "type": "Feature",
            "properties": {
                "Project Name": "South Golden Pines - No Outlet Streets Improvements",
                "Latitude": "25.74197119",
                "Longitude": "-80.23872583",
                "City": "Miami",
                "Link to Data Source": "https://www.miami.gov/My-Government/Departments/Resilience-and-Public-Works/Resilience-and-Public-Works-Projects-Per-District/District-4-Resilience-and-Public-Works-Projects/South-Golden-Pines-No-Outlet-Streets-Improvements",
                "Implementating Agency": "Department of Resilience and Public Works ",
                "Infrastructure Type": "Gray",
                "Categories": "Flood Control Infrastructure",
                "Disaster Focus": "Multi-hazard",
                "New 15-25 Words Project Description": "Design and construction of right-of-way improvements including driveway approaches, sidewalks. ",
                "Project Start Date": "2027",
                "Project End Date": "2028",
                "Project Status": "Ongoing",
                "OLD * Brief Description of the Project": "Design and construction of right-of-way improvements including driveway approaches, sidewalks. ",
                "Estimated Project Cost": "9557063",
                "Additional Comments": ""
            },
            "geometry": {
                "type": "Point",
                "coordinates": [
                    -80.23872583,
                    25.74197119
                ]
            }
        },
        {
            "type": "Feature",
            "properties": {
                "Project Name": "Auburndale Roadway Reconstruction and Pedestrian Improvements",
                "Latitude": "25.7675143",
                "Longitude": "-80.24717686",
                "City": "Miami",
                "Link to Data Source": "https://www.miami.gov/My-Government/Departments/Resilience-and-Public-Works/Resilience-and-Public-Works-Projects-Per-District/District-4-Resilience-and-Public-Works-Projects/Auburndale-Roadway-Reconstruction-and-Pedestrian-Improvements",
                "Implementating Agency": "Department of Resilience and Public Works ",
                "Infrastructure Type": "Gray",
                "Categories": "Connectivity ",
                "Disaster Focus": "Multi-hazard",
                "New 15-25 Words Project Description": "Two raised intersections for traffic calming at the intersection of SW 32nd Ave and SW 5th Street. ",
                "Project Start Date": "Null",
                "Project End Date": "Null",
                "Project Status": "Completed",
                "OLD * Brief Description of the Project": "Two raised intersections for traffic calming at the intersection of SW 32nd Ave and SW 5th Street. ",
                "Estimated Project Cost": "73646027",
                "Additional Comments": ""
            },
            "geometry": {
                "type": "Point",
                "coordinates": [
                    -80.24717686,
                    25.7675143
                ]
            }
        },
        {
            "type": "Feature",
            "properties": {
                "Project Name": "SW 24 Street from SW 27 Ave. to SW 32 Ave. ",
                "Latitude": "25.74728715",
                "Longitude": "-80.23804079",
                "City": "Miami",
                "Link to Data Source": "https://www.miami.gov/My-Government/Departments/Resilience-and-Public-Works/Resilience-and-Public-Works-Projects-Per-District/District-4-Resilience-and-Public-Works-Projects/SW-24-Street-from-SW-27-Avenue-to-SW-32-Avenue",
                "Implementating Agency": "Department of Resilience and Public Works ",
                "Infrastructure Type": "Gray",
                "Categories": "Flood Control Infrastructure",
                "Disaster Focus": "Multi-hazard",
                "New 15-25 Words Project Description": "Design and construction of right of way improvements. ",
                "Project Start Date": "2024",
                "Project End Date": "2025",
                "Project Status": "Ongoing",
                "OLD * Brief Description of the Project": "Design and construction of right of way improvements. ",
                "Estimated Project Cost": "8478403",
                "Additional Comments": ""
            },
            "geometry": {
                "type": "Point",
                "coordinates": [
                    -80.23804079,
                    25.74728715
                ]
            }
        },
        {
            "type": "Feature",
            "properties": {
                "Project Name": "North Grapeland Heights Seawall",
                "Latitude": "25.7856127",
                "Longitude": "-80.24776976",
                "City": "Miami",
                "Link to Data Source": "https://www.miami.gov/My-Government/Departments/Resilience-and-Public-Works/Resilience-and-Public-Works-Projects-Per-District/District-1-Resilience-and-Public-Works-Projects/North-Grapeland-Heights-Seawall",
                "Implementating Agency": "City of Miami ",
                "Infrastructure Type": "Gray",
                "Categories": "Shoreline Protection",
                "Disaster Focus": "Storm Surge",
                "New 15-25 Words Project Description": "Design and construct natural shorelines enhancements and improvements of resurfacing and landscaping. ",
                "Project Start Date": "2026",
                "Project End Date": "2027",
                "Project Status": "Ongoing",
                "OLD * Brief Description of the Project": "Design and construct natural shorelines enhancements and improvements of resurfacing and landscaping. ",
                "Estimated Project Cost": "356406",
                "Additional Comments": ""
            },
            "geometry": {
                "type": "Point",
                "coordinates": [
                    -80.24776976,
                    25.7856127
                ]
            }
        },
        {
            "type": "Feature",
            "properties": {
                "Project Name": "Fairview Flood Mitigation (City of Miami)",
                "Latitude": "25.73961386",
                "Longitude": "-80.21964778",
                "City": "Miami-Dade County ",
                "Link to Data Source": "https://floridaclimateinstitute.org/resources/news-archive/2831-city-of-miami-breaks-ground-on-flood-mitigation-project",
                "Implementating Agency": "Florida Climate Institute ",
                "Infrastructure Type": "Hybrid",
                "Categories": "Flood Control Infrastructure",
                "Disaster Focus": "Flooding",
                "New 15-25 Words Project Description": "Drainage and roadway improvements with pump station, outfall valves, sidewalks, bioswales. This project will indicate the best address when it comes to storm surges and sea level rise. ",
                "Project Start Date": "2019",
                "Project End Date": "2027",
                "Project Status": "Ongoing",
                "OLD * Brief Description of the Project": "Drainage and roadway improvements with pump station, outfall valves, sidewalks, bioswales. This project will indicate the best address when it comes to storm surges and sea level rise. ",
                "Estimated Project Cost": "698755",
                "Additional Comments": ""
            },
            "geometry": {
                "type": "Point",
                "coordinates": [
                    -80.21964778,
                    25.73961386
                ]
            }
        },
        {
            "type": "Feature",
            "properties": {
                "Project Name": "West Grapeland Traffic Calming ",
                "Latitude": "25.78076704",
                "Longitude": "-80.2609297",
                "City": "Miami",
                "Link to Data Source": "https://www.miami.gov/My-Government/Departments/Resilience-and-Public-Works/Resilience-and-Public-Works-Projects-Per-District/District-1-Resilience-and-Public-Works-Projects/West-Grapeland-Traffic-Calming",
                "Implementating Agency": "City of Miami Resilience and Public Works Department ",
                "Infrastructure Type": "Gray",
                "Categories": "Flood Control Infrastructure",
                "Disaster Focus": "Multi-hazard",
                "New 15-25 Words Project Description": "Design and construct a raised intersection. ",
                "Project Start Date": "2025",
                "Project End Date": "2026",
                "Project Status": "Ongoing",
                "OLD * Brief Description of the Project": "Design and construct a 1 raised intersection. ",
                "Estimated Project Cost": "844260",
                "Additional Comments": ""
            },
            "geometry": {
                "type": "Point",
                "coordinates": [
                    -80.2609297,
                    25.78076704
                ]
            }
        },
        {
            "type": "Feature",
            "properties": {
                "Project Name": "NW 17 Street Roadway Improvements",
                "Latitude": "25.79052729",
                "Longitude": "-80.24792078",
                "City": "Miami",
                "Link to Data Source": "https://www.miami.gov/My-Government/Departments/Resilience-and-Public-Works/Resilience-and-Public-Works-Projects-Per-District/District-1-Resilience-and-Public-Works-Projects/NW-17-Street-Roadway-Improvements",
                "Implementating Agency": "U.S. Department of Housing and Urban Development ",
                "Infrastructure Type": "Hybrid",
                "Categories": "Flood Control Infrastructure",
                "Disaster Focus": "Multi-hazard",
                "New 15-25 Words Project Description": "Design a roadway and stormwater infrastructure including a drainage system, and pavement markings. ",
                "Project Start Date": "2026",
                "Project End Date": "2028",
                "Project Status": "Ongoing",
                "OLD * Brief Description of the Project": "Design a roadway and stormwater infrastructure including a drainage system, and pavement markings. ",
                "Estimated Project Cost": "7696320",
                "Additional Comments": ""
            },
            "geometry": {
                "type": "Point",
                "coordinates": [
                    -80.24792078,
                    25.79052729
                ]
            }
        },
        {
            "type": "Feature",
            "properties": {
                "Project Name": "S. Bayshore Ln. & Fairview St. Roadway Improvements & New Pump Station",
                "Latitude": "25.73961072",
                "Longitude": "-80.21970718",
                "City": "Miami",
                "Link to Data Source": "https://www.miami.gov/My-Government/Departments/Resilience-and-Public-Works/Resilience-and-Public-Works-Projects-Per-District/District-2-Resilience-and-Public-Works-Projects/S.-Bayshore-Ln.-Fairview-St.-Roadway-Improvements-New-Pump-Station",
                "Implementating Agency": "Miami Dade Water and Sewer Department ",
                "Infrastructure Type": "Hybrid",
                "Categories": "Flood Control Infrastructure",
                "Disaster Focus": "Multi-hazard",
                "New 15-25 Words Project Description": "Phase 2: Construct and redesign a new stormwater pump station. ",
                "Project Start Date": "2025",
                "Project End Date": "2027",
                "Project Status": "Ongoing",
                "OLD * Brief Description of the Project": "Phase 2: Construct and redesign a new stormwater pump station. ",
                "Estimated Project Cost": "12420228",
                "Additional Comments": ""
            },
            "geometry": {
                "type": "Point",
                "coordinates": [
                    -80.21970718,
                    25.73961072
                ]
            }
        },
        {
            "type": "Feature",
            "properties": {
                "Project Name": "Pump Station E Renovation",
                "Latitude": "25.70816843",
                "Longitude": "-80.2531634",
                "City": "Coral Gables",
                "Link to Data Source": "https://www.coralgables.com/sites/default/files/2023-04/Utilities-Improvement-Projects-CH.pdf",
                "Implementating Agency": "The City of Coral Gables ",
                "Infrastructure Type": "Gray",
                "Categories": "Flood Control Infrastructure",
                "Disaster Focus": "Flooding",
                "New 15-25 Words Project Description": "The improvements proposed include the installation of new pump units and support structures as well as enhancements to the station's instrumentation and control system.",
                "Project Start Date": "2022",
                "Project End Date": "2023",
                "Project Status": "Completed",
                "OLD * Brief Description of the Project": "The improvements proposed include the installation of new pump units and support structures as well as enhancements to the station's instrumentation and control system.",
                "Estimated Project Cost": "198747",
                "Additional Comments": ""
            },
            "geometry": {
                "type": "Point",
                "coordinates": [
                    -80.2531634,
                    25.70816843
                ]
            }
        },
        {
            "type": "Feature",
            "properties": {
                "Project Name": "Cocoplum Drainage Improvements ",
                "Latitude": "25.6999076",
                "Longitude": "-80.25382024",
                "City": "Coral Gables ",
                "Link to Data Source": "https://www.coralgables.com/sites/default/files/2023-04/Utilities-Improvement-Projects-CH.pdf",
                "Implementating Agency": "The City of Coral Gables ",
                "Infrastructure Type": "Hybrid",
                "Categories": "Flood Control Infrastructure",
                "Disaster Focus": "Flooding",
                "New 15-25 Words Project Description": "Implements stormwater improvements in the Cocoplum Community, including drainage upgrades along Los Pinos and outfall rehabilitation, reducing flooding and improving water quality to nearby canals.",
                "Project Start Date": "2022",
                "Project End Date": "2029",
                "Project Status": "Ongoing",
                "OLD * Brief Description of the Project": "This project entails stormwater drainage improvements along with other stormwater improvements in the Cocoplum Community.  Phase 1 will be performed along Los Pinos Boulevard and Los Pinos Circle.  These improvements will be designed and constructed to mitigate the existing water ponding issues and flooding that occurs within the area.  Phase 2 will consist of the rehabilitation of the existing storm drainage outfalls located within the Cocoplum Section One community.  The project will be designed and constructed to improve not only current flooding issues but also water quality discharge to the canals. ",
                "Estimated Project Cost": "2450154",
                "Additional Comments": ""
            },
            "geometry": {
                "type": "Point",
                "coordinates": [
                    -80.25382024,
                    25.6999076
                ]
            }
        },
        {
            "type": "Feature",
            "properties": {
                "Project Name": "Leucadendra 2 Pump Station Rehabilitation",
                "Latitude": "25.69113976",
                "Longitude": "-80.25583136",
                "City": "Coral Gables ",
                "Link to Data Source": "https://www.coralgables.com/sites/default/files/2023-04/Utilities-Improvement-Projects-CH.pdf",
                "Implementating Agency": "The City of Coral Gables ",
                "Infrastructure Type": "Gray",
                "Categories": "Flood Control Infrastructure",
                "Disaster Focus": "Flooding",
                "New 15-25 Words Project Description": "Upgrades Luecadendra 2 Pump Station with sanitary sewer improvements, wet-well rehabilitation, modernized electrical and control systems, and replacement of submersible pumps to enhance operational efficiency.",
                "Project Start Date": "2022",
                "Project End Date": "2023",
                "Project Status": "Completed",
                "OLD * Brief Description of the Project": "Improvements at Luecadendra 2 Pump Station are but not limited to sanitary sewer collection system improvements, wet-well rehabilitation, electrical & control systems upgrade and modernization, and replacement of submersible pumps.",
                "Estimated Project Cost": "449177",
                "Additional Comments": ""
            },
            "geometry": {
                "type": "Point",
                "coordinates": [
                    -80.25583136,
                    25.69113976
                ]
            }
        },
        {
            "type": "Feature",
            "properties": {
                "Project Name": "City #2 Basin Gravity Sewer Improvement Project Phase II ",
                "Latitude": "25.75241312",
                "Longitude": "-80.25648645",
                "City": "Coral Gables ",
                "Link to Data Source": "https://www.coralgables.com/sites/default/files/2023-04/Utilities-Improvement-Projects-CH.pdf",
                "Implementating Agency": "The City of Coral Gables ",
                "Infrastructure Type": "Gray",
                "Categories": "Connectivity ",
                "Disaster Focus": "Critical Infrastructure",
                "New 15-25 Words Project Description": "Phase II constructs sewer improvements by upsizing approximately 2,100 feet of pipe using pipe bursting and open trench methods, building on Phase I designs.",
                "Project Start Date": "2022",
                "Project End Date": "2029",
                "Project Status": "Ongoing",
                "OLD * Brief Description of the Project": "The Phase II scope of work shall include construction of sewer system improvements including the upsizing of approximately 2,100 feet of existing pipe to a larger size using a combination of pipe bursting and open trench methods that were designed as part of Phase I.",
                "Estimated Project Cost": "2297393",
                "Additional Comments": ""
            },
            "geometry": {
                "type": "Point",
                "coordinates": [
                    -80.25648645,
                    25.75241312
                ]
            }
        },
        {
            "type": "Feature",
            "properties": {
                "Project Name": "NW 13 Street from NW 35 Avenue to NW 37 Avenue",
                "Latitude": "25.78504561",
                "Longitude": "-80.25231951",
                "City": "Miami",
                "Link to Data Source": "https://www.miami.gov/My-Government/Departments/Resilience-and-Public-Works/Resilience-and-Public-Works-Projects-Per-District/District-1-Resilience-and-Public-Works-Projects/NW-13-Street-from-NW-35-Avenue-to-NW-37-Avenue",
                "Implementating Agency": "City of Miami Resilience and Public Works Department ",
                "Infrastructure Type": "Hybrid",
                "Categories": "Flood Control Infrastructure",
                "Disaster Focus": "Multi-hazard",
                "New 15-25 Words Project Description": "Design of roadway and stormwater infrastructure improvements including sidewalks, gutters, milling. ",
                "Project Start Date": "2025",
                "Project End Date": "2026",
                "Project Status": "Ongoing",
                "OLD * Brief Description of the Project": "Design of roadway and stormwater infrastructure improvements including sidewalks, gutters, milling. ",
                "Estimated Project Cost": "3258735",
                "Additional Comments": ""
            },
            "geometry": {
                "type": "Point",
                "coordinates": [
                    -80.25231951,
                    25.78504561
                ]
            }
        },
        {
            "type": "Feature",
            "properties": {
                "Project Name": "Giralda Plaza",
                "Latitude": "25.75185878",
                "Longitude": "-80.25781354",
                "City": "Coral Gables ",
                "Link to Data Source": "Giralda Plaza | Coral Gables",
                "Implementating Agency": "City of Coral Gables",
                "Infrastructure Type": "Hybrid",
                "Categories": "Green Infrastructure",
                "Disaster Focus": "Flooding",
                "New 15-25 Words Project Description": "Living streetscape that functions as networked green infrastructure providing flood protection. ",
                "Project Start Date": "2017",
                "Project End Date": "Null",
                "Project Status": "Completed",
                "OLD * Brief Description of the Project": "Living streetscape that functions as networked green infrastructure providing flood protection. ",
                "Estimated Project Cost": "5000000",
                "Additional Comments": ""
            },
            "geometry": {
                "type": "Point",
                "coordinates": [
                    -80.25781354,
                    25.75185878
                ]
            }
        },
        {
            "type": "Feature",
            "properties": {
                "Project Name": "Gables Waterways Project (Stormwater quality)",
                "Latitude": "25.72709819",
                "Longitude": "-80.26964523",
                "City": "Coral Gables ",
                "Link to Data Source": "https://www.coralgables.com/department/public-works/right-way-maintenance-enforcement-division/services/waterways-and-mangroves",
                "Implementating Agency": "City og Coral Gables Public Works Department ",
                "Infrastructure Type": "Blue",
                "Categories": "Flood Control Infrastructure",
                "Disaster Focus": "Flooding",
                "New 15-25 Words Project Description": "Water quality retrofit of stormwater outfalls to improve runoff quality to waterways.",
                "Project Start Date": "2019",
                "Project End Date": "Null",
                "Project Status": "Ongoing",
                "OLD * Brief Description of the Project": "Water quality retrofit of stormwater outfalls to improve runoff quality to waterways.",
                "Estimated Project Cost": "",
                "Additional Comments": ""
            },
            "geometry": {
                "type": "Point",
                "coordinates": [
                    -80.26964523,
                    25.72709819
                ]
            }
        },
        {
            "type": "Feature",
            "properties": {
                "Project Name": "Critical infrastructure drainage upgrades (streets & outfalls)",
                "Latitude": "25.89058253",
                "Longitude": "-80.25766608",
                "City": "Opa-locka ",
                "Link to Data Source": "https://www.opalockafl.gov/156/Stormwater-Master-Plan",
                "Implementating Agency": "city of Opa-locka ",
                "Infrastructure Type": "Hybrid",
                "Categories": "Flood Control Infrastructure",
                "Disaster Focus": "Flooding",
                "New 15-25 Words Project Description": "Intended to provide a decision-making tool that facilities the design of the stormwater infrastructure to provide the level of service to residents and properties within the city. ",
                "Project Start Date": "2020",
                "Project End Date": "Null",
                "Project Status": "Ongoing",
                "OLD * Brief Description of the Project": "This plan is intended to provide a decision-making tool that facilities the design of the stormwater infrastructure to provide the level of service to residents and properties within the city. ",
                "Estimated Project Cost": "",
                "Additional Comments": ""
            },
            "geometry": {
                "type": "Point",
                "coordinates": [
                    -80.25766608,
                    25.89058253
                ]
            }
        },
        {
            "type": "Feature",
            "properties": {
                "Project Name": "Coral Gables Canal Embankment Resiliency",
                "Latitude": "25.72967754",
                "Longitude": "-80.27183337",
                "City": "Coral Gables ",
                "Link to Data Source": "https://www.sfwmd.gov/sites/default/files/documents/SFWMD_2023_SLR%26FRP_FINAL_0.pdf",
                "Implementating Agency": "SFWMD",
                "Infrastructure Type": "Hybrid",
                "Categories": "Flood Control Infrastructure",
                "Disaster Focus": "Flooding",
                "New 15-25 Words Project Description": "Raise and reinforces deficient canal embankments along the Coral Gables Canal to mitigate flooding and enhance stormwater management.",
                "Project Start Date": "Null",
                "Project End Date": "Null",
                "Project Status": "Ongoing",
                "OLD * Brief Description of the Project": "embankment construction and flood walls ",
                "Estimated Project Cost": "19000000",
                "Additional Comments": ""
            },
            "geometry": {
                "type": "Point",
                "coordinates": [
                    -80.27183337,
                    25.72967754
                ]
            }
        },
        {
            "type": "Feature",
            "properties": {
                "Project Name": "S-26 Coastal Structure Resiliency",
                "Latitude": "25.80762729",
                "Longitude": "-80.25988655",
                "City": "Hialeah ",
                "Link to Data Source": "https://www.sfwmd.gov/sites/default/files/documents/FloodResiliency_SFWMD_2023ConsolidatedAnnualReport.pdf",
                "Implementating Agency": "SFWMD",
                "Infrastructure Type": "Gray",
                "Categories": "Flood Control Infrastructure",
                "Disaster Focus": "Multi-hazard",
                "New 15-25 Words Project Description": "Enhance flood resilience in the C-6 Basin by upgrading the S-26 coastal structure with increased discharge capacity, backup power, and flood barriers.",
                "Project Start Date": "Null",
                "Project End Date": "Null",
                "Project Status": "Ongoing",
                "OLD * Brief Description of the Project": "The S-26 structure will be enhanced by raising the bridge, converting the gate opening system to a more robust mechanism, replacing the existing gates with taller corrosion-resistant stainless-steel gates, and replacing the control building with an elevated control building, and adding a corrosion control system to the structure; flood barriers; forward pump station",
                "Estimated Project Cost": "180471530",
                "Additional Comments": ""
            },
            "geometry": {
                "type": "Point",
                "coordinates": [
                    -80.25988655,
                    25.80762729
                ]
            }
        },
        {
            "type": "Feature",
            "properties": {
                "Project Name": "Pump Station D Rehabilitation",
                "Latitude": "25.69912206",
                "Longitude": "-80.26185528",
                "City": "Coral Gables ",
                "Link to Data Source": "https://www.coralgables.com/sites/default/files/2023-04/Utilities-Improvement-Projects-CH.pdf",
                "Implementating Agency": "The City of Coral Gables ",
                "Infrastructure Type": "Gray",
                "Categories": "Flood Control Infrastructure",
                "Disaster Focus": "Flooding",
                "New 15-25 Words Project Description": "Installs new pump units, support structures, and upgrades instrumentation, control systems, and backup generator to enhance the station's operational efficiency and emergency preparedness.",
                "Project Start Date": "2022",
                "Project End Date": "Null",
                "Project Status": "Ongoing",
                "OLD * Brief Description of the Project": "The improvements proposed include the installation of new pump units and support structures as well as enhancements to the station's instrumentation, control systems and back-up emergency generator.",
                "Estimated Project Cost": "1300000",
                "Additional Comments": ""
            },
            "geometry": {
                "type": "Point",
                "coordinates": [
                    -80.26185528,
                    25.69912206
                ]
            }
        },
        {
            "type": "Feature",
            "properties": {
                "Project Name": "Additional Salinity Structure or Storm Surge/Tidal Barrier at the end of the C-3 Canal ",
                "Latitude": "25.70603144",
                "Longitude": "-80.26064061",
                "City": "Coral Gables ",
                "Link to Data Source": "https://www.sfwmd.gov/sites/default/files/documents/Draft_2024_Sea_Level_Rise_and_Flood_Resiliency_Plan.pdf",
                "Implementating Agency": "SFWMD",
                "Infrastructure Type": "Hybrid",
                "Categories": "Shoreline Protection",
                "Disaster Focus": "Storm Surge",
                "New 15-25 Words Project Description": "Upgrade the G-93 spillway with structural enhancements and a forward pump to improve flood resilience and conveyance capacity in Coral Gables.",
                "Project Start Date": "Null",
                "Project End Date": "Null",
                "Project Status": "Ongoing",
                "OLD * Brief Description of the Project": "new structure, forward pump",
                "Estimated Project Cost": "5227232",
                "Additional Comments": ""
            },
            "geometry": {
                "type": "Point",
                "coordinates": [
                    -80.26064061,
                    25.70603144
                ]
            }
        },
        {
            "type": "Feature",
            "properties": {
                "Project Name": "East Flagami Neighborhood Flood Improvements",
                "Latitude": "25.77475894",
                "Longitude": "-80.25825768",
                "City": "Miami",
                "Link to Data Source": "https://www.miami.gov/My-Government/Departments/Resilience-and-Public-Works/Resilience-and-Public-Works-Projects-Per-District/District-4-Resilience-and-Public-Works-Projects/East-Flagami-Neighborhood-Flood-Improvements",
                "Implementating Agency": "Department of Resilience and Public Works ",
                "Infrastructure Type": "Gray",
                "Categories": "Flood Control Infrastructure",
                "Disaster Focus": "Flooding",
                "New 15-25 Words Project Description": "Design-Build of stormwater infrastructure and associated roadway improvements including new and upsized stormwater inlets and pipes. ",
                "Project Start Date": "2026",
                "Project End Date": "2028",
                "Project Status": "Ongoing",
                "OLD * Brief Description of the Project": "Design-Build of stormwater infrastructure and associated roadway improvements including new and upsized stormwater inlets and pipes. ",
                "Estimated Project Cost": "70497876",
                "Additional Comments": ""
            },
            "geometry": {
                "type": "Point",
                "coordinates": [
                    -80.25825768,
                    25.77475894
                ]
            }
        },
        {
            "type": "Feature",
            "properties": {
                "Project Name": "C-6 Canal Embankment Resiliency",
                "Latitude": "25.9229261",
                "Longitude": "-80.41615855",
                "City": "Miami-Dade County ",
                "Link to Data Source": "https://www.miamirivercommission.org/PDF/Agenda%2001.06.2025/Connect2Protect%20Presentation.pdf",
                "Implementating Agency": "SFWMD",
                "Infrastructure Type": "Gray",
                "Categories": "Flood Control Infrastructure",
                "Disaster Focus": "Flooding",
                "New 15-25 Words Project Description": "Strengthen the C-6 Canal embankment through structural reinforcements and vegetation restoration to improve flood protection and resilience against sea-level rise.",
                "Project Start Date": "Null",
                "Project End Date": "Null",
                "Project Status": "Ongoing",
                "OLD * Brief Description of the Project": "raising embankments ",
                "Estimated Project Cost": "16942494",
                "Additional Comments": "page 195"
            },
            "geometry": {
                "type": "Point",
                "coordinates": [
                    -80.41615855,
                    25.9229261
                ]
            }
        },
        {
            "type": "Feature",
            "properties": {
                "Project Name": "S-25A Coastal Structure Resiliency ",
                "Latitude": "25.7826676",
                "Longitude": "-80.26976091",
                "City": "Miami",
                "Link to Data Source": "https://floridadep.gov/sites/default/files/SFWMD-Resiliency-Initiatives-FDEP-2.pdf",
                "Implementating Agency": "SFWMD",
                "Infrastructure Type": "Gray",
                "Categories": "Flood Control Infrastructure",
                "Disaster Focus": "Flooding",
                "New 15-25 Words Project Description": "Enhance flood resilience in the C-5 Basin by upgrading the S-25A structure with increased discharge capacity, flood barriers, and structural improvements.",
                "Project Start Date": "Null",
                "Project End Date": "Null",
                "Project Status": "Ongoing",
                "OLD * Brief Description of the Project": "tie back flood barriers; passive gravity control structures ",
                "Estimated Project Cost": "539504",
                "Additional Comments": ""
            },
            "geometry": {
                "type": "Point",
                "coordinates": [
                    -80.26976091,
                    25.7826676
                ]
            }
        },
        {
            "type": "Feature",
            "properties": {
                "Project Name": "Canal Bank Stabilization ",
                "Latitude": "25.71244258",
                "Longitude": "-80.2672603",
                "City": "Coral Gables ",
                "Link to Data Source": "https://www.coralgables.com/sites/default/files/2023-04/Utilities-Improvement-Projects-CH.pdf",
                "Implementating Agency": "The City of Coral Gables ",
                "Infrastructure Type": "Hybrid",
                "Categories": "Flood Control Infrastructure",
                "Disaster Focus": "Flooding",
                "New 15-25 Words Project Description": "Stabilizes the C-3 Waterway Canal downstream of Flood Control Structure G-93 by reinforcing canal banks to mitigate erosion and protect surrounding areas.",
                "Project Start Date": "2022",
                "Project End Date": "2029",
                "Project Status": "Ongoing",
                "OLD * Brief Description of the Project": "This project is to stabilize the C-3 Waterway Canal downstream of the Flood Control Structure G-93 to mitigate erosion of the bank.  It will include reinforcement of the canal banks by various means.",
                "Estimated Project Cost": "647287",
                "Additional Comments": ""
            },
            "geometry": {
                "type": "Point",
                "coordinates": [
                    -80.2672603,
                    25.71244258
                ]
            }
        },
        {
            "type": "Feature",
            "properties": {
                "Project Name": "Pump Station F Renovation ",
                "Latitude": "25.70839527",
                "Longitude": "-80.28303095",
                "City": "Coral Gables ",
                "Link to Data Source": "https://www.coralgables.com/sites/default/files/2023-04/Utilities-Improvement-Projects-CH.pdf",
                "Implementating Agency": "The City of Coral Gables ",
                "Infrastructure Type": "Gray",
                "Categories": "Flood Control Infrastructure",
                "Disaster Focus": "Flooding",
                "New 15-25 Words Project Description": "Upgrades pumps, support structures, and instrument panels, enhancing control system integration and functionality to improve the pump stationÂs reliability and remote operational management.",
                "Project Start Date": "2022",
                "Project End Date": "Null",
                "Project Status": "Ongoing",
                "OLD * Brief Description of the Project": "The proposed additional improvements include upgrading the pumps, improvements to the support structure of the pump station, upgrades to the instrument panel and control systems which will allow for greater functionality, integration and control by the CityÂs remote system.  These improvements will increase the station's overall reliability.",
                "Estimated Project Cost": "124506",
                "Additional Comments": ""
            },
            "geometry": {
                "type": "Point",
                "coordinates": [
                    -80.28303095,
                    25.70839527
                ]
            }
        },
        {
            "type": "Feature",
            "properties": {
                "Project Name": "C100DN-1E Sub-Basin Drainage Improvements",
                "Latitude": "25.67794714",
                "Longitude": "-80.30890877",
                "City": "Pinecrest ",
                "Link to Data Source": "https://www.sfwmd.gov/sites/default/files/documents/cfp_fy17-18_approved_funding_stormwater.pdf",
                "Implementating Agency": "Village of Pinecrest",
                "Infrastructure Type": "Blue",
                "Categories": "Flood Control Infrastructure",
                "Disaster Focus": "Flooding",
                "New 15-25 Words Project Description": "Installs underground stormwater systems, additional drainage inlets, and outfall improvements to optimize water flow and minimize heavy rainfall impacts on surrounding infrastructure.",
                "Project Start Date": "Null",
                "Project End Date": "Null",
                "Project Status": "Ongoing",
                "OLD * Brief Description of the Project": "This project includes new underground stormwater conveyance systems, additional drainage inlets, and improvements to the outfall system. The enhancements aim to optimize water flow and reduce the impact of heavy rainfall events on the surrounding infrastructure.",
                "Estimated Project Cost": "1228832",
                "Additional Comments": ""
            },
            "geometry": {
                "type": "Point",
                "coordinates": [
                    -80.30890877,
                    25.67794714
                ]
            }
        },
        {
            "type": "Feature",
            "properties": {
                "Project Name": "C100A-W3N Sub-Basin Drainage Improvements",
                "Latitude": "25.65593249",
                "Longitude": "-80.30905638",
                "City": "Pinecrest ",
                "Link to Data Source": "https://www.pinecrest-fl.gov/Government/Manager/Capital-Improvement-Projects/Stormwater-Master-Plan-Implementation",
                "Implementating Agency": "Village of Pinecrest",
                "Infrastructure Type": "Blue",
                "Categories": "Flood Control Infrastructure",
                "Disaster Focus": "Flooding",
                "New 15-25 Words Project Description": "Installs new stormwater pipes, exfiltration trenches, and improved discharge systems to reduce localized flooding, increase infiltration, and enhance stormwater quality before outfall.",
                "Project Start Date": "Null",
                "Project End Date": "Null",
                "Project Status": "Ongoing",
                "OLD * Brief Description of the Project": "The project includes the installation of new stormwater drainage pipes, exfiltration trenches, and an improved discharge system. By increasing infiltration capacity and directing excess runoff to appropriate outfalls, the improvements aim to minimize localized flooding and enhance stormwater quality before discharge.",
                "Estimated Project Cost": "3535767",
                "Additional Comments": ""
            },
            "geometry": {
                "type": "Point",
                "coordinates": [
                    -80.30905638,
                    25.65593249
                ]
            }
        },
        {
            "type": "Feature",
            "properties": {
                "Project Name": "Oakwood and East Drive Stormwater and Roadway Improvements ",
                "Latitude": "25.80838106",
                "Longitude": "-80.27275262",
                "City": "Miami Springs ",
                "Link to Data Source": "https://www.miamisprings-fl.gov/media/58616#:~:text=Page%201,%2D%205%20(SUBJECT%20TO%20CHANGE)",
                "Implementating Agency": "City of Miami Springs ",
                "Infrastructure Type": "Blue",
                "Categories": "Flood Control Infrastructure",
                "Disaster Focus": "Flooding",
                "New 15-25 Words Project Description": "The service area will reduce flooding and impacts to private properties and flood related hazards. ",
                "Project Start Date": "2024",
                "Project End Date": "Null",
                "Project Status": "Ongoing",
                "OLD * Brief Description of the Project": "The service area will reduce flooding and impacts to private properties and flood related hazards. ",
                "Estimated Project Cost": "827450",
                "Additional Comments": ""
            },
            "geometry": {
                "type": "Point",
                "coordinates": [
                    -80.27275262,
                    25.80838106
                ]
            }
        },
        {
            "type": "Feature",
            "properties": {
                "Project Name": "Kinloch Roadway Neighborhood Improvements",
                "Latitude": "25.7751757",
                "Longitude": "-80.27179051",
                "City": "Miami",
                "Link to Data Source": "https://www.miami.gov/My-Government/Departments/Resilience-and-Public-Works/Resilience-and-Public-Works-Projects-Per-District/District-4-Resilience-and-Public-Works-Projects/Kinloch-Roadway-Neighborhood-Improvements",
                "Implementating Agency": "Department of Resilience and Public Works ",
                "Infrastructure Type": "Gray",
                "Categories": "Flood Control Infrastructure",
                "Disaster Focus": "Multi-hazard",
                "New 15-25 Words Project Description": "Improve roadway construction and right of way improvements. ",
                "Project Start Date": "2026",
                "Project End Date": "2027",
                "Project Status": "Ongoing",
                "OLD * Brief Description of the Project": "Improve roadway construction and right of way improvements. ",
                "Estimated Project Cost": "4966264",
                "Additional Comments": ""
            },
            "geometry": {
                "type": "Point",
                "coordinates": [
                    -80.27179051,
                    25.7751757
                ]
            }
        },
        {
            "type": "Feature",
            "properties": {
                "Project Name": "Drainage Improvements",
                "Latitude": "25.72425565",
                "Longitude": "-80.30048158",
                "City": "South Miami ",
                "Link to Data Source": "https://www.southmiamifl.gov/685/Budget-Reports",
                "Implementating Agency": "The City of South Miami ",
                "Infrastructure Type": "Gray",
                "Categories": "Flood Control Infrastructure",
                "Disaster Focus": "Flooding",
                "New 15-25 Words Project Description": "Addresses resident-reported flooding at SW 59th Place and SW 56th Terrace; project is in design, with construction expected to begin in early FY 2025.",
                "Project Start Date": "2025",
                "Project End Date": "Null",
                "Project Status": "Ongoing",
                "OLD * Brief Description of the Project": "A flooding request was received from residents at SW 59th Place and SW 56th Terrace and is currently under design. Once design is finalized the construction is anticipated to follow in the first quarter of FY 2025.  ",
                "Estimated Project Cost": "120000",
                "Additional Comments": ""
            },
            "geometry": {
                "type": "Point",
                "coordinates": [
                    -80.30048158,
                    25.72425565
                ]
            }
        },
        {
            "type": "Feature",
            "properties": {
                "Project Name": "C2-S-9NE Sub-Basin Drainage Improvements",
                "Latitude": "25.68916908",
                "Longitude": "-80.28485603",
                "City": "Pinecrest ",
                "Link to Data Source": "https://www.pinecrest-fl.gov/Government/Manager/Capital-Improvement-Projects/Stormwater-Master-Plan-Implementation",
                "Implementating Agency": "Village of Pinecrest",
                "Infrastructure Type": "Hybrid",
                "Categories": "Flood Control Infrastructure",
                "Disaster Focus": "Flooding",
                "New 15-25 Words Project Description": "Adds culverts, stormwater retention areas, and upgraded discharge systems to improve drainage efficiency and ensure controlled stormwater release during high-intensity rainfall events.",
                "Project Start Date": "Null",
                "Project End Date": "Null",
                "Project Status": "Ongoing",
                "OLD * Brief Description of the Project": "This project consists of additional culverts, stormwater retention areas, and upgraded discharge mechanisms. These features are intended to increase the drainage systemÂs efficiency and provide a more controlled release of stormwater during high-intensity rain events.",
                "Estimated Project Cost": "3558843",
                "Additional Comments": ""
            },
            "geometry": {
                "type": "Point",
                "coordinates": [
                    -80.28485603,
                    25.68916908
                ]
            }
        },
        {
            "type": "Feature",
            "properties": {
                "Project Name": "U35-S Sub-Basin Drainage Improvements",
                "Latitude": "25.67287367",
                "Longitude": "-80.30927548",
                "City": "Pinecrest ",
                "Link to Data Source": "https://www.pinecrest-fl.gov/Government/Manager/Capital-Improvement-Projects/Stormwater-Master-Plan-Implementation",
                "Implementating Agency": "Village of Pinecrest",
                "Infrastructure Type": "Gray",
                "Categories": "Flood Control Infrastructure",
                "Disaster Focus": "Flooding",
                "New 15-25 Words Project Description": "Enhances stormwater conveyance with larger culverts, improved drainage channels, and new treatment areas to increase flow efficiency and ensure effective management before discharge.",
                "Project Start Date": "Null",
                "Project End Date": "Null",
                "Project Status": "Ongoing",
                "OLD * Brief Description of the Project": "This project involves enhancing stormwater conveyance through the installation of larger culverts, improved drainage channels, and new stormwater treatment areas. The focus is on increasing flow efficiency and ensuring that stormwater is effectively managed before reaching the final discharge points.",
                "Estimated Project Cost": "981252",
                "Additional Comments": ""
            },
            "geometry": {
                "type": "Point",
                "coordinates": [
                    -80.30927548,
                    25.67287367
                ]
            }
        },
        {
            "type": "Feature",
            "properties": {
                "Project Name": "Tamiami Canal Blvd Improvement Project",
                "Latitude": "25.76885532",
                "Longitude": "-80.31044863",
                "City": "Miami",
                "Link to Data Source": "https://www.miami.gov/My-Government/Departments/Resilience-and-Public-Works/Resilience-and-Public-Works-Projects-Per-District/District-4-Resilience-and-Public-Works-Projects/Tamiami-Canal-Blvd-Improvement-Project",
                "Implementating Agency": "Department of Resilience and Public Works ",
                "Infrastructure Type": "Gray",
                "Categories": "Flood Control Infrastructure",
                "Disaster Focus": "Multi-hazard",
                "New 15-25 Words Project Description": "Design and construction of right of way improvements including roadway improvements. ",
                "Project Start Date": "2026",
                "Project End Date": "2027",
                "Project Status": "Ongoing",
                "OLD * Brief Description of the Project": "Design and construction of right of way improvements including roadway improvements. ",
                "Estimated Project Cost": "7215420",
                "Additional Comments": ""
            },
            "geometry": {
                "type": "Point",
                "coordinates": [
                    -80.31044863,
                    25.76885532
                ]
            }
        },
        {
            "type": "Feature",
            "properties": {
                "Project Name": "Drainage Improvements",
                "Latitude": "25.71166911",
                "Longitude": "-80.28973716",
                "City": "South Miami ",
                "Link to Data Source": "https://www.southmiamifl.gov/685/Budget-Reports",
                "Implementating Agency": "The City of South Miami ",
                "Infrastructure Type": "Hybrid",
                "Categories": "Flood Control Infrastructure",
                "Disaster Focus": "Flooding",
                "New 15-25 Words Project Description": "Construction planned for SW 59th Avenue from SW 64th to SW 66th Street includes new drainage systems, exfiltration drains, culverts, inlets, manholes, paving, and landscaping.",
                "Project Start Date": "2025",
                "Project End Date": "Null",
                "Project Status": "Ongoing",
                "OLD * Brief Description of the Project": "Construction drawings are being developed and Construction is anticipated to be start first quarter of FY 2025 for drainage improvements at SW 59th Avenue from SW 64th Street to SW 66th Street.  The drainage improvements will consist of installing a new drainage system with interconnected exfiltration drain, manholes, inlets, pipe culvert, milling and paving, pavement markings, signs, RPMÂs and new performance sod.  ",
                "Estimated Project Cost": "100000",
                "Additional Comments": ""
            },
            "geometry": {
                "type": "Point",
                "coordinates": [
                    -80.28973716,
                    25.71166911
                ]
            }
        },
        {
            "type": "Feature",
            "properties": {
                "Project Name": "C100A-E-1 Sub-Basin Drainage Improvements",
                "Latitude": "25.6529155",
                "Longitude": "-80.30415601",
                "City": "Pinecrest ",
                "Link to Data Source": "https://www.pinecrest-fl.gov/Government/Manager/Capital-Improvement-Projects/Stormwater-Master-Plan-Implementation",
                "Implementating Agency": "Village of Pinecrest",
                "Infrastructure Type": "Gray",
                "Categories": "Flood Control Infrastructure",
                "Disaster Focus": "Flooding",
                "New 15-25 Words Project Description": "Expands the drainage network, adds new pumps, and improves outfall conditions to manage higher runoff, enhancing drainage performance and reducing flood susceptibility.",
                "Project Start Date": "Null",
                "Project End Date": "Null",
                "Project Status": "Ongoing",
                "OLD * Brief Description of the Project": "The proposed work includes expanding the existing drainage network, installing new pumps, and improving outfall conditions to handle increased runoff volumes. The goal is to enhance drainage performance and reduce flooding susceptibility.",
                "Estimated Project Cost": "1714848",
                "Additional Comments": ""
            },
            "geometry": {
                "type": "Point",
                "coordinates": [
                    -80.30415601,
                    25.6529155
                ]
            }
        },
        {
            "type": "Feature",
            "properties": {
                "Project Name": "C-100 Canal Restoration Coordination Projects",
                "Latitude": "25.67099893",
                "Longitude": "-80.32172165",
                "City": "Pinecrest ",
                "Link to Data Source": "https://www.sfwmd.gov/our-work/c100a-canal",
                "Implementating Agency": "U.S. Army Corps of Engineers ",
                "Infrastructure Type": "Hybrid",
                "Categories": "Flood Control Infrastructure",
                "Disaster Focus": "Multi-hazard",
                "New 15-25 Words Project Description": "Coordination with SFWMD on canal/flow improvements to reduce flooding",
                "Project Start Date": "2016",
                "Project End Date": "Null",
                "Project Status": "Ongoing",
                "OLD * Brief Description of the Project": "Coordination with SFWMD on canal/flow improvements to reduce flooding",
                "Estimated Project Cost": "",
                "Additional Comments": ""
            },
            "geometry": {
                "type": "Point",
                "coordinates": [
                    -80.32172165,
                    25.67099893
                ]
            }
        },
        {
            "type": "Feature",
            "properties": {
                "Project Name": "U32-S Sub-Basin Drainage Improvements",
                "Latitude": "25.64905361",
                "Longitude": "-80.30833856",
                "City": "Pinecrest ",
                "Link to Data Source": "https://www.pinecrest-fl.gov/Government/Manager/Capital-Improvement-Projects/Stormwater-Master-Plan-Implementation",
                "Implementating Agency": "Village of Pinecrest",
                "Infrastructure Type": "Gray",
                "Categories": "Flood Control Infrastructure",
                "Disaster Focus": "Flooding",
                "New 15-25 Words Project Description": "Installs larger pipes, improves slope grading, and enhances runoff management to optimize stormwater flow, increase drainage efficiency, and reduce standing water issues.",
                "Project Start Date": "Null",
                "Project End Date": "Null",
                "Project Status": "Ongoing",
                "OLD * Brief Description of the Project": "This project is focused on increasing drainage efficiency by installing larger pipes, improving slope grading, and enhancing overall runoff management. The upgrades aim to optimize stormwater flow paths and reduce standing water issues.",
                "Estimated Project Cost": "4644125",
                "Additional Comments": ""
            },
            "geometry": {
                "type": "Point",
                "coordinates": [
                    -80.30833856,
                    25.64905361
                ]
            }
        },
        {
            "type": "Feature",
            "properties": {
                "Project Name": "C100DN-1W Sub-Basin Drainage Improvements",
                "Latitude": "25.67779905",
                "Longitude": "-80.30991914",
                "City": "Pinecrest ",
                "Link to Data Source": "https://www.pinecrest-fl.gov/Government/Manager/Capital-Improvement-Projects/Stormwater-Master-Plan-Implementation",
                "Implementating Agency": "Village of Pinecrest",
                "Infrastructure Type": "Hybrid",
                "Categories": "Flood Control Infrastructure",
                "Disaster Focus": "Flooding",
                "New 15-25 Words Project Description": "Upgrades existing stormwater infrastructure with larger RCP pipes, new catch basins, and outfall modifications to reduce street flooding, prevent stagnation, and improve drainage efficiency.",
                "Project Start Date": "2025",
                "Project End Date": "Null",
                "Project Status": "Ongoing",
                "OLD * Brief Description of the Project": "The proposed improvements focus on upgrading the existing stormwater infrastructure with larger diameter RCP pipes, new catch basins, and modifications to the outfall system. These enhancements aim to prevent water stagnation, reduce street flooding, and improve overall drainage flow efficiency.",
                "Estimated Project Cost": "3094682",
                "Additional Comments": ""
            },
            "geometry": {
                "type": "Point",
                "coordinates": [
                    -80.30991914,
                    25.67779905
                ]
            }
        },
        {
            "type": "Feature",
            "properties": {
                "Project Name": "C100A-5 Sub-Basin Drainage Improvements",
                "Latitude": "25.64810307",
                "Longitude": "-80.30628315",
                "City": "Pinecrest ",
                "Link to Data Source": "https://www.pinecrest-fl.gov/Government/Manager/Capital-Improvement-Projects/Stormwater-Master-Plan-Implementation",
                "Implementating Agency": "Village of Pinecrest",
                "Infrastructure Type": "Gray",
                "Categories": "Flood Control Infrastructure",
                "Disaster Focus": "Flooding",
                "New 15-25 Words Project Description": "Installs upgraded stormwater pipes, new exfiltration trenches, and improved flow management to enhance stormwater transport efficiency and reduce local flooding risks.",
                "Project Start Date": "Null",
                "Project End Date": "Null",
                "Project Status": "Ongoing",
                "OLD * Brief Description of the Project": "The project involves installing upgraded stormwater collection pipes, new exfiltration trenches, and improved flow management features. These enhancements will provide a more efficient means of stormwater transport and mitigate flooding risks in the area.",
                "Estimated Project Cost": "4261880",
                "Additional Comments": ""
            },
            "geometry": {
                "type": "Point",
                "coordinates": [
                    -80.30628315,
                    25.64810307
                ]
            }
        },
        {
            "type": "Feature",
            "properties": {
                "Project Name": "C100A-W3S Sub-Basin Drainage Improvements",
                "Latitude": "25.64815337",
                "Longitude": "-80.31389797",
                "City": "Pinecrest ",
                "Link to Data Source": "https://www.pinecrest-fl.gov/Government/Manager/Capital-Improvement-Projects/Stormwater-Master-Plan-Implementation",
                "Implementating Agency": "Village of Pinecrest",
                "Infrastructure Type": "Gray",
                "Categories": "Flood Control Infrastructure",
                "Disaster Focus": "Flooding",
                "New 15-25 Words Project Description": "Installs new exfiltration systems, upsizes pipes, and upgrades drainage infrastructure to enhance flood control and prevent excessive surface runoff accumulation.",
                "Project Start Date": "Null",
                "Project End Date": "Null",
                "Project Status": "Ongoing",
                "OLD * Brief Description of the Project": "This project consists of installing new exfiltration systems, increasing pipe sizes, and upgrading drainage infrastructure to improve flood control and prevent excessive surface runoff accumulation.",
                "Estimated Project Cost": "2208589",
                "Additional Comments": ""
            },
            "geometry": {
                "type": "Point",
                "coordinates": [
                    -80.31389797,
                    25.64815337
                ]
            }
        },
        {
            "type": "Feature",
            "properties": {
                "Project Name": "C100D-N-1 Sub-Basin Drainage Improvements",
                "Latitude": "25.68809211",
                "Longitude": "-80.30479461",
                "City": "Pinecrest ",
                "Link to Data Source": "https://www.pinecrest-fl.gov/Government/Manager/Capital-Improvement-Projects/Stormwater-Master-Plan-Implementation",
                "Implementating Agency": "Village of Pinecrest",
                "Infrastructure Type": "Blue",
                "Categories": "Flood Control Infrastructure",
                "Disaster Focus": "Flooding",
                "New 15-25 Words Project Description": "Adds stormwater detention structures, new catch basins, and reinforced outfall systems to improve flood resilience and increase stormwater storage capacity.",
                "Project Start Date": "Null",
                "Project End Date": "Null",
                "Project Status": "Ongoing",
                "OLD * Brief Description of the Project": "Planned enhancements include stormwater detention structures, new catch basins, and reinforced outfall systems to provide better flood resilience and stormwater storage capacity.",
                "Estimated Project Cost": "627709",
                "Additional Comments": ""
            },
            "geometry": {
                "type": "Point",
                "coordinates": [
                    -80.30479461,
                    25.68809211
                ]
            }
        },
        {
            "type": "Feature",
            "properties": {
                "Project Name": "U29-S Sub Basin Drainage Improvements",
                "Latitude": "25.66549993",
                "Longitude": "-80.31367355",
                "City": "Pinecrest ",
                "Link to Data Source": "https://www.pinecrest-fl.gov/Government/Manager/Capital-Improvement-Projects/Stormwater-Master-Plan-Implementation",
                "Implementating Agency": "Village of Pinecrest ",
                "Infrastructure Type": "Gray",
                "Categories": "Flood Control Infrastructure",
                "Disaster Focus": "Flooding",
                "New 15-25 Words Project Description": "Installs a new stormwater system with reinforced concrete pipes, additional inlets, and a pump station to enhance flood mitigation and efficiently manage stormwater runoff.",
                "Project Start Date": "Null",
                "Project End Date": "Null",
                "Project Status": "Ongoing",
                "OLD * Brief Description of the Project": "This project proposes the installation of a new stormwater management system, including reinforced concrete pipes (RCP), additional drainage inlets, and a new pump station. The primary goal is to improve flood mitigation in the area by increasing the system's capacity to handle storm events and efficiently direct runoff to designated outfalls.",
                "Estimated Project Cost": "2361083",
                "Additional Comments": ""
            },
            "geometry": {
                "type": "Point",
                "coordinates": [
                    -80.31367355,
                    25.66549993
                ]
            }
        },
        {
            "type": "Feature",
            "properties": {
                "Project Name": "Sub-Basin #43 Drainage Improvements",
                "Latitude": "25.61646195",
                "Longitude": "-80.31351835",
                "City": "Palmetto Bay",
                "Link to Data Source": "https://www.palmettobay-fl.gov/1236/Stormwater-Master-Plan",
                "Implementating Agency": "Village of Palmetto Bay ",
                "Infrastructure Type": "Gray",
                "Categories": "Flood Control Infrastructure",
                "Disaster Focus": "Flooding",
                "New 15-25 Words Project Description": "Enhancing stormwater infrastructure in Sub-Basin #43 to reduce flooding and improve water quality, with design and permitting in progress.",
                "Project Start Date": "Null",
                "Project End Date": "Null",
                "Project Status": "Ongoing",
                "OLD * Brief Description of the Project": "The project involves replacing outdated stormwater pipes with larger diameter alternatives to accommodate increased flow. Existing outfall structures will be reinforced to prevent erosion and blockages. Additional catch basins will be installed in areas prone to pooling.",
                "Estimated Project Cost": "1570000",
                "Additional Comments": ""
            },
            "geometry": {
                "type": "Point",
                "coordinates": [
                    -80.31351835,
                    25.61646195
                ]
            }
        },
        {
            "type": "Feature",
            "properties": {
                "Project Name": "Sub-Basin #42 Drainage Improvements",
                "Latitude": "25.6132268",
                "Longitude": "-80.31629032",
                "City": "Palmetto Bay",
                "Link to Data Source": "https://www.palmettobay-fl.gov/1236/Stormwater-Master-Plan",
                "Implementating Agency": "Village of Palmetto Bay ",
                "Infrastructure Type": "Hybrid",
                "Categories": "Flood Control Infrastructure",
                "Disaster Focus": "Flooding",
                "New 15-25 Words Project Description": "Enhancing stormwater infrastructure in Sub-Basin #42 to reduce flooding and improve water quality, with design and permitting in progress.",
                "Project Start Date": "Null",
                "Project End Date": "Null",
                "Project Status": "Ongoing",
                "OLD * Brief Description of the Project": "Key upgrades include reconstructing sections of storm drains that currently cause localized flooding. A detention basin will be added near a major roadway intersection to capture excess runoff. Additionally, streambank stabilization techniques will be employed to reduce sedimentation in nearby waterways.",
                "Estimated Project Cost": "930000",
                "Additional Comments": ""
            },
            "geometry": {
                "type": "Point",
                "coordinates": [
                    -80.31629032,
                    25.6132268
                ]
            }
        },
        {
            "type": "Feature",
            "properties": {
                "Project Name": "U28-E Sub-Basin Drainage Improvements",
                "Latitude": "25.66931873",
                "Longitude": "-80.31670968",
                "City": "Pinecrest ",
                "Link to Data Source": "https://www.pinecrest-fl.gov/Government/Manager/Capital-Improvement-Projects/Stormwater-Master-Plan-Implementation",
                "Implementating Agency": "Village of Pinecrest",
                "Infrastructure Type": "Hybrid",
                "Categories": "Flood Control Infrastructure",
                "Disaster Focus": "Flooding",
                "New 15-25 Words Project Description": "Upgrades stormwater pipes, adds drainage inlets, and incorporates retention basins to increase storage capacity, control runoff, and reduce flooding frequency and severity.",
                "Project Start Date": "Null",
                "Project End Date": "Null",
                "Project Status": "Ongoing",
                "OLD * Brief Description of the Project": "The drainage improvements involve upgrading stormwater pipes, adding additional drainage inlets, and incorporating retention basins to enhance storage capacity and control runoff. The measures aim to reduce the frequency and severity of flooding in the area.",
                "Estimated Project Cost": "3615130",
                "Additional Comments": ""
            },
            "geometry": {
                "type": "Point",
                "coordinates": [
                    -80.31670968,
                    25.66931873
                ]
            }
        },
        {
            "type": "Feature",
            "properties": {
                "Project Name": "Sub-Basin #41 Drainage Improvements",
                "Latitude": "25.60936332",
                "Longitude": "-80.31619432",
                "City": "Palmetto Bay",
                "Link to Data Source": "https://www.palmettobay-fl.gov/1236/Stormwater-Master-Plan",
                "Implementating Agency": "Village of Palmetto Bay ",
                "Infrastructure Type": "Gray",
                "Categories": "Flood Control Infrastructure",
                "Disaster Focus": "Flooding",
                "New 15-25 Words Project Description": "Enhancing stormwater infrastructure in Sub-Basin #41 to reduce flooding and improve water quality, with design and permitting in progress.",
                "Project Start Date": "Null",
                "Project End Date": "Null",
                "Project Status": "Ongoing",
                "OLD * Brief Description of the Project": "Proposed measures include enlarging culverts at key crossings to eliminate existing capacity restrictions. Stormwater ditches will be widened and lined with erosion control materials to prevent washout. A minor realignment of certain drainage paths is also planned to improve flow efficiency.",
                "Estimated Project Cost": "1270000",
                "Additional Comments": ""
            },
            "geometry": {
                "type": "Point",
                "coordinates": [
                    -80.31619432,
                    25.60936332
                ]
            }
        },
        {
            "type": "Feature",
            "properties": {
                "Project Name": "Old Cutler Omni Pines Drainage Improvements",
                "Latitude": "25.58138326",
                "Longitude": "-80.33792329",
                "City": "Cutler Bay ",
                "Link to Data Source": "https://www.cutlerbay-fl.gov/sites/default/files/fileattachments/town_manager/page/2211/cutler_bay_swmp-update_1_1-compressed.pdf",
                "Implementating Agency": "Town of Cutler Bay Public Works Division",
                "Infrastructure Type": "Hybrid",
                "Categories": "Flood Control Infrastructure",
                "Disaster Focus": "Flooding",
                "New 15-25 Words Project Description": "Improve drainage performance and prevents flooding through new pipes, exfiltration trenches, catch basins, manholes, swale restoration, and pollution-control infrastructure upgrades.",
                "Project Start Date": "Null",
                "Project End Date": "Null",
                "Project Status": "Ongoing",
                "OLD * Brief Description of the Project": "Infrastructure improvements in this project include 2,240 feet of drainage pipes, 520 feet of exfiltration trenches, and new pollution retardant baffles. The installation of curb inlet catch basins, additional manholes, and swale restoration will improve drainage performance and prevent street-level flooding.",
                "Estimated Project Cost": "970000",
                "Additional Comments": ""
            },
            "geometry": {
                "type": "Point",
                "coordinates": [
                    -80.33792329,
                    25.58138326
                ]
            }
        },
        {
            "type": "Feature",
            "properties": {
                "Project Name": "Omni Estates Drainage Improvements",
                "Latitude": "25.59908713",
                "Longitude": "-80.32847086",
                "City": "Cutler Bay ",
                "Link to Data Source": "https://www.cutlerbay-fl.gov/sites/default/files/fileattachments/town_manager/page/2211/cutler_bay_swmp-update_1_1-compressed.pdf",
                "Implementating Agency": "Town of Cutler Bay Public Works Division",
                "Infrastructure Type": "Gray",
                "Categories": "Flood Control Infrastructure",
                "Disaster Focus": "Flooding",
                "New 15-25 Words Project Description": "Upgrade drainage infrastructure with new pipes, exfiltration trenches, and catch basins to reduce flooding and enhance stormwater conveyance and water quality.",
                "Project Start Date": "Null",
                "Project End Date": "Null",
                "Project Status": "Ongoing",
                "OLD * Brief Description of the Project": "Will upgrade drainage infrastructure to prevent roadway and property flooding. The project includes 860 feet of new drainage pipes, 2,000 feet of exfiltration trench installation, and 19 catch basins to improve stormwater conveyance. Additional measures include pollution retardant baffles, swale restoration, and sediment control devices to improve water quality. ",
                "Estimated Project Cost": "1150000",
                "Additional Comments": ""
            },
            "geometry": {
                "type": "Point",
                "coordinates": [
                    -80.32847086,
                    25.59908713
                ]
            }
        },
        {
            "type": "Feature",
            "properties": {
                "Project Name": "Cantamar Drainage Improvements",
                "Latitude": "25.5742573",
                "Longitude": "-80.33164743",
                "City": "Cutler Bay ",
                "Link to Data Source": "https://www.cutlerbay-fl.gov/sites/default/files/fileattachments/town_manager/page/2211/cutler_bay_swmp-update_1_1-compressed.pdf",
                "Implementating Agency": "Town of Cutler Bay Public Works Division",
                "Infrastructure Type": "Hybrid",
                "Categories": "Flood Control Infrastructure",
                "Disaster Focus": "Flooding",
                "New 15-25 Words Project Description": "Addresse drainage inadequacies and prevent roadway flooding through new pipes, exfiltration trenches, and catch basins, with added swales, manholes, and pollution-control measures.",
                "Project Start Date": "Null",
                "Project End Date": "Null",
                "Project Status": "Ongoing",
                "OLD * Brief Description of the Project": "This project will install significant new stormwater infrastructure, including over 2,500 feet of drainage pipes, 1,500 feet of exfiltration trenches, and 28 new catch basins. The improvements will also include new pollution retardant baffles, sediment traps, and street grading enhancements. The plan is designed to address existing drainage inadequacies and prevent water stagnation in roadways. The project includes swale restoration and additional manholes to increase the systemÂs ability to handle storm surges.",
                "Estimated Project Cost": "1976000",
                "Additional Comments": ""
            },
            "geometry": {
                "type": "Point",
                "coordinates": [
                    -80.33164743,
                    25.5742573
                ]
            }
        },
        {
            "type": "Feature",
            "properties": {
                "Project Name": "Sub-Basin #57/96 Drainage Improvements",
                "Latitude": "25.62505528",
                "Longitude": "-80.33538253",
                "City": "Palmetto Bay",
                "Link to Data Source": "https://www.palmettobay-fl.gov/1236/Stormwater-Master-Plan",
                "Implementating Agency": "Village of Palmetto Bay ",
                "Infrastructure Type": "Blue",
                "Categories": "Flood Control Infrastructure",
                "Disaster Focus": "Flooding",
                "New 15-25 Words Project Description": "Enhancing stormwater infrastructure in Sub-Basin 57/96 to mitigate flooding, improve water quality, and increase resilience against sea-level rise.",
                "Project Start Date": "Null",
                "Project End Date": "Null",
                "Project Status": "Ongoing",
                "OLD * Brief Description of the Project": "Major channel modifications will be undertaken to improve flow direction and reduce bottlenecks. A combination of new detention ponds and enlarged conveyance structures will be implemented to manage stormwater surges. The project also includes enhancing culverts and road crossings to ensure adequate drainage.",
                "Estimated Project Cost": "2160000",
                "Additional Comments": ""
            },
            "geometry": {
                "type": "Point",
                "coordinates": [
                    -80.33538253,
                    25.62505528
                ]
            }
        },
        {
            "type": "Feature",
            "properties": {
                "Project Name": "Bel Aire Sec. 2.1 Drainage Improvements",
                "Latitude": "25.59313825",
                "Longitude": "-80.34957333",
                "City": "Cutler Bay ",
                "Link to Data Source": "https://www.cutlerbay-fl.gov/sites/default/files/fileattachments/town_manager/page/2211/cutler_bay_swmp-update_1_1-compressed.pdf",
                "Implementating Agency": "Town of Cutler Bay Public Works Division",
                "Infrastructure Type": "Gray",
                "Categories": "Flood Control Infrastructure",
                "Disaster Focus": "Flooding",
                "New 15-25 Words Project Description": "Enhances drainage efficiency and prevents roadway flooding through new pipes, catch basins, and exfiltration trenches, with added swale restoration and pollution-control measures.",
                "Project Start Date": "Null",
                "Project End Date": "Null",
                "Project Status": "Ongoing",
                "OLD * Brief Description of the Project": "This project will install additional drainage pipes, catch basins, and exfiltration trenches. The project will enhance drainage efficiency and prevent flood accumulation in roadways. New pollution prevention measures will improve water quality in storm runoff. The upgrades include swale restoration, sediment control systems, and reinforced drainage infrastructure.",
                "Estimated Project Cost": "1629000",
                "Additional Comments": ""
            },
            "geometry": {
                "type": "Point",
                "coordinates": [
                    -80.34957333,
                    25.59313825
                ]
            }
        },
        {
            "type": "Feature",
            "properties": {
                "Project Name": "Cutler Ridge Sec. 4 Drainage Improvements",
                "Latitude": "25.57511828",
                "Longitude": "-80.34206538",
                "City": "Cutler Bay ",
                "Link to Data Source": "https://www.cutlerbay-fl.gov/sites/default/files/fileattachments/town_manager/page/2211/cutler_bay_swmp-update_1_1-compressed.pdf",
                "Implementating Agency": "Town of Cutler Bay Public Works Division",
                "Infrastructure Type": "Hybrid",
                "Categories": "Flood Control Infrastructure",
                "Disaster Focus": "Flooding",
                "New 15-25 Words Project Description": "Enhances flood resilience and stormwater management with new pipes, exfiltration trenches, catch basins, and swale restoration for improved retention and controlled water release.",
                "Project Start Date": "Null",
                "Project End Date": "Null",
                "Project Status": "Ongoing",
                "OLD * Brief Description of the Project": "The project will install drainage pipes, exfiltration trenches, and over 40 new catch basins to improve stormwater conveyance. Additional upgrades include new manholes, pollution retardant baffles, and swale restorations to enhance flood resilience. Infrastructure improvements will allow for better stormwater retention and controlled outfall release.",
                "Estimated Project Cost": "7334000",
                "Additional Comments": ""
            },
            "geometry": {
                "type": "Point",
                "coordinates": [
                    -80.34206538,
                    25.57511828
                ]
            }
        },
        {
            "type": "Feature",
            "properties": {
                "Project Name": "Bel Aire Sec. 13.1 Drainage Improvements",
                "Latitude": "25.59819668",
                "Longitude": "-80.33941279",
                "City": "Cutler Bay ",
                "Link to Data Source": "https://www.cutlerbay-fl.gov/sites/default/files/fileattachments/town_manager/page/2211/cutler_bay_swmp-update_1_1-compressed.pdf",
                "Implementating Agency": "Town of Cutler Bay Public Works Division",
                "Infrastructure Type": "Gray",
                "Categories": "Flood Control Infrastructure",
                "Disaster Focus": "Flooding",
                "New 15-25 Words Project Description": "Enhance stormwater management with new pipes, exfiltration trenches, and catch basins, reducing flooding and runoff contamination while improving drainage efficiency and water quality.",
                "Project Start Date": "Null",
                "Project End Date": "Null",
                "Project Status": "Ongoing",
                "OLD * Brief Description of the Project": "This project will enhance stormwater management through 825 feet of new drainage pipes, 650 feet of exfiltration trenches, and six new catch basins. The area suffers from insufficient infrastructure, leading to localized flooding and runoff contamination. Proposed improvements include the installation of pollution retardant baffles, manholes, and swale restoration to enhance flood control and water quality.",
                "Estimated Project Cost": "513000",
                "Additional Comments": ""
            },
            "geometry": {
                "type": "Point",
                "coordinates": [
                    -80.33941279,
                    25.59819668
                ]
            }
        },
        {
            "type": "Feature",
            "properties": {
                "Project Name": "Bel Aire Sec. 23 Drainage Improvements",
                "Latitude": "25.59790044",
                "Longitude": "-80.33218973",
                "City": "Cutler Bay ",
                "Link to Data Source": "https://www.cutlerbay-fl.gov/sites/default/files/fileattachments/town_manager/page/2211/cutler_bay_swmp-update_1_1-compressed.pdf",
                "Implementating Agency": "Town of Cutler Bay Public Works Division",
                "Infrastructure Type": "Gray",
                "Categories": "Flood Control Infrastructure",
                "Disaster Focus": "Flooding",
                "New 15-25 Words Project Description": "Mitigate flooding and enhances drainage with new pipes, exfiltration trenches, swale restoration, and pollution-control features for improved stormwater management and water quality.",
                "Project Start Date": "2021",
                "Project End Date": "Null",
                "Project Status": "Ongoing",
                "OLD * Brief Description of the Project": "Aimed at mitigating flooding and improving stormwater drainage by installing new exfiltration trenches, drainage pipes, and pollution retardant baffles. Addresses storm drain deficiencies that currently fail to meet performance standards. Infrastructure improvements include over 4,000 feet of drainage pipes, nearly 1,300 feet of exfiltration trench, and swale restoration across the sub-basin. The project also includes the installation of 45 pollution retardant baffles, 42 manholes, and 21 catch basins, ensuring effective water treatment and runoff management.",
                "Estimated Project Cost": "4969000",
                "Additional Comments": ""
            },
            "geometry": {
                "type": "Point",
                "coordinates": [
                    -80.33218973,
                    25.59790044
                ]
            }
        },
        {
            "type": "Feature",
            "properties": {
                "Project Name": "S-22 Coastal Structure Resiliency",
                "Latitude": "25.66963032",
                "Longitude": "-80.28374477",
                "City": "Coral Gables  ",
                "Link to Data Source": "https://www.sfwmd.gov/sites/default/files/FDEP_ResilientFlorida_ResilientProjectsPlan_09_01-2021.pdf",
                "Implementating Agency": "SFWMD",
                "Infrastructure Type": "Gray",
                "Categories": "Flood Control Infrastructure",
                "Disaster Focus": "Flooding",
                "New 15-25 Words Project Description": "Upgrade the S-22 spillway with structural enhancements and a forward pump to improve flood resilience and conveyance capacity in Miami.",
                "Project Start Date": "2022",
                "Project End Date": "2026",
                "Project Status": "Ongoing",
                "OLD * Brief Description of the Project": "forward pumps",
                "Estimated Project Cost": "92414986",
                "Additional Comments": ""
            },
            "geometry": {
                "type": "Point",
                "coordinates": [
                    -80.28374477,
                    25.66963032
                ]
            }
        },
        {
            "type": "Feature",
            "properties": {
                "Project Name": "Goulds Pineland Project",
                "Latitude": "25.61217092",
                "Longitude": "-80.39120775",
                "City": "Miami-Dade County ",
                "Link to Data Source": "https://communitynewspapers.com/coral-gables-news/commissioner-dennis-c-moss-participates-dedication-goulds-pineland-preserve/",
                "Implementating Agency": "Miami Dade County Environmental Endangered Lands ",
                "Infrastructure Type": "Green",
                "Categories": "Green Infrastructure",
                "Disaster Focus": "Multi-hazard",
                "New 15-25 Words Project Description": "Full protection and continual management of Goulds Pineland Perserve by Miami Environmental Endangered Lands Program and adding conservation land to the perserve. ",
                "Project Start Date": "1991",
                "Project End Date": "2016",
                "Project Status": "Completed",
                "OLD * Brief Description of the Project": "Goulds Pineland Perserve will be fully protected and continually managed by Miami Environmental Endangered Lands Program. This project would consists of adding conservation land to the perserve. ",
                "Estimated Project Cost": "219000000",
                "Additional Comments": ""
            },
            "geometry": {
                "type": "Point",
                "coordinates": [
                    -80.39120775,
                    25.61217092
                ]
            }
        },
        {
            "type": "Feature",
            "properties": {
                "Project Name": "Lakes by the Bay Sec. 10 Drainage Improvements",
                "Latitude": "25.56939661",
                "Longitude": "-80.34216013",
                "City": "Cutler Bay ",
                "Link to Data Source": "https://www.cutlerbay-fl.gov/sites/default/files/fileattachments/town_manager/page/2211/cutler_bay_swmp-update_1_1-compressed.pdf",
                "Implementating Agency": "Town of Cutler Bay Public Works Division",
                "Infrastructure Type": "Hybrid",
                "Categories": "Flood Control Infrastructure",
                "Disaster Focus": "Flooding",
                "New 15-25 Words Project Description": "Improve stormwater drainage with new pipes, exfiltration trenches, and catch basins, reducing flooding and enhancing water quality through swale restoration and pollution control.",
                "Project Start Date": "Null",
                "Project End Date": "Null",
                "Project Status": "Ongoing",
                "OLD * Brief Description of the Project": "This project will improve stormwater drainage by implementing drainage pipes, exfiltration trenches, and catch basins throughout the sub-basin. The improvements will help redirect stormwater flow and prevent localized flooding. The addition of pollution retardant baffles and sediment traps will enhance water quality by preventing contaminants from reaching nearby lakes. Swale restoration and roadway resurfacing will further improve stormwater management. ",
                "Estimated Project Cost": "1964000",
                "Additional Comments": ""
            },
            "geometry": {
                "type": "Point",
                "coordinates": [
                    -80.34216013,
                    25.56939661
                ]
            }
        },
        {
            "type": "Feature",
            "properties": {
                "Project Name": "Cutler Ridge Sec. 7 Drainage Improvements",
                "Latitude": "25.56884543",
                "Longitude": "-80.354103",
                "City": "Cutler Bay ",
                "Link to Data Source": "https://www.cutlerbay-fl.gov/sites/default/files/fileattachments/town_manager/page/2211/cutler_bay_swmp-update_1_1-compressed.pdf",
                "Implementating Agency": "Town of Cutler Bay Public Works Division",
                "Infrastructure Type": "Hybrid",
                "Categories": "Flood Control Infrastructure",
                "Disaster Focus": "Flooding",
                "New 15-25 Words Project Description": "Enhances stormwater management with new pipes, exfiltration trenches, and catch basins, improving filtration, drainage, and flood prevention through upgraded swales and street grading.",
                "Project Start Date": "Null",
                "Project End Date": "Null",
                "Project Status": "Ongoing",
                "OLD * Brief Description of the Project": "The project will include the installation of nearly 6,000 feet of drainage pipes, 3,600 feet of exfiltration trenches, and over 40 catch basins. Upgrades also include sediment traps, pollution retardant baffles, and additional manholes to enhance stormwater filtration. New swales and improved street grading will help to redirect excess water and prevent roadway flooding. ",
                "Estimated Project Cost": "3870000",
                "Additional Comments": ""
            },
            "geometry": {
                "type": "Point",
                "coordinates": [
                    -80.354103,
                    25.56884543
                ]
            }
        },
        {
            "type": "Feature",
            "properties": {
                "Project Name": "Palm Grove Road Improvements ",
                "Latitude": "25.85571028",
                "Longitude": "-80.18410513",
                "City": "Miami",
                "Link to Data Source": "https://ago-item-storage.s3.amazonaws.com/08b8b0e68486482795574a9380dabdd2/ADAPTATION_PLAN_JANUARY_2022.pdf?X-Amz-Security-Token=IQoJb3JpZ2luX2VjEC8aCXVzLWVhc3QtMSJHMEUCIQCo60%2BFnr4n6jUELV3MjOhR9r%2B31cO6AbY9RMEVXMFGqwIgETzXOLHNJ93IHpqnSm6xtm%2FVQMpLR%2FL86pdc1sapkKgqugUI%2BP%2F%2F%2F%2F%2F%2F%2F%2F%2F%2FARAAGgw2MDQ3NTgxMDI2NjUiDGpwAUh%2FFaC7nLZ9NCqOBYvRr4jK6cg9AmbLKQsoobUvxdx9kLr08fmJz6SJT9lf5utuqbZjmKzxtXfWSuXtkFEEVHxN%2BealVGFD%2FtNcYAHdVe%2F2%2FV1IYEbVV8KlSZD%2BnqVCy6aYLqCZNvMhVYtTCg8HrwWLT5foShXzC4XbUgH6UHND9paS2iHJEZLVerxNiOg%2BKTqUuV8%2F%2FXYoh6oXwRfwvpx3AaPbzCVfzSOQERkkL5jMeG9gUkaDbWpAXSy5758oy66dtryM%2F8eFaE03xUhlPvkVhY2R8uR1G1wFYffUAZKrp5iYKsOWWgWnz8G5k%2BfUlCrrJM2dqUbLGAgy5EkfXiLPBGVDIo2l0gwXsmWxNQRwy58yw140RvUvqQULnVI78FLqRmTxyw1XTguUke%2Bwe%2ByxpuD7aMD22%2BXcJBEj1TqpJ9m%2BVMhjPqocoVc7EMwYtlQ9lDv6Y%2F1gMvqN8h2ZYzyIMPLw979k2Cl%2BNdxzCEbW9VT0YFpZTssnxvsaepsFK6QKrQdsX5ieLtZ6hlEdN52B7VC%2BZcXVS%2F9L8GvysecHQRM3MOg3cTqI9bQhL3RaxiAluNCB0LqbbVrvfy%2FrPG2pgkXjzF5J4vz2yHJjkL3UkZbdFa79P5Tn7tX%2FERli0u%2FnZ3IhM%2FTAjNutdSzUm3LqVZSffVo1CMAxlnx%2FsYWLtChi9fpBYxjOOPj1N5FEq5%2Bqpz02s5K5%2FDXmjwvSmEYFBXtiBxOQasAMKzsN62vKGVuDWdP4PvWBkOq14XfOKDT8rXKg9KuFBru7cNeWSvRpB98BBPmR0swMG8Xb5WTGsum2dQV7bnr9EzIUJ%2FM3gm4Sj8Bo52zHtybFTFOFuJIliQATFzxsoyTtEiLWMj7SWMH0esf1P2u%2BYjCL0PzIBjqxAe6FCce0Sk%2Fey1ZAdTeCBJf%2BtgEVW5VGsY5Iv9bRNw8bdFK%2FEv9nedBRJ%2FY2VMvRsm722ywtHzM%2BCVXAat8qxd3fA5x6kliSvYUQkmp4nABkRa%2FaDm03uq4jy%2FKqYjkEqaQnwOHv5FJXXjmcwf4dtK7%2BLj7xMAv8v%2BoUSmVtrXVHY9%2FzdMXe7rFlvhq4%2FYPzTT8SxTLuD5bCUTSuMM4hZFnZx3amr0C0B12OjgpRdfV%2BhQ%3D%3D&X-Amz-Algorithm=AWS4-HMAC-SHA256&X-Amz-Date=20251120T165154Z&X-Amz-SignedHeaders=host&X-Amz-Credential=ASIAYZTTEKKE4SNNVCUB%2F20251120%2Fus-east-1%2Fs3%2Faws4_request&X-Amz-Expires=300&X-Amz-Signature=b377b5750cf9a7076b359b3ece265fb91812be992a06d3eb62e7a4c3ae1eb96d",
                "Implementating Agency": "City of Miami Resilience and Public Works ",
                "Infrastructure Type": "Gray",
                "Categories": "Flood Control Infrastructure",
                "Disaster Focus": "Flooding",
                "New 15-25 Words Project Description": "Milling and resurfacing, repair of curbs, gutters, and drainage improvements throughout the neighborhood. ",
                "Project Start Date": "2025",
                "Project End Date": "2026",
                "Project Status": "Completed",
                "OLD * Brief Description of the Project": "None",
                "Estimated Project Cost": "3462098",
                "Additional Comments": ""
            },
            "geometry": {
                "type": "Point",
                "coordinates": [
                    -80.18410513,
                    25.85571028
                ]
            }
        },
        {
            "type": "Feature",
            "properties": {
                "Project Name": "New Little River Drainage Improvement Project",
                "Latitude": "25.85193649",
                "Longitude": "-80.19914398",
                "City": "Miami",
                "Link to Data Source": "https://www.miamidade.gov/fire/library/OEM/local-mitigation-strategy-part-6-completed-projects.pdf",
                "Implementating Agency": "Department of Transportation and Public Works ",
                "Infrastructure Type": "Hybrid",
                "Categories": "Flood Control Infrastructure",
                "Disaster Focus": "Flooding",
                "New 15-25 Words Project Description": "General drainage improvements, and mitigation of flood complaints. ",
                "Project Start Date": "2025",
                "Project End Date": "2026",
                "Project Status": "Completed",
                "OLD * Brief Description of the Project": "None",
                "Estimated Project Cost": "482816.23",
                "Additional Comments": ""
            },
            "geometry": {
                "type": "Point",
                "coordinates": [
                    -80.19914398,
                    25.85193649
                ]
            }
        },
        {
            "type": "Feature",
            "properties": {
                "Project Name": "North Miami Avenue and NW. 71st -Drainage Improvement Project ",
                "Latitude": "25.8401714",
                "Longitude": "-80.1966486",
                "City": "Miami",
                "Link to Data Source": "https://ago-item-storage.s3.amazonaws.com/08b8b0e68486482795574a9380dabdd2/ADAPTATION_PLAN_JANUARY_2022.pdf?X-Amz-Security-Token=IQoJb3JpZ2luX2VjEC8aCXVzLWVhc3QtMSJHMEUCIQCo60%2BFnr4n6jUELV3MjOhR9r%2B31cO6AbY9RMEVXMFGqwIgETzXOLHNJ93IHpqnSm6xtm%2FVQMpLR%2FL86pdc1sapkKgqugUI%2BP%2F%2F%2F%2F%2F%2F%2F%2F%2F%2FARAAGgw2MDQ3NTgxMDI2NjUiDGpwAUh%2FFaC7nLZ9NCqOBYvRr4jK6cg9AmbLKQsoobUvxdx9kLr08fmJz6SJT9lf5utuqbZjmKzxtXfWSuXtkFEEVHxN%2BealVGFD%2FtNcYAHdVe%2F2%2FV1IYEbVV8KlSZD%2BnqVCy6aYLqCZNvMhVYtTCg8HrwWLT5foShXzC4XbUgH6UHND9paS2iHJEZLVerxNiOg%2BKTqUuV8%2F%2FXYoh6oXwRfwvpx3AaPbzCVfzSOQERkkL5jMeG9gUkaDbWpAXSy5758oy66dtryM%2F8eFaE03xUhlPvkVhY2R8uR1G1wFYffUAZKrp5iYKsOWWgWnz8G5k%2BfUlCrrJM2dqUbLGAgy5EkfXiLPBGVDIo2l0gwXsmWxNQRwy58yw140RvUvqQULnVI78FLqRmTxyw1XTguUke%2Bwe%2ByxpuD7aMD22%2BXcJBEj1TqpJ9m%2BVMhjPqocoVc7EMwYtlQ9lDv6Y%2F1gMvqN8h2ZYzyIMPLw979k2Cl%2BNdxzCEbW9VT0YFpZTssnxvsaepsFK6QKrQdsX5ieLtZ6hlEdN52B7VC%2BZcXVS%2F9L8GvysecHQRM3MOg3cTqI9bQhL3RaxiAluNCB0LqbbVrvfy%2FrPG2pgkXjzF5J4vz2yHJjkL3UkZbdFa79P5Tn7tX%2FERli0u%2FnZ3IhM%2FTAjNutdSzUm3LqVZSffVo1CMAxlnx%2FsYWLtChi9fpBYxjOOPj1N5FEq5%2Bqpz02s5K5%2FDXmjwvSmEYFBXtiBxOQasAMKzsN62vKGVuDWdP4PvWBkOq14XfOKDT8rXKg9KuFBru7cNeWSvRpB98BBPmR0swMG8Xb5WTGsum2dQV7bnr9EzIUJ%2FM3gm4Sj8Bo52zHtybFTFOFuJIliQATFzxsoyTtEiLWMj7SWMH0esf1P2u%2BYjCL0PzIBjqxAe6FCce0Sk%2Fey1ZAdTeCBJf%2BtgEVW5VGsY5Iv9bRNw8bdFK%2FEv9nedBRJ%2FY2VMvRsm722ywtHzM%2BCVXAat8qxd3fA5x6kliSvYUQkmp4nABkRa%2FaDm03uq4jy%2FKqYjkEqaQnwOHv5FJXXjmcwf4dtK7%2BLj7xMAv8v%2BoUSmVtrXVHY9%2FzdMXe7rFlvhq4%2FYPzTT8SxTLuD5bCUTSuMM4hZFnZx3amr0C0B12OjgpRdfV%2BhQ%3D%3D&X-Amz-Algorithm=AWS4-HMAC-SHA256&X-Amz-Date=20251120T165154Z&X-Amz-SignedHeaders=host&X-Amz-Credential=ASIAYZTTEKKE4SNNVCUB%2F20251120%2Fus-east-1%2Fs3%2Faws4_request&X-Amz-Expires=300&X-Amz-Signature=b377b5750cf9a7076b359b3ece265fb91812be992a06d3eb62e7a4c3ae1eb96d",
                "Implementating Agency": "Department of Transportation and Public Works ",
                "Infrastructure Type": "Blue",
                "Categories": "Flood Control Infrastructure",
                "Disaster Focus": "Flooding",
                "New 15-25 Words Project Description": "General drainage improvements, and mitigation of flood complaints. ",
                "Project Start Date": "2025",
                "Project End Date": "2026",
                "Project Status": "Completed",
                "OLD * Brief Description of the Project": "None",
                "Estimated Project Cost": "1542044",
                "Additional Comments": ""
            },
            "geometry": {
                "type": "Point",
                "coordinates": [
                    -80.1966486,
                    25.8401714
                ]
            }
        },
        {
            "type": "Feature",
            "properties": {
                "Project Name": "NE 88th. Terrance Drainage Improvement Project",
                "Latitude": "25.85691956",
                "Longitude": "-80.18405312",
                "City": "Miami",
                "Link to Data Source": "https://ago-item-storage.s3.amazonaws.com/08b8b0e68486482795574a9380dabdd2/ADAPTATION_PLAN_JANUARY_2022.pdf?X-Amz-Security-Token=IQoJb3JpZ2luX2VjEC8aCXVzLWVhc3QtMSJHMEUCIQCo60%2BFnr4n6jUELV3MjOhR9r%2B31cO6AbY9RMEVXMFGqwIgETzXOLHNJ93IHpqnSm6xtm%2FVQMpLR%2FL86pdc1sapkKgqugUI%2BP%2F%2F%2F%2F%2F%2F%2F%2F%2F%2FARAAGgw2MDQ3NTgxMDI2NjUiDGpwAUh%2FFaC7nLZ9NCqOBYvRr4jK6cg9AmbLKQsoobUvxdx9kLr08fmJz6SJT9lf5utuqbZjmKzxtXfWSuXtkFEEVHxN%2BealVGFD%2FtNcYAHdVe%2F2%2FV1IYEbVV8KlSZD%2BnqVCy6aYLqCZNvMhVYtTCg8HrwWLT5foShXzC4XbUgH6UHND9paS2iHJEZLVerxNiOg%2BKTqUuV8%2F%2FXYoh6oXwRfwvpx3AaPbzCVfzSOQERkkL5jMeG9gUkaDbWpAXSy5758oy66dtryM%2F8eFaE03xUhlPvkVhY2R8uR1G1wFYffUAZKrp5iYKsOWWgWnz8G5k%2BfUlCrrJM2dqUbLGAgy5EkfXiLPBGVDIo2l0gwXsmWxNQRwy58yw140RvUvqQULnVI78FLqRmTxyw1XTguUke%2Bwe%2ByxpuD7aMD22%2BXcJBEj1TqpJ9m%2BVMhjPqocoVc7EMwYtlQ9lDv6Y%2F1gMvqN8h2ZYzyIMPLw979k2Cl%2BNdxzCEbW9VT0YFpZTssnxvsaepsFK6QKrQdsX5ieLtZ6hlEdN52B7VC%2BZcXVS%2F9L8GvysecHQRM3MOg3cTqI9bQhL3RaxiAluNCB0LqbbVrvfy%2FrPG2pgkXjzF5J4vz2yHJjkL3UkZbdFa79P5Tn7tX%2FERli0u%2FnZ3IhM%2FTAjNutdSzUm3LqVZSffVo1CMAxlnx%2FsYWLtChi9fpBYxjOOPj1N5FEq5%2Bqpz02s5K5%2FDXmjwvSmEYFBXtiBxOQasAMKzsN62vKGVuDWdP4PvWBkOq14XfOKDT8rXKg9KuFBru7cNeWSvRpB98BBPmR0swMG8Xb5WTGsum2dQV7bnr9EzIUJ%2FM3gm4Sj8Bo52zHtybFTFOFuJIliQATFzxsoyTtEiLWMj7SWMH0esf1P2u%2BYjCL0PzIBjqxAe6FCce0Sk%2Fey1ZAdTeCBJf%2BtgEVW5VGsY5Iv9bRNw8bdFK%2FEv9nedBRJ%2FY2VMvRsm722ywtHzM%2BCVXAat8qxd3fA5x6kliSvYUQkmp4nABkRa%2FaDm03uq4jy%2FKqYjkEqaQnwOHv5FJXXjmcwf4dtK7%2BLj7xMAv8v%2BoUSmVtrXVHY9%2FzdMXe7rFlvhq4%2FYPzTT8SxTLuD5bCUTSuMM4hZFnZx3amr0C0B12OjgpRdfV%2BhQ%3D%3D&X-Amz-Algorithm=AWS4-HMAC-SHA256&X-Amz-Date=20251120T165154Z&X-Amz-SignedHeaders=host&X-Amz-Credential=ASIAYZTTEKKE4SNNVCUB%2F20251120%2Fus-east-1%2Fs3%2Faws4_request&X-Amz-Expires=300&X-Amz-Signature=b377b5750cf9a7076b359b3ece265fb91812be992a06d3eb62e7a4c3ae1eb96d",
                "Implementating Agency": "Department of Transportation and Public Works ",
                "Infrastructure Type": "Gray",
                "Categories": "Flood Control Infrastructure",
                "Disaster Focus": "Flooding",
                "New 15-25 Words Project Description": "General drainage improvements, and mitigation of flood complaints. ",
                "Project Start Date": "2026",
                "Project End Date": "2027",
                "Project Status": "Completed",
                "OLD * Brief Description of the Project": "None",
                "Estimated Project Cost": "1200000",
                "Additional Comments": ""
            },
            "geometry": {
                "type": "Point",
                "coordinates": [
                    -80.18405312,
                    25.85691956
                ]
            }
        },
        {
            "type": "Feature",
            "properties": {
                "Project Name": "Larchmont Gardens Stormwater Pump Station ",
                "Latitude": "25.85232708",
                "Longitude": "-80.20329489",
                "City": "Miami",
                "Link to Data Source": "https://ago-item-storage.s3.amazonaws.com/08b8b0e68486482795574a9380dabdd2/ADAPTATION_PLAN_JANUARY_2022.pdf?X-Amz-Security-Token=IQoJb3JpZ2luX2VjEC8aCXVzLWVhc3QtMSJHMEUCIQCo60%2BFnr4n6jUELV3MjOhR9r%2B31cO6AbY9RMEVXMFGqwIgETzXOLHNJ93IHpqnSm6xtm%2FVQMpLR%2FL86pdc1sapkKgqugUI%2BP%2F%2F%2F%2F%2F%2F%2F%2F%2F%2FARAAGgw2MDQ3NTgxMDI2NjUiDGpwAUh%2FFaC7nLZ9NCqOBYvRr4jK6cg9AmbLKQsoobUvxdx9kLr08fmJz6SJT9lf5utuqbZjmKzxtXfWSuXtkFEEVHxN%2BealVGFD%2FtNcYAHdVe%2F2%2FV1IYEbVV8KlSZD%2BnqVCy6aYLqCZNvMhVYtTCg8HrwWLT5foShXzC4XbUgH6UHND9paS2iHJEZLVerxNiOg%2BKTqUuV8%2F%2FXYoh6oXwRfwvpx3AaPbzCVfzSOQERkkL5jMeG9gUkaDbWpAXSy5758oy66dtryM%2F8eFaE03xUhlPvkVhY2R8uR1G1wFYffUAZKrp5iYKsOWWgWnz8G5k%2BfUlCrrJM2dqUbLGAgy5EkfXiLPBGVDIo2l0gwXsmWxNQRwy58yw140RvUvqQULnVI78FLqRmTxyw1XTguUke%2Bwe%2ByxpuD7aMD22%2BXcJBEj1TqpJ9m%2BVMhjPqocoVc7EMwYtlQ9lDv6Y%2F1gMvqN8h2ZYzyIMPLw979k2Cl%2BNdxzCEbW9VT0YFpZTssnxvsaepsFK6QKrQdsX5ieLtZ6hlEdN52B7VC%2BZcXVS%2F9L8GvysecHQRM3MOg3cTqI9bQhL3RaxiAluNCB0LqbbVrvfy%2FrPG2pgkXjzF5J4vz2yHJjkL3UkZbdFa79P5Tn7tX%2FERli0u%2FnZ3IhM%2FTAjNutdSzUm3LqVZSffVo1CMAxlnx%2FsYWLtChi9fpBYxjOOPj1N5FEq5%2Bqpz02s5K5%2FDXmjwvSmEYFBXtiBxOQasAMKzsN62vKGVuDWdP4PvWBkOq14XfOKDT8rXKg9KuFBru7cNeWSvRpB98BBPmR0swMG8Xb5WTGsum2dQV7bnr9EzIUJ%2FM3gm4Sj8Bo52zHtybFTFOFuJIliQATFzxsoyTtEiLWMj7SWMH0esf1P2u%2BYjCL0PzIBjqxAe6FCce0Sk%2Fey1ZAdTeCBJf%2BtgEVW5VGsY5Iv9bRNw8bdFK%2FEv9nedBRJ%2FY2VMvRsm722ywtHzM%2BCVXAat8qxd3fA5x6kliSvYUQkmp4nABkRa%2FaDm03uq4jy%2FKqYjkEqaQnwOHv5FJXXjmcwf4dtK7%2BLj7xMAv8v%2BoUSmVtrXVHY9%2FzdMXe7rFlvhq4%2FYPzTT8SxTLuD5bCUTSuMM4hZFnZx3amr0C0B12OjgpRdfV%2BhQ%3D%3D&X-Amz-Algorithm=AWS4-HMAC-SHA256&X-Amz-Date=20251120T165154Z&X-Amz-SignedHeaders=host&X-Amz-Credential=ASIAYZTTEKKE4SNNVCUB%2F20251120%2Fus-east-1%2Fs3%2Faws4_request&X-Amz-Expires=300&X-Amz-Signature=b377b5750cf9a7076b359b3ece265fb91812be992a06d3eb62e7a4c3ae1eb96d",
                "Implementating Agency": "Department of Transportation and Public Works ",
                "Infrastructure Type": "Gray",
                "Categories": "Flood Control Infrastructure",
                "Disaster Focus": "Flooding",
                "New 15-25 Words Project Description": "Installing new pumps with all components necessary, drainage structures, slabs, and roadway restoration. ",
                "Project Start Date": "2014",
                "Project End Date": "Null",
                "Project Status": "Completed",
                "OLD * Brief Description of the Project": "None",
                "Estimated Project Cost": "3573278",
                "Additional Comments": ""
            },
            "geometry": {
                "type": "Point",
                "coordinates": [
                    -80.20329489,
                    25.85232708
                ]
            }
        },
        {
            "type": "Feature",
            "properties": {
                "Project Name": "North Miami Ave. Drainage Improvement Project ",
                "Latitude": "25.8529174",
                "Longitude": "-80.19713469",
                "City": "Miami",
                "Link to Data Source": "https://ago-item-storage.s3.amazonaws.com/08b8b0e68486482795574a9380dabdd2/ADAPTATION_PLAN_JANUARY_2022.pdf?X-Amz-Security-Token=IQoJb3JpZ2luX2VjEC8aCXVzLWVhc3QtMSJHMEUCIQCo60%2BFnr4n6jUELV3MjOhR9r%2B31cO6AbY9RMEVXMFGqwIgETzXOLHNJ93IHpqnSm6xtm%2FVQMpLR%2FL86pdc1sapkKgqugUI%2BP%2F%2F%2F%2F%2F%2F%2F%2F%2F%2FARAAGgw2MDQ3NTgxMDI2NjUiDGpwAUh%2FFaC7nLZ9NCqOBYvRr4jK6cg9AmbLKQsoobUvxdx9kLr08fmJz6SJT9lf5utuqbZjmKzxtXfWSuXtkFEEVHxN%2BealVGFD%2FtNcYAHdVe%2F2%2FV1IYEbVV8KlSZD%2BnqVCy6aYLqCZNvMhVYtTCg8HrwWLT5foShXzC4XbUgH6UHND9paS2iHJEZLVerxNiOg%2BKTqUuV8%2F%2FXYoh6oXwRfwvpx3AaPbzCVfzSOQERkkL5jMeG9gUkaDbWpAXSy5758oy66dtryM%2F8eFaE03xUhlPvkVhY2R8uR1G1wFYffUAZKrp5iYKsOWWgWnz8G5k%2BfUlCrrJM2dqUbLGAgy5EkfXiLPBGVDIo2l0gwXsmWxNQRwy58yw140RvUvqQULnVI78FLqRmTxyw1XTguUke%2Bwe%2ByxpuD7aMD22%2BXcJBEj1TqpJ9m%2BVMhjPqocoVc7EMwYtlQ9lDv6Y%2F1gMvqN8h2ZYzyIMPLw979k2Cl%2BNdxzCEbW9VT0YFpZTssnxvsaepsFK6QKrQdsX5ieLtZ6hlEdN52B7VC%2BZcXVS%2F9L8GvysecHQRM3MOg3cTqI9bQhL3RaxiAluNCB0LqbbVrvfy%2FrPG2pgkXjzF5J4vz2yHJjkL3UkZbdFa79P5Tn7tX%2FERli0u%2FnZ3IhM%2FTAjNutdSzUm3LqVZSffVo1CMAxlnx%2FsYWLtChi9fpBYxjOOPj1N5FEq5%2Bqpz02s5K5%2FDXmjwvSmEYFBXtiBxOQasAMKzsN62vKGVuDWdP4PvWBkOq14XfOKDT8rXKg9KuFBru7cNeWSvRpB98BBPmR0swMG8Xb5WTGsum2dQV7bnr9EzIUJ%2FM3gm4Sj8Bo52zHtybFTFOFuJIliQATFzxsoyTtEiLWMj7SWMH0esf1P2u%2BYjCL0PzIBjqxAe6FCce0Sk%2Fey1ZAdTeCBJf%2BtgEVW5VGsY5Iv9bRNw8bdFK%2FEv9nedBRJ%2FY2VMvRsm722ywtHzM%2BCVXAat8qxd3fA5x6kliSvYUQkmp4nABkRa%2FaDm03uq4jy%2FKqYjkEqaQnwOHv5FJXXjmcwf4dtK7%2BLj7xMAv8v%2BoUSmVtrXVHY9%2FzdMXe7rFlvhq4%2FYPzTT8SxTLuD5bCUTSuMM4hZFnZx3amr0C0B12OjgpRdfV%2BhQ%3D%3D&X-Amz-Algorithm=AWS4-HMAC-SHA256&X-Amz-Date=20251120T165154Z&X-Amz-SignedHeaders=host&X-Amz-Credential=ASIAYZTTEKKE4SNNVCUB%2F20251120%2Fus-east-1%2Fs3%2Faws4_request&X-Amz-Expires=300&X-Amz-Signature=b377b5750cf9a7076b359b3ece265fb91812be992a06d3eb62e7a4c3ae1eb96d",
                "Implementating Agency": "Department of Transportation and Public Works ",
                "Infrastructure Type": "Blue",
                "Categories": "Flood Control Infrastructure",
                "Disaster Focus": "Flooding",
                "New 15-25 Words Project Description": "General drainage improvements, and mitigation of flood complaints. ",
                "Project Start Date": "2024",
                "Project End Date": "2025",
                "Project Status": "Completed",
                "OLD * Brief Description of the Project": "None",
                "Estimated Project Cost": "1540000",
                "Additional Comments": ""
            },
            "geometry": {
                "type": "Point",
                "coordinates": [
                    -80.19713469,
                    25.8529174
                ]
            }
        },
        {
            "type": "Feature",
            "properties": {
                "Project Name": "NE 89th. St. -Berm ",
                "Latitude": "25.85639231",
                "Longitude": "-80.17162734",
                "City": "Miami",
                "Link to Data Source": "https://ago-item-storage.s3.amazonaws.com/08b8b0e68486482795574a9380dabdd2/ADAPTATION_PLAN_JANUARY_2022.pdf?X-Amz-Security-Token=IQoJb3JpZ2luX2VjEC8aCXVzLWVhc3QtMSJHMEUCIQCo60%2BFnr4n6jUELV3MjOhR9r%2B31cO6AbY9RMEVXMFGqwIgETzXOLHNJ93IHpqnSm6xtm%2FVQMpLR%2FL86pdc1sapkKgqugUI%2BP%2F%2F%2F%2F%2F%2F%2F%2F%2F%2FARAAGgw2MDQ3NTgxMDI2NjUiDGpwAUh%2FFaC7nLZ9NCqOBYvRr4jK6cg9AmbLKQsoobUvxdx9kLr08fmJz6SJT9lf5utuqbZjmKzxtXfWSuXtkFEEVHxN%2BealVGFD%2FtNcYAHdVe%2F2%2FV1IYEbVV8KlSZD%2BnqVCy6aYLqCZNvMhVYtTCg8HrwWLT5foShXzC4XbUgH6UHND9paS2iHJEZLVerxNiOg%2BKTqUuV8%2F%2FXYoh6oXwRfwvpx3AaPbzCVfzSOQERkkL5jMeG9gUkaDbWpAXSy5758oy66dtryM%2F8eFaE03xUhlPvkVhY2R8uR1G1wFYffUAZKrp5iYKsOWWgWnz8G5k%2BfUlCrrJM2dqUbLGAgy5EkfXiLPBGVDIo2l0gwXsmWxNQRwy58yw140RvUvqQULnVI78FLqRmTxyw1XTguUke%2Bwe%2ByxpuD7aMD22%2BXcJBEj1TqpJ9m%2BVMhjPqocoVc7EMwYtlQ9lDv6Y%2F1gMvqN8h2ZYzyIMPLw979k2Cl%2BNdxzCEbW9VT0YFpZTssnxvsaepsFK6QKrQdsX5ieLtZ6hlEdN52B7VC%2BZcXVS%2F9L8GvysecHQRM3MOg3cTqI9bQhL3RaxiAluNCB0LqbbVrvfy%2FrPG2pgkXjzF5J4vz2yHJjkL3UkZbdFa79P5Tn7tX%2FERli0u%2FnZ3IhM%2FTAjNutdSzUm3LqVZSffVo1CMAxlnx%2FsYWLtChi9fpBYxjOOPj1N5FEq5%2Bqpz02s5K5%2FDXmjwvSmEYFBXtiBxOQasAMKzsN62vKGVuDWdP4PvWBkOq14XfOKDT8rXKg9KuFBru7cNeWSvRpB98BBPmR0swMG8Xb5WTGsum2dQV7bnr9EzIUJ%2FM3gm4Sj8Bo52zHtybFTFOFuJIliQATFzxsoyTtEiLWMj7SWMH0esf1P2u%2BYjCL0PzIBjqxAe6FCce0Sk%2Fey1ZAdTeCBJf%2BtgEVW5VGsY5Iv9bRNw8bdFK%2FEv9nedBRJ%2FY2VMvRsm722ywtHzM%2BCVXAat8qxd3fA5x6kliSvYUQkmp4nABkRa%2FaDm03uq4jy%2FKqYjkEqaQnwOHv5FJXXjmcwf4dtK7%2BLj7xMAv8v%2BoUSmVtrXVHY9%2FzdMXe7rFlvhq4%2FYPzTT8SxTLuD5bCUTSuMM4hZFnZx3amr0C0B12OjgpRdfV%2BhQ%3D%3D&X-Amz-Algorithm=AWS4-HMAC-SHA256&X-Amz-Date=20251120T165154Z&X-Amz-SignedHeaders=host&X-Amz-Credential=ASIAYZTTEKKE4SNNVCUB%2F20251120%2Fus-east-1%2Fs3%2Faws4_request&X-Amz-Expires=300&X-Amz-Signature=b377b5750cf9a7076b359b3ece265fb91812be992a06d3eb62e7a4c3ae1eb96d",
                "Implementating Agency": "Department of Transportation and Public Works ",
                "Infrastructure Type": "Gray",
                "Categories": "Flood Control Infrastructure",
                "Disaster Focus": "Flooding",
                "New 15-25 Words Project Description": "In 2018, Miami Dade County installed a small berm to reduce the tidal flooding on this street. The Water and Sewer Department upgraded the water. ",
                "Project Start Date": "2025",
                "Project End Date": "2026",
                "Project Status": "Completed",
                "OLD * Brief Description of the Project": "None",
                "Estimated Project Cost": "1542044",
                "Additional Comments": ""
            },
            "geometry": {
                "type": "Point",
                "coordinates": [
                    -80.17162734,
                    25.85639231
                ]
            }
        },
        {
            "type": "Feature",
            "properties": {
                "Project Name": "Oakland Grove Mini Park ",
                "Latitude": "25.85304246",
                "Longitude": "-80.1912225",
                "City": "Miami",
                "Link to Data Source": "https://ago-item-storage.s3.amazonaws.com/08b8b0e68486482795574a9380dabdd2/ADAPTATION_PLAN_JANUARY_2022.pdf?X-Amz-Security-Token=IQoJb3JpZ2luX2VjEC8aCXVzLWVhc3QtMSJHMEUCIQCo60%2BFnr4n6jUELV3MjOhR9r%2B31cO6AbY9RMEVXMFGqwIgETzXOLHNJ93IHpqnSm6xtm%2FVQMpLR%2FL86pdc1sapkKgqugUI%2BP%2F%2F%2F%2F%2F%2F%2F%2F%2F%2FARAAGgw2MDQ3NTgxMDI2NjUiDGpwAUh%2FFaC7nLZ9NCqOBYvRr4jK6cg9AmbLKQsoobUvxdx9kLr08fmJz6SJT9lf5utuqbZjmKzxtXfWSuXtkFEEVHxN%2BealVGFD%2FtNcYAHdVe%2F2%2FV1IYEbVV8KlSZD%2BnqVCy6aYLqCZNvMhVYtTCg8HrwWLT5foShXzC4XbUgH6UHND9paS2iHJEZLVerxNiOg%2BKTqUuV8%2F%2FXYoh6oXwRfwvpx3AaPbzCVfzSOQERkkL5jMeG9gUkaDbWpAXSy5758oy66dtryM%2F8eFaE03xUhlPvkVhY2R8uR1G1wFYffUAZKrp5iYKsOWWgWnz8G5k%2BfUlCrrJM2dqUbLGAgy5EkfXiLPBGVDIo2l0gwXsmWxNQRwy58yw140RvUvqQULnVI78FLqRmTxyw1XTguUke%2Bwe%2ByxpuD7aMD22%2BXcJBEj1TqpJ9m%2BVMhjPqocoVc7EMwYtlQ9lDv6Y%2F1gMvqN8h2ZYzyIMPLw979k2Cl%2BNdxzCEbW9VT0YFpZTssnxvsaepsFK6QKrQdsX5ieLtZ6hlEdN52B7VC%2BZcXVS%2F9L8GvysecHQRM3MOg3cTqI9bQhL3RaxiAluNCB0LqbbVrvfy%2FrPG2pgkXjzF5J4vz2yHJjkL3UkZbdFa79P5Tn7tX%2FERli0u%2FnZ3IhM%2FTAjNutdSzUm3LqVZSffVo1CMAxlnx%2FsYWLtChi9fpBYxjOOPj1N5FEq5%2Bqpz02s5K5%2FDXmjwvSmEYFBXtiBxOQasAMKzsN62vKGVuDWdP4PvWBkOq14XfOKDT8rXKg9KuFBru7cNeWSvRpB98BBPmR0swMG8Xb5WTGsum2dQV7bnr9EzIUJ%2FM3gm4Sj8Bo52zHtybFTFOFuJIliQATFzxsoyTtEiLWMj7SWMH0esf1P2u%2BYjCL0PzIBjqxAe6FCce0Sk%2Fey1ZAdTeCBJf%2BtgEVW5VGsY5Iv9bRNw8bdFK%2FEv9nedBRJ%2FY2VMvRsm722ywtHzM%2BCVXAat8qxd3fA5x6kliSvYUQkmp4nABkRa%2FaDm03uq4jy%2FKqYjkEqaQnwOHv5FJXXjmcwf4dtK7%2BLj7xMAv8v%2BoUSmVtrXVHY9%2FzdMXe7rFlvhq4%2FYPzTT8SxTLuD5bCUTSuMM4hZFnZx3amr0C0B12OjgpRdfV%2BhQ%3D%3D&X-Amz-Algorithm=AWS4-HMAC-SHA256&X-Amz-Date=20251120T165154Z&X-Amz-SignedHeaders=host&X-Amz-Credential=ASIAYZTTEKKE4SNNVCUB%2F20251120%2Fus-east-1%2Fs3%2Faws4_request&X-Amz-Expires=300&X-Amz-Signature=b377b5750cf9a7076b359b3ece265fb91812be992a06d3eb62e7a4c3ae1eb96d",
                "Implementating Agency": "City of Miami Parks and Recreation ",
                "Infrastructure Type": "Green",
                "Categories": "Green Infrastructure",
                "Disaster Focus": "Extreme Heat",
                "New 15-25 Words Project Description": "Replace observation deck, and install walkway lighting bollards and sod. ",
                "Project Start Date": "2024",
                "Project End Date": "2025",
                "Project Status": "Completed",
                "OLD * Brief Description of the Project": "None",
                "Estimated Project Cost": "287000",
                "Additional Comments": ""
            },
            "geometry": {
                "type": "Point",
                "coordinates": [
                    -80.1912225,
                    25.85304246
                ]
            }
        },
        {
            "type": "Feature",
            "properties": {
                "Project Name": "NE 89th St. Water Pipe Installation ",
                "Latitude": "25.85772004",
                "Longitude": "-80.17577972",
                "City": "Miami",
                "Link to Data Source": "https://ago-item-storage.s3.amazonaws.com/08b8b0e68486482795574a9380dabdd2/ADAPTATION_PLAN_JANUARY_2022.pdf?X-Amz-Security-Token=IQoJb3JpZ2luX2VjEC8aCXVzLWVhc3QtMSJHMEUCIQCo60%2BFnr4n6jUELV3MjOhR9r%2B31cO6AbY9RMEVXMFGqwIgETzXOLHNJ93IHpqnSm6xtm%2FVQMpLR%2FL86pdc1sapkKgqugUI%2BP%2F%2F%2F%2F%2F%2F%2F%2F%2F%2FARAAGgw2MDQ3NTgxMDI2NjUiDGpwAUh%2FFaC7nLZ9NCqOBYvRr4jK6cg9AmbLKQsoobUvxdx9kLr08fmJz6SJT9lf5utuqbZjmKzxtXfWSuXtkFEEVHxN%2BealVGFD%2FtNcYAHdVe%2F2%2FV1IYEbVV8KlSZD%2BnqVCy6aYLqCZNvMhVYtTCg8HrwWLT5foShXzC4XbUgH6UHND9paS2iHJEZLVerxNiOg%2BKTqUuV8%2F%2FXYoh6oXwRfwvpx3AaPbzCVfzSOQERkkL5jMeG9gUkaDbWpAXSy5758oy66dtryM%2F8eFaE03xUhlPvkVhY2R8uR1G1wFYffUAZKrp5iYKsOWWgWnz8G5k%2BfUlCrrJM2dqUbLGAgy5EkfXiLPBGVDIo2l0gwXsmWxNQRwy58yw140RvUvqQULnVI78FLqRmTxyw1XTguUke%2Bwe%2ByxpuD7aMD22%2BXcJBEj1TqpJ9m%2BVMhjPqocoVc7EMwYtlQ9lDv6Y%2F1gMvqN8h2ZYzyIMPLw979k2Cl%2BNdxzCEbW9VT0YFpZTssnxvsaepsFK6QKrQdsX5ieLtZ6hlEdN52B7VC%2BZcXVS%2F9L8GvysecHQRM3MOg3cTqI9bQhL3RaxiAluNCB0LqbbVrvfy%2FrPG2pgkXjzF5J4vz2yHJjkL3UkZbdFa79P5Tn7tX%2FERli0u%2FnZ3IhM%2FTAjNutdSzUm3LqVZSffVo1CMAxlnx%2FsYWLtChi9fpBYxjOOPj1N5FEq5%2Bqpz02s5K5%2FDXmjwvSmEYFBXtiBxOQasAMKzsN62vKGVuDWdP4PvWBkOq14XfOKDT8rXKg9KuFBru7cNeWSvRpB98BBPmR0swMG8Xb5WTGsum2dQV7bnr9EzIUJ%2FM3gm4Sj8Bo52zHtybFTFOFuJIliQATFzxsoyTtEiLWMj7SWMH0esf1P2u%2BYjCL0PzIBjqxAe6FCce0Sk%2Fey1ZAdTeCBJf%2BtgEVW5VGsY5Iv9bRNw8bdFK%2FEv9nedBRJ%2FY2VMvRsm722ywtHzM%2BCVXAat8qxd3fA5x6kliSvYUQkmp4nABkRa%2FaDm03uq4jy%2FKqYjkEqaQnwOHv5FJXXjmcwf4dtK7%2BLj7xMAv8v%2BoUSmVtrXVHY9%2FzdMXe7rFlvhq4%2FYPzTT8SxTLuD5bCUTSuMM4hZFnZx3amr0C0B12OjgpRdfV%2BhQ%3D%3D&X-Amz-Algorithm=AWS4-HMAC-SHA256&X-Amz-Date=20251120T165154Z&X-Amz-SignedHeaders=host&X-Amz-Credential=ASIAYZTTEKKE4SNNVCUB%2F20251120%2Fus-east-1%2Fs3%2Faws4_request&X-Amz-Expires=300&X-Amz-Signature=b377b5750cf9a7076b359b3ece265fb91812be992a06d3eb62e7a4c3ae1eb96d",
                "Implementating Agency": "Miami-Dade County Water and Sewer Depatment ",
                "Infrastructure Type": "Gray",
                "Categories": "Public Facilities",
                "Disaster Focus": "Critical Infrastructure",
                "New 15-25 Words Project Description": "Install approximately 1700 LF of 8 inch DIP water main. ",
                "Project Start Date": "2021",
                "Project End Date": "2022",
                "Project Status": "Completed",
                "OLD * Brief Description of the Project": "None",
                "Estimated Project Cost": "390000",
                "Additional Comments": ""
            },
            "geometry": {
                "type": "Point",
                "coordinates": [
                    -80.17577972,
                    25.85772004
                ]
            }
        },
        {
            "type": "Feature",
            "properties": {
                "Project Name": "Required Connections to Sewer Systems ",
                "Latitude": "25.84980525",
                "Longitude": "-80.19296214",
                "City": "Miami",
                "Link to Data Source": "https://ago-item-storage.s3.amazonaws.com/08b8b0e68486482795574a9380dabdd2/ADAPTATION_PLAN_JANUARY_2022.pdf?X-Amz-Security-Token=IQoJb3JpZ2luX2VjEC8aCXVzLWVhc3QtMSJHMEUCIQCo60%2BFnr4n6jUELV3MjOhR9r%2B31cO6AbY9RMEVXMFGqwIgETzXOLHNJ93IHpqnSm6xtm%2FVQMpLR%2FL86pdc1sapkKgqugUI%2BP%2F%2F%2F%2F%2F%2F%2F%2F%2F%2FARAAGgw2MDQ3NTgxMDI2NjUiDGpwAUh%2FFaC7nLZ9NCqOBYvRr4jK6cg9AmbLKQsoobUvxdx9kLr08fmJz6SJT9lf5utuqbZjmKzxtXfWSuXtkFEEVHxN%2BealVGFD%2FtNcYAHdVe%2F2%2FV1IYEbVV8KlSZD%2BnqVCy6aYLqCZNvMhVYtTCg8HrwWLT5foShXzC4XbUgH6UHND9paS2iHJEZLVerxNiOg%2BKTqUuV8%2F%2FXYoh6oXwRfwvpx3AaPbzCVfzSOQERkkL5jMeG9gUkaDbWpAXSy5758oy66dtryM%2F8eFaE03xUhlPvkVhY2R8uR1G1wFYffUAZKrp5iYKsOWWgWnz8G5k%2BfUlCrrJM2dqUbLGAgy5EkfXiLPBGVDIo2l0gwXsmWxNQRwy58yw140RvUvqQULnVI78FLqRmTxyw1XTguUke%2Bwe%2ByxpuD7aMD22%2BXcJBEj1TqpJ9m%2BVMhjPqocoVc7EMwYtlQ9lDv6Y%2F1gMvqN8h2ZYzyIMPLw979k2Cl%2BNdxzCEbW9VT0YFpZTssnxvsaepsFK6QKrQdsX5ieLtZ6hlEdN52B7VC%2BZcXVS%2F9L8GvysecHQRM3MOg3cTqI9bQhL3RaxiAluNCB0LqbbVrvfy%2FrPG2pgkXjzF5J4vz2yHJjkL3UkZbdFa79P5Tn7tX%2FERli0u%2FnZ3IhM%2FTAjNutdSzUm3LqVZSffVo1CMAxlnx%2FsYWLtChi9fpBYxjOOPj1N5FEq5%2Bqpz02s5K5%2FDXmjwvSmEYFBXtiBxOQasAMKzsN62vKGVuDWdP4PvWBkOq14XfOKDT8rXKg9KuFBru7cNeWSvRpB98BBPmR0swMG8Xb5WTGsum2dQV7bnr9EzIUJ%2FM3gm4Sj8Bo52zHtybFTFOFuJIliQATFzxsoyTtEiLWMj7SWMH0esf1P2u%2BYjCL0PzIBjqxAe6FCce0Sk%2Fey1ZAdTeCBJf%2BtgEVW5VGsY5Iv9bRNw8bdFK%2FEv9nedBRJ%2FY2VMvRsm722ywtHzM%2BCVXAat8qxd3fA5x6kliSvYUQkmp4nABkRa%2FaDm03uq4jy%2FKqYjkEqaQnwOHv5FJXXjmcwf4dtK7%2BLj7xMAv8v%2BoUSmVtrXVHY9%2FzdMXe7rFlvhq4%2FYPzTT8SxTLuD5bCUTSuMM4hZFnZx3amr0C0B12OjgpRdfV%2BhQ%3D%3D&X-Amz-Algorithm=AWS4-HMAC-SHA256&X-Amz-Date=20251120T165154Z&X-Amz-SignedHeaders=host&X-Amz-Credential=ASIAYZTTEKKE4SNNVCUB%2F20251120%2Fus-east-1%2Fs3%2Faws4_request&X-Amz-Expires=300&X-Amz-Signature=b377b5750cf9a7076b359b3ece265fb91812be992a06d3eb62e7a4c3ae1eb96d",
                "Implementating Agency": "Miami-Dade County Regulatory and Economic Resources ",
                "Infrastructure Type": "Gray",
                "Categories": "Public Facilities",
                "Disaster Focus": "Critical Infrastructure",
                "New 15-25 Words Project Description": "Convert their septic system to the centralized sewer system. Issued a notice of required connection for improvements to the property. ",
                "Project Start Date": "2025",
                "Project End Date": "Null ",
                "Project Status": "Completed",
                "OLD * Brief Description of the Project": "None",
                "Estimated Project Cost": "",
                "Additional Comments": ""
            },
            "geometry": {
                "type": "Point",
                "coordinates": [
                    -80.19296214,
                    25.84980525
                ]
            }
        },
        {
            "type": "Feature",
            "properties": {
                "Project Name": "El Portal Septic to Sewer Phase 1",
                "Latitude": "25.85626046",
                "Longitude": "-80.20243001",
                "City": "Miami",
                "Link to Data Source": "https://ago-item-storage.s3.amazonaws.com/08b8b0e68486482795574a9380dabdd2/ADAPTATION_PLAN_JANUARY_2022.pdf?X-Amz-Security-Token=IQoJb3JpZ2luX2VjEC8aCXVzLWVhc3QtMSJHMEUCIQCo60%2BFnr4n6jUELV3MjOhR9r%2B31cO6AbY9RMEVXMFGqwIgETzXOLHNJ93IHpqnSm6xtm%2FVQMpLR%2FL86pdc1sapkKgqugUI%2BP%2F%2F%2F%2F%2F%2F%2F%2F%2F%2FARAAGgw2MDQ3NTgxMDI2NjUiDGpwAUh%2FFaC7nLZ9NCqOBYvRr4jK6cg9AmbLKQsoobUvxdx9kLr08fmJz6SJT9lf5utuqbZjmKzxtXfWSuXtkFEEVHxN%2BealVGFD%2FtNcYAHdVe%2F2%2FV1IYEbVV8KlSZD%2BnqVCy6aYLqCZNvMhVYtTCg8HrwWLT5foShXzC4XbUgH6UHND9paS2iHJEZLVerxNiOg%2BKTqUuV8%2F%2FXYoh6oXwRfwvpx3AaPbzCVfzSOQERkkL5jMeG9gUkaDbWpAXSy5758oy66dtryM%2F8eFaE03xUhlPvkVhY2R8uR1G1wFYffUAZKrp5iYKsOWWgWnz8G5k%2BfUlCrrJM2dqUbLGAgy5EkfXiLPBGVDIo2l0gwXsmWxNQRwy58yw140RvUvqQULnVI78FLqRmTxyw1XTguUke%2Bwe%2ByxpuD7aMD22%2BXcJBEj1TqpJ9m%2BVMhjPqocoVc7EMwYtlQ9lDv6Y%2F1gMvqN8h2ZYzyIMPLw979k2Cl%2BNdxzCEbW9VT0YFpZTssnxvsaepsFK6QKrQdsX5ieLtZ6hlEdN52B7VC%2BZcXVS%2F9L8GvysecHQRM3MOg3cTqI9bQhL3RaxiAluNCB0LqbbVrvfy%2FrPG2pgkXjzF5J4vz2yHJjkL3UkZbdFa79P5Tn7tX%2FERli0u%2FnZ3IhM%2FTAjNutdSzUm3LqVZSffVo1CMAxlnx%2FsYWLtChi9fpBYxjOOPj1N5FEq5%2Bqpz02s5K5%2FDXmjwvSmEYFBXtiBxOQasAMKzsN62vKGVuDWdP4PvWBkOq14XfOKDT8rXKg9KuFBru7cNeWSvRpB98BBPmR0swMG8Xb5WTGsum2dQV7bnr9EzIUJ%2FM3gm4Sj8Bo52zHtybFTFOFuJIliQATFzxsoyTtEiLWMj7SWMH0esf1P2u%2BYjCL0PzIBjqxAe6FCce0Sk%2Fey1ZAdTeCBJf%2BtgEVW5VGsY5Iv9bRNw8bdFK%2FEv9nedBRJ%2FY2VMvRsm722ywtHzM%2BCVXAat8qxd3fA5x6kliSvYUQkmp4nABkRa%2FaDm03uq4jy%2FKqYjkEqaQnwOHv5FJXXjmcwf4dtK7%2BLj7xMAv8v%2BoUSmVtrXVHY9%2FzdMXe7rFlvhq4%2FYPzTT8SxTLuD5bCUTSuMM4hZFnZx3amr0C0B12OjgpRdfV%2BhQ%3D%3D&X-Amz-Algorithm=AWS4-HMAC-SHA256&X-Amz-Date=20251120T165154Z&X-Amz-SignedHeaders=host&X-Amz-Credential=ASIAYZTTEKKE4SNNVCUB%2F20251120%2Fus-east-1%2Fs3%2Faws4_request&X-Amz-Expires=300&X-Amz-Signature=b377b5750cf9a7076b359b3ece265fb91812be992a06d3eb62e7a4c3ae1eb96d",
                "Implementating Agency": "Village of El Portal",
                "Infrastructure Type": "Gray",
                "Categories": "Public Facilities",
                "Disaster Focus": "Critical Infrastructure",
                "New 15-25 Words Project Description": "Connecting Horace Mann Middle School to centralized sewer system is 90% designed. Working to get easement. ",
                "Project Start Date": "2025",
                "Project End Date": "Null",
                "Project Status": "Ongoing",
                "OLD * Brief Description of the Project": "None",
                "Estimated Project Cost": "3400000",
                "Additional Comments": ""
            },
            "geometry": {
                "type": "Point",
                "coordinates": [
                    -80.20243001,
                    25.85626046
                ]
            }
        },
        {
            "type": "Feature",
            "properties": {
                "Project Name": "Lake Belmar Basin Drainage Improvements ",
                "Latitude": "25.85928335",
                "Longitude": "-80.17585623",
                "City": "Miami",
                "Link to Data Source": "https://ago-item-storage.s3.amazonaws.com/08b8b0e68486482795574a9380dabdd2/ADAPTATION_PLAN_JANUARY_2022.pdf?X-Amz-Security-Token=IQoJb3JpZ2luX2VjEC8aCXVzLWVhc3QtMSJHMEUCIQCo60%2BFnr4n6jUELV3MjOhR9r%2B31cO6AbY9RMEVXMFGqwIgETzXOLHNJ93IHpqnSm6xtm%2FVQMpLR%2FL86pdc1sapkKgqugUI%2BP%2F%2F%2F%2F%2F%2F%2F%2F%2F%2FARAAGgw2MDQ3NTgxMDI2NjUiDGpwAUh%2FFaC7nLZ9NCqOBYvRr4jK6cg9AmbLKQsoobUvxdx9kLr08fmJz6SJT9lf5utuqbZjmKzxtXfWSuXtkFEEVHxN%2BealVGFD%2FtNcYAHdVe%2F2%2FV1IYEbVV8KlSZD%2BnqVCy6aYLqCZNvMhVYtTCg8HrwWLT5foShXzC4XbUgH6UHND9paS2iHJEZLVerxNiOg%2BKTqUuV8%2F%2FXYoh6oXwRfwvpx3AaPbzCVfzSOQERkkL5jMeG9gUkaDbWpAXSy5758oy66dtryM%2F8eFaE03xUhlPvkVhY2R8uR1G1wFYffUAZKrp5iYKsOWWgWnz8G5k%2BfUlCrrJM2dqUbLGAgy5EkfXiLPBGVDIo2l0gwXsmWxNQRwy58yw140RvUvqQULnVI78FLqRmTxyw1XTguUke%2Bwe%2ByxpuD7aMD22%2BXcJBEj1TqpJ9m%2BVMhjPqocoVc7EMwYtlQ9lDv6Y%2F1gMvqN8h2ZYzyIMPLw979k2Cl%2BNdxzCEbW9VT0YFpZTssnxvsaepsFK6QKrQdsX5ieLtZ6hlEdN52B7VC%2BZcXVS%2F9L8GvysecHQRM3MOg3cTqI9bQhL3RaxiAluNCB0LqbbVrvfy%2FrPG2pgkXjzF5J4vz2yHJjkL3UkZbdFa79P5Tn7tX%2FERli0u%2FnZ3IhM%2FTAjNutdSzUm3LqVZSffVo1CMAxlnx%2FsYWLtChi9fpBYxjOOPj1N5FEq5%2Bqpz02s5K5%2FDXmjwvSmEYFBXtiBxOQasAMKzsN62vKGVuDWdP4PvWBkOq14XfOKDT8rXKg9KuFBru7cNeWSvRpB98BBPmR0swMG8Xb5WTGsum2dQV7bnr9EzIUJ%2FM3gm4Sj8Bo52zHtybFTFOFuJIliQATFzxsoyTtEiLWMj7SWMH0esf1P2u%2BYjCL0PzIBjqxAe6FCce0Sk%2Fey1ZAdTeCBJf%2BtgEVW5VGsY5Iv9bRNw8bdFK%2FEv9nedBRJ%2FY2VMvRsm722ywtHzM%2BCVXAat8qxd3fA5x6kliSvYUQkmp4nABkRa%2FaDm03uq4jy%2FKqYjkEqaQnwOHv5FJXXjmcwf4dtK7%2BLj7xMAv8v%2BoUSmVtrXVHY9%2FzdMXe7rFlvhq4%2FYPzTT8SxTLuD5bCUTSuMM4hZFnZx3amr0C0B12OjgpRdfV%2BhQ%3D%3D&X-Amz-Algorithm=AWS4-HMAC-SHA256&X-Amz-Date=20251120T165154Z&X-Amz-SignedHeaders=host&X-Amz-Credential=ASIAYZTTEKKE4SNNVCUB%2F20251120%2Fus-east-1%2Fs3%2Faws4_request&X-Amz-Expires=300&X-Amz-Signature=b377b5750cf9a7076b359b3ece265fb91812be992a06d3eb62e7a4c3ae1eb96d",
                "Implementating Agency": "Department of Transportation and Public Works ",
                "Infrastructure Type": "Hybrid",
                "Categories": "Flood Control Infrastructure",
                "Disaster Focus": "Flooding",
                "New 15-25 Words Project Description": "French drains and other drainage infrastructure installed to help alleviate flooding issues along the canal. ",
                "Project Start Date": "2025",
                "Project End Date": "2026",
                "Project Status": "Completed",
                "OLD * Brief Description of the Project": "None",
                "Estimated Project Cost": "1200000",
                "Additional Comments": ""
            },
            "geometry": {
                "type": "Point",
                "coordinates": [
                    -80.17585623,
                    25.85928335
                ]
            }
        },
        {
            "type": "Feature",
            "properties": {
                "Project Name": "Right of Way Improvements by South Shenandoah Mini Park ",
                "Latitude": "25.76164477",
                "Longitude": "-80.22643629",
                "City": "Miami",
                "Link to Data Source": "https://www.miami.gov/My-Government/Departments/Office-of-Capital-Improvements/Capital-Improvements-Projects-Construction-Notices-Per-District/District-4-Capital-Improvements-Projects/Right-of-Way-Improvements-by-South-Shenandoah-Mini-Park",
                "Implementating Agency": "Department of Parks and Recreation",
                "Infrastructure Type": "Gray",
                "Categories": "Flood Control Infrastructure",
                "Disaster Focus": "Flooding",
                "New 15-25 Words Project Description": "Roadway restoration, drainage improvements, and accessibility to ramps. ",
                "Project Start Date": "2019",
                "Project End Date": "2020",
                "Project Status": "Completed",
                "OLD * Brief Description of the Project": "None",
                "Estimated Project Cost": "933326",
                "Additional Comments": ""
            },
            "geometry": {
                "type": "Point",
                "coordinates": [
                    -80.22643629,
                    25.76164477
                ]
            }
        },
        {
            "type": "Feature",
            "properties": {
                "Project Name": "NE 29PL & Aventura Boulevard",
                "Latitude": "25.96158603",
                "Longitude": "-80.141874",
                "City": "Aventura",
                "Link to Data Source": "https://www.miamidade.gov/resources/emergency/documents/lms-part-2-the-projects.pdf",
                "Implementating Agency": "City of Aventura",
                "Infrastructure Type": "Gray",
                "Categories": "Flood Control Infrastructure",
                "Disaster Focus": "Flooding",
                "New 15-25 Words Project Description": "Aventura boulevard flood protective infrastructure in the vicinity of aventura boulevard, aventura mall, and aventura brightline station",
                "Project Start Date": "2020",
                "Project End Date": "2021",
                "Project Status": "Completed",
                "OLD * Brief Description of the Project": "None",
                "Estimated Project Cost": "247000",
                "Additional Comments": "page 22 of the link"
            },
            "geometry": {
                "type": "Point",
                "coordinates": [
                    -80.141874,
                    25.96158603
                ]
            }
        },
        {
            "type": "Feature",
            "properties": {
                "Project Name": "Yacht Club Drive Drainage Improvements ",
                "Latitude": "25.97312751",
                "Longitude": "-80.13400439",
                "City": "Aventura",
                "Link to Data Source": "https://www.miamidade.gov/resources/emergency/documents/lms-part-2-the-projects.pdf",
                "Implementating Agency": "Secured City of Aventura",
                "Infrastructure Type": "Gray",
                "Categories": "Flood Control Infrastructure",
                "Disaster Focus": "Flooding",
                "New 15-25 Words Project Description": "drainage improvements",
                "Project Start Date": "2020",
                "Project End Date": "2021",
                "Project Status": "Completed",
                "OLD * Brief Description of the Project": "None",
                "Estimated Project Cost": "750000",
                "Additional Comments": "page 22 of the link"
            },
            "geometry": {
                "type": "Point",
                "coordinates": [
                    -80.13400439,
                    25.97312751
                ]
            }
        },
        {
            "type": "Feature",
            "properties": {
                "Project Name": "Yacht Club Drive Seawall Repairs ",
                "Latitude": "25.973895",
                "Longitude": "-80.129809",
                "City": "Aventura",
                "Link to Data Source": "https://www.miamidade.gov/resources/emergency/documents/lms-part-2-the-projects.pdf",
                "Implementating Agency": "City of Aventura",
                "Infrastructure Type": "Gray",
                "Categories": "Flood Control Infrastructure",
                "Disaster Focus": "Flooding",
                "New 15-25 Words Project Description": "seawall repairs",
                "Project Start Date": "2020",
                "Project End Date": "2021",
                "Project Status": "Completed",
                "OLD * Brief Description of the Project": "None",
                "Estimated Project Cost": "491000",
                "Additional Comments": "page 22 of the link"
            },
            "geometry": {
                "type": "Point",
                "coordinates": [
                    -80.129809,
                    25.973895
                ]
            }
        },
        {
            "type": "Feature",
            "properties": {
                "Project Name": "Replace Above Ground Fuel Tank",
                "Latitude": "25.81323771",
                "Longitude": "-80.14157704",
                "City": "Miami Beach ",
                "Link to Data Source": "https://www.miamidade.gov/resources/emergency/documents/lms-part-2-the-projects.pdf",
                "Implementating Agency": "Mount Sinai?",
                "Infrastructure Type": "Gray",
                "Categories": "Sustainability Initiatives",
                "Disaster Focus": "Critical Infrastructure",
                "New 15-25 Words Project Description": "Replace Above Ground Fuel Tank",
                "Project Start Date": "",
                "Project End Date": "2022",
                "Project Status": "Completed",
                "OLD * Brief Description of the Project": "None",
                "Estimated Project Cost": "2247478.15",
                "Additional Comments": "page 22 of the link"
            },
            "geometry": {
                "type": "Point",
                "coordinates": [
                    -80.14157704,
                    25.81323771
                ]
            }
        },
        {
            "type": "Feature",
            "properties": {
                "Project Name": "Utility Bridge Hardening",
                "Latitude": "25.81323771",
                "Longitude": "-80.14157704",
                "City": "Miami Beach ",
                "Link to Data Source": "https://www.miamidade.gov/resources/emergency/documents/lms-part-2-the-projects.pdf",
                "Implementating Agency": "Mount Sinai?",
                "Infrastructure Type": "Gray",
                "Categories": "Sustainability Initiatives",
                "Disaster Focus": "Critical Infrastructure",
                "New 15-25 Words Project Description": "utility bridge hardening",
                "Project Start Date": "",
                "Project End Date": "2022",
                "Project Status": "Completed",
                "OLD * Brief Description of the Project": "None",
                "Estimated Project Cost": "759622.04",
                "Additional Comments": "page 22 of the link"
            },
            "geometry": {
                "type": "Point",
                "coordinates": [
                    -80.14157704,
                    25.81323771
                ]
            }
        },
        {
            "type": "Feature",
            "properties": {
                "Project Name": "Palmetto Island Drainage (Phase I)",
                "Latitude": "25.65022672",
                "Longitude": "-80.30721936",
                "City": "Pinecrest ",
                "Link to Data Source": "https://www.miamidade.gov/resources/emergency/documents/lms-part-2-the-projects.pdf",
                "Implementating Agency": "pinecrest?",
                "Infrastructure Type": "Gray",
                "Categories": "Flood Control Infrastructure",
                "Disaster Focus": "Flooding",
                "New 15-25 Words Project Description": "drainage imporvements",
                "Project Start Date": "",
                "Project End Date": "None",
                "Project Status": "Ongoing",
                "OLD * Brief Description of the Project": "None",
                "Estimated Project Cost": "750000",
                "Additional Comments": "page 22 of the link"
            },
            "geometry": {
                "type": "Point",
                "coordinates": [
                    -80.30721936,
                    25.65022672
                ]
            }
        },
        {
            "type": "Feature",
            "properties": {
                "Project Name": "Police Station Headquarters Garage Drainage Improvements ",
                "Latitude": "25.78255485",
                "Longitude": "-80.13335146",
                "City": "Miami Beach ",
                "Link to Data Source": "https://www.miamidade.gov/resources/emergency/documents/lms-part-2-the-projects.pdf",
                "Implementating Agency": "FEMA Hazard Mitigation Grant Program",
                "Infrastructure Type": "Gray",
                "Categories": "Flood Control Infrastructure",
                "Disaster Focus": "Flooding",
                "New 15-25 Words Project Description": "police station garage drainage improvements",
                "Project Start Date": "2025",
                "Project End Date": "None",
                "Project Status": "Funding Secured",
                "OLD * Brief Description of the Project": "None",
                "Estimated Project Cost": "",
                "Additional Comments": "page 22 of the link"
            },
            "geometry": {
                "type": "Point",
                "coordinates": [
                    -80.13335146,
                    25.78255485
                ]
            }
        },
        {
            "type": "Feature",
            "properties": {
                "Project Name": "Larchmont Drainage Retrofit Project",
                "Latitude": "25.85232708",
                "Longitude": "-80.20329489",
                "City": "Miami",
                "Link to Data Source": "https://www.miamidade.gov/resources/emergency/documents/lms-part-2-the-projects.pdf",
                "Implementating Agency": "Public Works Miami Dade County",
                "Infrastructure Type": "Gray",
                "Categories": "Flood Control Infrastructure",
                "Disaster Focus": "Flooding",
                "New 15-25 Words Project Description": "draiange retrofit improvements",
                "Project Start Date": "",
                "Project End Date": "None",
                "Project Status": "Funding Not Yet Secured",
                "OLD * Brief Description of the Project": "None",
                "Estimated Project Cost": "1000000",
                "Additional Comments": "page 22 of the link"
            },
            "geometry": {
                "type": "Point",
                "coordinates": [
                    -80.20329489,
                    25.85232708
                ]
            }
        },
        {
            "type": "Feature",
            "properties": {
                "Project Name": "CRS Activity 420 Open Space Preservation",
                "Latitude": "25.5593187",
                "Longitude": "-80.34774842",
                "City": "Cutler Bay",
                "Link to Data Source": "https://www.miamidade.gov/resources/emergency/documents/lms-part-2-the-projects.pdf",
                "Implementating Agency": "Building Resilient Infrastructure and Communities (BRIC)",
                "Infrastructure Type": "Green",
                "Categories": "Flood Control Infrastructure",
                "Disaster Focus": "Flooding",
                "New 15-25 Words Project Description": "Project details undisclosed",
                "Project Start Date": "",
                "Project End Date": "None",
                "Project Status": "Funding Not Yet Secured",
                "OLD * Brief Description of the Project": "None",
                "Estimated Project Cost": "8000000",
                "Additional Comments": "page 23 of the link"
            },
            "geometry": {
                "type": "Point",
                "coordinates": [
                    -80.34774842,
                    25.5593187
                ]
            }
        },
        {
            "type": "Feature",
            "properties": {
                "Project Name": "West Lakes Drainage Improvements Project Phase IV  ",
                "Latitude": "25.909157",
                "Longitude": "-80.344905",
                "City": "Miami Lakes",
                "Link to Data Source": "https://www.miamidade.gov/resources/emergency/documents/lms-part-2-the-projects.pdf",
                "Implementating Agency": "FEMA Hazard Mitigation Grants Program",
                "Infrastructure Type": "Hybrid",
                "Categories": "Flood Control Infrastructure",
                "Disaster Focus": "Flooding",
                "New 15-25 Words Project Description": "drainage improvement",
                "Project Start Date": "2023",
                "Project End Date": "None",
                "Project Status": "Funding Secured",
                "OLD * Brief Description of the Project": "None",
                "Estimated Project Cost": "",
                "Additional Comments": "page 23 of the link"
            },
            "geometry": {
                "type": "Point",
                "coordinates": [
                    -80.344905,
                    25.909157
                ]
            }
        },
        {
            "type": "Feature",
            "properties": {
                "Project Name": "King's Bay Septic to Sewer Conversion ",
                "Latitude": "25.635247",
                "Longitude": "-80.296901",
                "City": "Coral Gables",
                "Link to Data Source": "https://www.miamidade.gov/resources/emergency/documents/lms-part-2-the-projects.pdf",
                "Implementating Agency": "None",
                "Infrastructure Type": "Hybrid",
                "Categories": "Public Facilities",
                "Disaster Focus": "Critical Infrastructure",
                "New 15-25 Words Project Description": "king's bay septic to sewer conversion",
                "Project Start Date": "",
                "Project End Date": "None",
                "Project Status": "Funding Not Yet Secured",
                "OLD * Brief Description of the Project": "None",
                "Estimated Project Cost": "4500000",
                "Additional Comments": "page 23 of the link"
            },
            "geometry": {
                "type": "Point",
                "coordinates": [
                    -80.296901,
                    25.635247
                ]
            }
        },
        {
            "type": "Feature",
            "properties": {
                "Project Name": "Seal and Paint Exterior DHM Patient Tower ",
                "Latitude": "25.81333574",
                "Longitude": "-80.14145806",
                "City": "Aventura",
                "Link to Data Source": "https://www.miamidade.gov/resources/emergency/documents/lms-part-2-the-projects.pdf",
                "Implementating Agency": "Hospital Funded",
                "Infrastructure Type": "Gray",
                "Categories": "Public Facilities",
                "Disaster Focus": "Critical Infrastructure",
                "New 15-25 Words Project Description": "Seal and Paint Exterior DHM Patient Tower ",
                "Project Start Date": "2023",
                "Project End Date": "None",
                "Project Status": "Ongoing",
                "OLD * Brief Description of the Project": "None",
                "Estimated Project Cost": "1920104",
                "Additional Comments": "page 23 of the link"
            },
            "geometry": {
                "type": "Point",
                "coordinates": [
                    -80.14145806,
                    25.81333574
                ]
            }
        },
        {
            "type": "Feature",
            "properties": {
                "Project Name": "Beach Club Sewer Extension",
                "Latitude": "25.689688",
                "Longitude": "-80.15725499",
                "City": "Key Biscayne",
                "Link to Data Source": "https://www.miamidade.gov/resources/emergency/documents/lms-part-2-the-projects.pdf",
                "Implementating Agency": "ARP",
                "Infrastructure Type": "Gray",
                "Categories": "Public Facilities",
                "Disaster Focus": "Flooding",
                "New 15-25 Words Project Description": "Beach Club Sewer Extension",
                "Project Start Date": "",
                "Project End Date": "2022",
                "Project Status": "Completed",
                "OLD * Brief Description of the Project": "None",
                "Estimated Project Cost": "42000",
                "Additional Comments": "page 23 of the link"
            },
            "geometry": {
                "type": "Point",
                "coordinates": [
                    -80.15725499,
                    25.689688
                ]
            }
        },
        {
            "type": "Feature",
            "properties": {
                "Project Name": "NW 187 Street Drainage and Sidewalk Curbing Improvement Project (from NW 33-34 Court)",
                "Latitude": "25.9442696",
                "Longitude": "-80.25596016",
                "City": "Miami Gardens ",
                "Link to Data Source": "https://www.miamidade.gov/resources/emergency/documents/lms-part-2-the-projects.pdf",
                "Implementating Agency": "None",
                "Infrastructure Type": "Hybrid",
                "Categories": "Flood Control Infrastructure",
                "Disaster Focus": "Flooding",
                "New 15-25 Words Project Description": "Project details undisclosed",
                "Project Start Date": "",
                "Project End Date": "None",
                "Project Status": "Completed",
                "OLD * Brief Description of the Project": "None",
                "Estimated Project Cost": "175000",
                "Additional Comments": "page 23 of the link"
            },
            "geometry": {
                "type": "Point",
                "coordinates": [
                    -80.25596016,
                    25.9442696
                ]
            }
        },
        {
            "type": "Feature",
            "properties": {
                "Project Name": "NW 34 Ave and NW 151 Ter Area Road and Drainage Improvement Project",
                "Latitude": "25.91206826",
                "Longitude": "-80.25709821",
                "City": "Miami Gardens ",
                "Link to Data Source": "https://www.miamidade.gov/resources/emergency/documents/lms-part-2-the-projects.pdf",
                "Implementating Agency": "Stormwater and CITT ",
                "Infrastructure Type": "Gray",
                "Categories": "Flood Control Infrastructure",
                "Disaster Focus": "Flooding",
                "New 15-25 Words Project Description": "Project details undisclosed",
                "Project Start Date": "",
                "Project End Date": "None",
                "Project Status": "Completed",
                "OLD * Brief Description of the Project": "None",
                "Estimated Project Cost": "800000",
                "Additional Comments": "page 24 of the link"
            },
            "geometry": {
                "type": "Point",
                "coordinates": [
                    -80.25709821,
                    25.91206826
                ]
            }
        },
        {
            "type": "Feature",
            "properties": {
                "Project Name": "NW 213 Street Drainage Improvement Project (Flooding at 2931 NW 213\nStreet)",
                "Latitude": "25.97017972",
                "Longitude": "-80.2509807",
                "City": "Miami Gardens ",
                "Link to Data Source": "https://www.miamidade.gov/resources/emergency/documents/lms-part-2-the-projects.pdf",
                "Implementating Agency": "Stromwater",
                "Infrastructure Type": "Hybrid",
                "Categories": "Flood Control Infrastructure",
                "Disaster Focus": "Flooding",
                "New 15-25 Words Project Description": "Project details undisclosed",
                "Project Start Date": "",
                "Project End Date": "None",
                "Project Status": "Funding Secured",
                "OLD * Brief Description of the Project": "None",
                "Estimated Project Cost": "100000",
                "Additional Comments": "page 24 of the link"
            },
            "geometry": {
                "type": "Point",
                "coordinates": [
                    -80.2509807,
                    25.97017972
                ]
            }
        },
        {
            "type": "Feature",
            "properties": {
                "Project Name": "Alleyways Drainage Project Improvements (off NW 2 Avenue between NW 189 to 191 Street)",
                "Latitude": "25.94766283",
                "Longitude": "-80.20544275",
                "City": "Miami Gardens ",
                "Link to Data Source": "https://www.miamidade.gov/resources/emergency/documents/lms-part-2-the-projects.pdf",
                "Implementating Agency": "Stromwater",
                "Infrastructure Type": "Hybrid",
                "Categories": "Flood Control Infrastructure",
                "Disaster Focus": "Flooding",
                "New 15-25 Words Project Description": "Project details undisclosed",
                "Project Start Date": "",
                "Project End Date": "None",
                "Project Status": "Funding Secured",
                "OLD * Brief Description of the Project": "None",
                "Estimated Project Cost": "30000",
                "Additional Comments": "page 24 of the link"
            },
            "geometry": {
                "type": "Point",
                "coordinates": [
                    -80.20544275,
                    25.94766283
                ]
            }
        },
        {
            "type": "Feature",
            "properties": {
                "Project Name": "Leslie Estates Road and Drainage Improvement Project-Phase #2 between NW 189 to 191 Street)",
                "Latitude": "25.94730563",
                "Longitude": "-80.25368704",
                "City": "Miami Gardens ",
                "Link to Data Source": "https://www.miamidade.gov/resources/emergency/documents/lms-part-2-the-projects.pdf",
                "Implementating Agency": "Stormwater and CITT ",
                "Infrastructure Type": "Hybrid",
                "Categories": "Flood Control Infrastructure",
                "Disaster Focus": "Flooding",
                "New 15-25 Words Project Description": "Project details undisclosed",
                "Project Start Date": "",
                "Project End Date": "None",
                "Project Status": "Funding Secured",
                "OLD * Brief Description of the Project": "None",
                "Estimated Project Cost": "1700000",
                "Additional Comments": "page 24 of the link"
            },
            "geometry": {
                "type": "Point",
                "coordinates": [
                    -80.25368704,
                    25.94730563
                ]
            }
        },
        {
            "type": "Feature",
            "properties": {
                "Project Name": "NW 195 Terrace from NW 33-34 Court Drainage Project",
                "Latitude": "25.95176423",
                "Longitude": "-80.25892644",
                "City": "Miami Gardens ",
                "Link to Data Source": "https://www.miamidade.gov/resources/emergency/documents/lms-part-2-the-projects.pdf",
                "Implementating Agency": "Stromwater",
                "Infrastructure Type": "Gray",
                "Categories": "Flood Control Infrastructure",
                "Disaster Focus": "Flooding",
                "New 15-25 Words Project Description": "Project details undisclosed",
                "Project Start Date": "",
                "Project End Date": "None",
                "Project Status": "Completed",
                "OLD * Brief Description of the Project": "None",
                "Estimated Project Cost": "25000",
                "Additional Comments": "page 24 of the link"
            },
            "geometry": {
                "type": "Point",
                "coordinates": [
                    -80.25892644,
                    25.95176423
                ]
            }
        },
        {
            "type": "Feature",
            "properties": {
                "Project Name": "NW 187-199 Street and NW Sunshine State Parkway to NW 12 Avenue",
                "Latitude": "25.95563577",
                "Longitude": "-80.24612356",
                "City": "Miami Gardens ",
                "Link to Data Source": "https://www.miamidade.gov/resources/emergency/documents/lms-part-2-the-projects.pdf",
                "Implementating Agency": "Stormwater and CITT ",
                "Infrastructure Type": "Gray",
                "Categories": "Flood Control Infrastructure",
                "Disaster Focus": "Flooding",
                "New 15-25 Words Project Description": "Project details undisclosed",
                "Project Start Date": "",
                "Project End Date": "None",
                "Project Status": "Ongoing",
                "OLD * Brief Description of the Project": "None",
                "Estimated Project Cost": "1200000",
                "Additional Comments": "page 24 of the link"
            },
            "geometry": {
                "type": "Point",
                "coordinates": [
                    -80.24612356,
                    25.95563577
                ]
            }
        },
        {
            "type": "Feature",
            "properties": {
                "Project Name": "Storm water & Roadway improvements",
                "Latitude": "25.85590834",
                "Longitude": "-80.19320214",
                "City": "El Portal",
                "Link to Data Source": "https://www.miamidade.gov/resources/emergency/documents/lms-part-2-the-projects.pdf",
                "Implementating Agency": "Miami-Dade County, FDEP, State of Florida Legislative Appropriations,\nfederal government.",
                "Infrastructure Type": "Gray",
                "Categories": "Flood Control Infrastructure",
                "Disaster Focus": "Flooding",
                "New 15-25 Words Project Description": "Project details undisclosed",
                "Project Start Date": "",
                "Project End Date": "None",
                "Project Status": "Funding Not Yet Secured",
                "OLD * Brief Description of the Project": "None",
                "Estimated Project Cost": "2400000",
                "Additional Comments": "page 25 of the link"
            },
            "geometry": {
                "type": "Point",
                "coordinates": [
                    -80.19320214,
                    25.85590834
                ]
            }
        },
        {
            "type": "Feature",
            "properties": {
                "Project Name": "NW 165 Street Area Drainage/Swale\nImprovement Project",
                "Latitude": "25.92455899",
                "Longitude": "-80.25264603",
                "City": "Miami Gardens ",
                "Link to Data Source": "https://www.miamidade.gov/resources/emergency/documents/lms-part-2-the-projects.pdf",
                "Implementating Agency": "Stromwater",
                "Infrastructure Type": "Hybrid",
                "Categories": "Flood Control Infrastructure",
                "Disaster Focus": "Flooding",
                "New 15-25 Words Project Description": "Project details undisclosed",
                "Project Start Date": "",
                "Project End Date": "None",
                "Project Status": "Completed",
                "OLD * Brief Description of the Project": "None",
                "Estimated Project Cost": "25000",
                "Additional Comments": "page 25 of the link"
            },
            "geometry": {
                "type": "Point",
                "coordinates": [
                    -80.25264603,
                    25.92455899
                ]
            }
        },
        {
            "type": "Feature",
            "properties": {
                "Project Name": "NW 202 Terrace Road, Drainage and Street Parking Improvement Project (west of NE 2 Avenue)",
                "Latitude": "25.95864622",
                "Longitude": "-80.19806299",
                "City": "Miami Gardens ",
                "Link to Data Source": "https://www.miamidade.gov/resources/emergency/documents/lms-part-2-the-projects.pdf",
                "Implementating Agency": "Stromwater",
                "Infrastructure Type": "Hybrid",
                "Categories": "Flood Control Infrastructure",
                "Disaster Focus": "Flooding",
                "New 15-25 Words Project Description": "Project details undisclosed",
                "Project Start Date": "",
                "Project End Date": "None",
                "Project Status": "Completed",
                "OLD * Brief Description of the Project": "None",
                "Estimated Project Cost": "750000",
                "Additional Comments": "page 25 of the link"
            },
            "geometry": {
                "type": "Point",
                "coordinates": [
                    -80.19806299,
                    25.95864622
                ]
            }
        },
        {
            "type": "Feature",
            "properties": {
                "Project Name": "Miami Springs Wind Retrofit Project",
                "Latitude": "25.8215354",
                "Longitude": "-80.28771088",
                "City": "Miami-Dade County ",
                "Link to Data Source": "https://www.miamidade.gov/resources/emergency/documents/lms-part-2-the-projects.pdf",
                "Implementating Agency": "?",
                "Infrastructure Type": "Gray",
                "Categories": "Sustainability Initiatives",
                "Disaster Focus": "Multi-hazard",
                "New 15-25 Words Project Description": "Project details undisclosed",
                "Project Start Date": "",
                "Project End Date": "None",
                "Project Status": "Funding Secured",
                "OLD * Brief Description of the Project": "None",
                "Estimated Project Cost": "173074",
                "Additional Comments": "page 25 of the link"
            },
            "geometry": {
                "type": "Point",
                "coordinates": [
                    -80.28771088,
                    25.8215354
                ]
            }
        },
        {
            "type": "Feature",
            "properties": {
                "Project Name": "NW 203 Street Area Drainage Improvement Project",
                "Latitude": "25.95954879",
                "Longitude": "-80.25779374",
                "City": "Miami Gardens ",
                "Link to Data Source": "https://www.miamidade.gov/resources/emergency/documents/lms-part-2-the-projects.pdf",
                "Implementating Agency": "Stromwater",
                "Infrastructure Type": "Hybrid",
                "Categories": "Flood Control Infrastructure",
                "Disaster Focus": "Flooding",
                "New 15-25 Words Project Description": "Project details undisclosed",
                "Project Start Date": "",
                "Project End Date": "None",
                "Project Status": "Completed",
                "OLD * Brief Description of the Project": "None",
                "Estimated Project Cost": "50000",
                "Additional Comments": "page 25 of the link"
            },
            "geometry": {
                "type": "Point",
                "coordinates": [
                    -80.25779374,
                    25.95954879
                ]
            }
        },
        {
            "type": "Feature",
            "properties": {
                "Project Name": "Downtown Coral Gables Drainage\nand Water Quality Improvements",
                "Latitude": "25.74962425",
                "Longitude": "-80.25733476",
                "City": "Coral Gables",
                "Link to Data Source": "https://www.miamidade.gov/resources/emergency/documents/lms-part-2-the-projects.pdf",
                "Implementating Agency": "Hazard Mitigation Grant Program",
                "Infrastructure Type": "Gray",
                "Categories": "Flood Control Infrastructure",
                "Disaster Focus": "Flooding",
                "New 15-25 Words Project Description": "Project details undisclosed",
                "Project Start Date": "2024",
                "Project End Date": "None",
                "Project Status": "Funding Secured",
                "OLD * Brief Description of the Project": "None",
                "Estimated Project Cost": "1000000",
                "Additional Comments": "page 25 of the link"
            },
            "geometry": {
                "type": "Point",
                "coordinates": [
                    -80.25733476,
                    25.74962425
                ]
            }
        },
        {
            "type": "Feature",
            "properties": {
                "Project Name": "Miami Beach Regional Hardening Project",
                "Latitude": "25.7979596",
                "Longitude": "-80.12872306",
                "City": "Miami Beach ",
                "Link to Data Source": "https://www.miamidade.gov/resources/emergency/documents/lms-part-2-the-projects.pdf",
                "Implementating Agency": "Hazard Mitigation Grant Program, resilience and other Grant sources",
                "Infrastructure Type": "Gray",
                "Categories": "Flood Control Infrastructure",
                "Disaster Focus": "Flooding",
                "New 15-25 Words Project Description": "Project details undisclosed",
                "Project Start Date": "",
                "Project End Date": "None",
                "Project Status": "Funding Secured",
                "OLD * Brief Description of the Project": "None",
                "Estimated Project Cost": "1415285",
                "Additional Comments": "page 25 of the link"
            },
            "geometry": {
                "type": "Point",
                "coordinates": [
                    -80.12872306,
                    25.7979596
                ]
            }
        },
        {
            "type": "Feature",
            "properties": {
                "Project Name": "City of Miami Springs: Erosion Control and Stabilization of Drainage",
                "Latitude": "25.82468646",
                "Longitude": "-80.28402183",
                "City": "Miami Springs",
                "Link to Data Source": "https://www.miamidade.gov/resources/emergency/documents/lms-part-2-the-projects.pdf",
                "Implementating Agency": "State Legislation",
                "Infrastructure Type": "Gray",
                "Categories": "Flood Control Infrastructure",
                "Disaster Focus": "Flooding",
                "New 15-25 Words Project Description": "Project details undisclosed",
                "Project Start Date": "",
                "Project End Date": "None",
                "Project Status": "Funding Not Yet Secured",
                "OLD * Brief Description of the Project": "None",
                "Estimated Project Cost": "1281383",
                "Additional Comments": "page 26 of the link"
            },
            "geometry": {
                "type": "Point",
                "coordinates": [
                    -80.28402183,
                    25.82468646
                ]
            }
        },
        {
            "type": "Feature",
            "properties": {
                "Project Name": "Melrose Flood Improvements Phase I",
                "Latitude": "25.80581488",
                "Longitude": "-80.22984434",
                "City": "Miami",
                "Link to Data Source": "https://www.miamidade.gov/resources/emergency/documents/lms-part-2-the-projects.pdf",
                "Implementating Agency": "Hazard Mitigation Grant Program",
                "Infrastructure Type": "Gray",
                "Categories": "Flood Control Infrastructure",
                "Disaster Focus": "Flooding",
                "New 15-25 Words Project Description": "Project details undisclosed",
                "Project Start Date": "2024",
                "Project End Date": "None",
                "Project Status": "Funding Secured",
                "OLD * Brief Description of the Project": "None",
                "Estimated Project Cost": "11029883",
                "Additional Comments": "page 26 of the link"
            },
            "geometry": {
                "type": "Point",
                "coordinates": [
                    -80.22984434,
                    25.80581488
                ]
            }
        },
        {
            "type": "Feature",
            "properties": {
                "Project Name": "Melrose Flood Improvements Phase II",
                "Latitude": "25.80581488",
                "Longitude": "-80.22984434",
                "City": "Miami",
                "Link to Data Source": "https://www.miamidade.gov/resources/emergency/documents/lms-part-2-the-projects.pdf",
                "Implementating Agency": "Hazard Mitigation Grant Program",
                "Infrastructure Type": "Gray",
                "Categories": "Flood Control Infrastructure",
                "Disaster Focus": "Flooding",
                "New 15-25 Words Project Description": "Project details undisclosed",
                "Project Start Date": "2024",
                "Project End Date": "None",
                "Project Status": "Funding Not Yet Secured",
                "OLD * Brief Description of the Project": "None",
                "Estimated Project Cost": "55510496",
                "Additional Comments": "page 26 of the link"
            },
            "geometry": {
                "type": "Point",
                "coordinates": [
                    -80.22984434,
                    25.80581488
                ]
            }
        },
        {
            "type": "Feature",
            "properties": {
                "Project Name": "Morningside Flood Improvements Phase I",
                "Latitude": "25.82653371",
                "Longitude": "-80.18087621",
                "City": "Miami",
                "Link to Data Source": "https://www.miamidade.gov/resources/emergency/documents/lms-part-2-the-projects.pdf",
                "Implementating Agency": "Hazard Mitigation Grant Program",
                "Infrastructure Type": "Gray",
                "Categories": "Flood Control Infrastructure",
                "Disaster Focus": "Flooding",
                "New 15-25 Words Project Description": "Project details undisclosed",
                "Project Start Date": "2024",
                "Project End Date": "None",
                "Project Status": "Funding Not Yet Secured",
                "OLD * Brief Description of the Project": "None",
                "Estimated Project Cost": "13627868",
                "Additional Comments": "page 26 of the link"
            },
            "geometry": {
                "type": "Point",
                "coordinates": [
                    -80.18087621,
                    25.82653371
                ]
            }
        },
        {
            "type": "Feature",
            "properties": {
                "Project Name": "Morningside Flood Improvements Phase II",
                "Latitude": "25.82653371",
                "Longitude": "-80.18087621",
                "City": "Miami",
                "Link to Data Source": "https://www.miamidade.gov/resources/emergency/documents/lms-part-2-the-projects.pdf",
                "Implementating Agency": "Hazard Mitigation Grant Program",
                "Infrastructure Type": "Gray",
                "Categories": "Flood Control Infrastructure",
                "Disaster Focus": "Flooding",
                "New 15-25 Words Project Description": "Project details undisclosed",
                "Project Start Date": "2024",
                "Project End Date": "None",
                "Project Status": "Funding Not Yet Secured",
                "OLD * Brief Description of the Project": "None",
                "Estimated Project Cost": "19415225",
                "Additional Comments": "page 26 of the link"
            },
            "geometry": {
                "type": "Point",
                "coordinates": [
                    -80.18087621,
                    25.82653371
                ]
            }
        },
        {
            "type": "Feature",
            "properties": {
                "Project Name": "North-West Wynwood Flood Improvements",
                "Latitude": "25.80831151",
                "Longitude": "-80.20340286",
                "City": "Miami",
                "Link to Data Source": "https://www.miamidade.gov/resources/emergency/documents/lms-part-2-the-projects.pdf",
                "Implementating Agency": "Hazard Mitigation Grant Program",
                "Infrastructure Type": "Gray",
                "Categories": "Flood Control Infrastructure",
                "Disaster Focus": "Flooding",
                "New 15-25 Words Project Description": "Project details undisclosed",
                "Project Start Date": "2024",
                "Project End Date": "None",
                "Project Status": "Funding Not Yet Secured",
                "OLD * Brief Description of the Project": "None",
                "Estimated Project Cost": "53545318",
                "Additional Comments": "page 26 of the link"
            },
            "geometry": {
                "type": "Point",
                "coordinates": [
                    -80.20340286,
                    25.80831151
                ]
            }
        },
        {
            "type": "Feature",
            "properties": {
                "Project Name": "South-West Wynwood Flood Improvements",
                "Latitude": "25.80002466",
                "Longitude": "-80.2031559",
                "City": "Miami",
                "Link to Data Source": "https://www.miamidade.gov/resources/emergency/documents/lms-part-2-the-projects.pdf",
                "Implementating Agency": "CDBG MIT",
                "Infrastructure Type": "Gray",
                "Categories": "Flood Control Infrastructure",
                "Disaster Focus": "Flooding",
                "New 15-25 Words Project Description": "Project details undisclosed",
                "Project Start Date": "2024",
                "Project End Date": "None",
                "Project Status": "Funding Secured",
                "OLD * Brief Description of the Project": "None",
                "Estimated Project Cost": "31523773",
                "Additional Comments": "page 26 of the link"
            },
            "geometry": {
                "type": "Point",
                "coordinates": [
                    -80.2031559,
                    25.80002466
                ]
            }
        },
        {
            "type": "Feature",
            "properties": {
                "Project Name": "Edgewater Flood Improvements Phase I",
                "Latitude": "25.7991778",
                "Longitude": "-80.18815749",
                "City": "Miami",
                "Link to Data Source": "https://www.miamidade.gov/resources/emergency/documents/lms-part-2-the-projects.pdf",
                "Implementating Agency": "Resilient Florida Grant Program (RFGP), Miami Forever Bond",
                "Infrastructure Type": "Gray",
                "Categories": "Flood Control Infrastructure",
                "Disaster Focus": "Flooding",
                "New 15-25 Words Project Description": "Project details undisclosed",
                "Project Start Date": "2024",
                "Project End Date": "None",
                "Project Status": "Funding Secured",
                "OLD * Brief Description of the Project": "None",
                "Estimated Project Cost": "17111976",
                "Additional Comments": "page 26 of the link"
            },
            "geometry": {
                "type": "Point",
                "coordinates": [
                    -80.18815749,
                    25.7991778
                ]
            }
        },
        {
            "type": "Feature",
            "properties": {
                "Project Name": "Edgewater Flood Improvements Phase II",
                "Latitude": "25.7991778",
                "Longitude": "-80.18815749",
                "City": "Miami",
                "Link to Data Source": "https://www.miamidade.gov/resources/emergency/documents/lms-part-2-the-projects.pdf",
                "Implementating Agency": "Hazard Mitigation Grant Program",
                "Infrastructure Type": "Gray",
                "Categories": "Flood Control Infrastructure",
                "Disaster Focus": "Flooding",
                "New 15-25 Words Project Description": "Project details undisclosed",
                "Project Start Date": "2024",
                "Project End Date": "None",
                "Project Status": "Funding Not Yet Secured",
                "OLD * Brief Description of the Project": "None",
                "Estimated Project Cost": "18650223",
                "Additional Comments": "page 27 of the link"
            },
            "geometry": {
                "type": "Point",
                "coordinates": [
                    -80.18815749,
                    25.7991778
                ]
            }
        },
        {
            "type": "Feature",
            "properties": {
                "Project Name": "Brickell East Flood Improvements",
                "Latitude": "25.76613268",
                "Longitude": "-80.19045091",
                "City": "Miami",
                "Link to Data Source": "https://www.miamidade.gov/resources/emergency/documents/lms-part-2-the-projects.pdf",
                "Implementating Agency": "Hazard Mitigation Grant Program",
                "Infrastructure Type": "Gray",
                "Categories": "Flood Control Infrastructure",
                "Disaster Focus": "Flooding",
                "New 15-25 Words Project Description": "Project details undisclosed",
                "Project Start Date": "2024",
                "Project End Date": "None",
                "Project Status": "Funding Not Yet Secured",
                "OLD * Brief Description of the Project": "None",
                "Estimated Project Cost": "23257426",
                "Additional Comments": "page 27 of the link"
            },
            "geometry": {
                "type": "Point",
                "coordinates": [
                    -80.19045091,
                    25.76613268
                ]
            }
        },
        {
            "type": "Feature",
            "properties": {
                "Project Name": "South Shenandoah & Silver Bluff Flood Improvements\nPhase I",
                "Latitude": "25.75051887",
                "Longitude": "-80.23003978",
                "City": "Miami",
                "Link to Data Source": "https://www.miamidade.gov/resources/emergency/documents/lms-part-2-the-projects.pdf",
                "Implementating Agency": "Hazard Mitigation Grant Program",
                "Infrastructure Type": "Gray",
                "Categories": "Flood Control Infrastructure",
                "Disaster Focus": "Flooding",
                "New 15-25 Words Project Description": "Project details undisclosed",
                "Project Start Date": "2024",
                "Project End Date": "None",
                "Project Status": "Funding Not Yet Secured",
                "OLD * Brief Description of the Project": "None",
                "Estimated Project Cost": "10100000",
                "Additional Comments": "page 27 of the link"
            },
            "geometry": {
                "type": "Point",
                "coordinates": [
                    -80.23003978,
                    25.75051887
                ]
            }
        },
        {
            "type": "Feature",
            "properties": {
                "Project Name": "South Shenandoah & Silver Bluff Flood Improvements Phase II",
                "Latitude": "25.75051887",
                "Longitude": "-80.23003978",
                "City": "Miami",
                "Link to Data Source": "https://www.miamidade.gov/resources/emergency/documents/lms-part-2-the-projects.pdf",
                "Implementating Agency": "Hazard Mitigation Grant Program",
                "Infrastructure Type": "Gray",
                "Categories": "Flood Control Infrastructure",
                "Disaster Focus": "Flooding",
                "New 15-25 Words Project Description": "Project details undisclosed",
                "Project Start Date": "2024",
                "Project End Date": "None",
                "Project Status": "Funding Not Yet Secured",
                "OLD * Brief Description of the Project": "None",
                "Estimated Project Cost": "10990604",
                "Additional Comments": "page 27 of the link"
            },
            "geometry": {
                "type": "Point",
                "coordinates": [
                    -80.23003978,
                    25.75051887
                ]
            }
        },
        {
            "type": "Feature",
            "properties": {
                "Project Name": "8th Street Flood Improvements",
                "Latitude": "25.76497939",
                "Longitude": "-80.2225607",
                "City": "Miami",
                "Link to Data Source": "https://www.miamidade.gov/resources/emergency/documents/lms-part-2-the-projects.pdf",
                "Implementating Agency": "HUD - Community Project Funding (CPF) grant, Miami Forever Bond",
                "Infrastructure Type": "Hybrid",
                "Categories": "Flood Control Infrastructure",
                "Disaster Focus": "Flooding",
                "New 15-25 Words Project Description": "Project details undisclosed",
                "Project Start Date": "2024",
                "Project End Date": "None",
                "Project Status": "Funding Secured",
                "OLD * Brief Description of the Project": "None",
                "Estimated Project Cost": "9781446",
                "Additional Comments": "page 27 of the link"
            },
            "geometry": {
                "type": "Point",
                "coordinates": [
                    -80.2225607,
                    25.76497939
                ]
            }
        },
        {
            "type": "Feature",
            "properties": {
                "Project Name": "Auburndale Flood Improvements",
                "Latitude": "25.76835021",
                "Longitude": "-80.25120639",
                "City": "Miami",
                "Link to Data Source": "https://www.miamidade.gov/resources/emergency/documents/lms-part-2-the-projects.pdf",
                "Implementating Agency": "Resilient Florida Grant Program (RFGP), Miami Forever Bond ",
                "Infrastructure Type": "Gray",
                "Categories": "Flood Control Infrastructure",
                "Disaster Focus": "Flooding",
                "New 15-25 Words Project Description": "Project details undisclosed",
                "Project Start Date": "2024",
                "Project End Date": "None",
                "Project Status": "Funding Secured",
                "OLD * Brief Description of the Project": "None",
                "Estimated Project Cost": "30000000",
                "Additional Comments": "page 27 of the link"
            },
            "geometry": {
                "type": "Point",
                "coordinates": [
                    -80.25120639,
                    25.76835021
                ]
            }
        },
        {
            "type": "Feature",
            "properties": {
                "Project Name": "Shenandoah Flood Improvements Phase I",
                "Latitude": "25.75441214",
                "Longitude": "-80.23026583",
                "City": "Miami",
                "Link to Data Source": "https://www.miamidade.gov/resources/emergency/documents/lms-part-2-the-projects.pdf",
                "Implementating Agency": "Hazard Mitigation Grant Program",
                "Infrastructure Type": "Gray",
                "Categories": "Flood Control Infrastructure",
                "Disaster Focus": "Flooding",
                "New 15-25 Words Project Description": "Project details undisclosed",
                "Project Start Date": "2024",
                "Project End Date": "None",
                "Project Status": "Funding Not Yet Secured",
                "OLD * Brief Description of the Project": "None",
                "Estimated Project Cost": "49433816",
                "Additional Comments": "page 27 of the link"
            },
            "geometry": {
                "type": "Point",
                "coordinates": [
                    -80.23026583,
                    25.75441214
                ]
            }
        },
        {
            "type": "Feature",
            "properties": {
                "Project Name": "Shenandoah Flood Improvements Phase II",
                "Latitude": "25.75441214",
                "Longitude": "-80.23026583",
                "City": "Miami",
                "Link to Data Source": "https://www.miamidade.gov/resources/emergency/documents/lms-part-2-the-projects.pdf",
                "Implementating Agency": "Hazard Mitigation Grant Program",
                "Infrastructure Type": "Gray",
                "Categories": "Flood Control Infrastructure",
                "Disaster Focus": "Flooding",
                "New 15-25 Words Project Description": "Project details undisclosed",
                "Project Start Date": "2024",
                "Project End Date": "None",
                "Project Status": "Funding Not Yet Secured",
                "OLD * Brief Description of the Project": "None",
                "Estimated Project Cost": "44510554",
                "Additional Comments": "page 28 of the link"
            },
            "geometry": {
                "type": "Point",
                "coordinates": [
                    -80.23026583,
                    25.75441214
                ]
            }
        },
        {
            "type": "Feature",
            "properties": {
                "Project Name": "Shorecrest North Flood Improvements",
                "Latitude": "25.85730992",
                "Longitude": "-80.17680361",
                "City": "Miami",
                "Link to Data Source": "https://www.miamidade.gov/resources/emergency/documents/lms-part-2-the-projects.pdf",
                "Implementating Agency": "Hazard Mitigation Grant Program",
                "Infrastructure Type": "Gray",
                "Categories": "Flood Control Infrastructure",
                "Disaster Focus": "Flooding",
                "New 15-25 Words Project Description": "Project details undisclosed",
                "Project Start Date": "2024",
                "Project End Date": "None",
                "Project Status": "Funding Not Yet Secured",
                "OLD * Brief Description of the Project": "None",
                "Estimated Project Cost": "11440377",
                "Additional Comments": "page 28 of the link"
            },
            "geometry": {
                "type": "Point",
                "coordinates": [
                    -80.17680361,
                    25.85730992
                ]
            }
        },
        {
            "type": "Feature",
            "properties": {
                "Project Name": "Design Stormwater Infrastructure Improvements K-8 Basin",
                "Latitude": "25.68885549",
                "Longitude": "-80.1667563",
                "City": "Key Biscayne",
                "Link to Data Source": "https://www.miamidade.gov/resources/emergency/documents/lms-part-2-the-projects.pdf",
                "Implementating Agency": "CIP, GF, Resilient Florida",
                "Infrastructure Type": "Gray",
                "Categories": "Flood Control Infrastructure",
                "Disaster Focus": "Flooding",
                "New 15-25 Words Project Description": "Project details undisclosed",
                "Project Start Date": "2025",
                "Project End Date": "None",
                "Project Status": "Funding Not Yet Secured",
                "OLD * Brief Description of the Project": "None",
                "Estimated Project Cost": "2419130",
                "Additional Comments": "page 28 of the link"
            },
            "geometry": {
                "type": "Point",
                "coordinates": [
                    -80.1667563,
                    25.68885549
                ]
            }
        },
        {
            "type": "Feature",
            "properties": {
                "Project Name": "Dade Chase - C-4 Hardening",
                "Latitude": "25.82971451",
                "Longitude": "-80.19840764",
                "City": "Little Haiti",
                "Link to Data Source": "https://www.miamidade.gov/resources/emergency/documents/lms-part-2-the-projects.pdf",
                "Implementating Agency": "Banyan Community Health Centers",
                "Infrastructure Type": "Gray",
                "Categories": "Flood Control Infrastructure",
                "Disaster Focus": "Flooding",
                "New 15-25 Words Project Description": "Project details undisclosed",
                "Project Start Date": "",
                "Project End Date": "None",
                "Project Status": "Funding Secured",
                "OLD * Brief Description of the Project": "None",
                "Estimated Project Cost": "430225.57",
                "Additional Comments": "page 28 of the link"
            },
            "geometry": {
                "type": "Point",
                "coordinates": [
                    -80.19840764,
                    25.82971451
                ]
            }
        },
        {
            "type": "Feature",
            "properties": {
                "Project Name": "Sea wall improvements and shoreline enhancement",
                "Latitude": "25.68894398",
                "Longitude": "-80.17374518",
                "City": "Key Biscayne",
                "Link to Data Source": "https://www.miamidade.gov/resources/emergency/documents/lms-part-2-the-projects.pdf",
                "Implementating Agency": "None",
                "Infrastructure Type": "Gray",
                "Categories": "Flood Control Infrastructure",
                "Disaster Focus": "Flooding",
                "New 15-25 Words Project Description": "Project details undisclosed",
                "Project Start Date": "",
                "Project End Date": "None",
                "Project Status": "Funding Not Yet Secured",
                "OLD * Brief Description of the Project": "None",
                "Estimated Project Cost": "47361600",
                "Additional Comments": "page 28 of the link"
            },
            "geometry": {
                "type": "Point",
                "coordinates": [
                    -80.17374518,
                    25.68894398
                ]
            }
        },
        {
            "type": "Feature",
            "properties": {
                "Project Name": "Thalatta Estate Shoreline Stabilization",
                "Latitude": "25.61046537",
                "Longitude": "-80.3100217",
                "City": "Palmetto Bay",
                "Link to Data Source": "https://www.miamidade.gov/resources/emergency/documents/lms-part-2-the-projects.pdf",
                "Implementating Agency": "FIND grant and Villae of Palmetto Bay",
                "Infrastructure Type": "Gray",
                "Categories": "Shoreline Protection",
                "Disaster Focus": "Flooding",
                "New 15-25 Words Project Description": "Project details undisclosed",
                "Project Start Date": "",
                "Project End Date": "None",
                "Project Status": "Completed",
                "OLD * Brief Description of the Project": "None",
                "Estimated Project Cost": "500000",
                "Additional Comments": "page 28 of the link"
            },
            "geometry": {
                "type": "Point",
                "coordinates": [
                    -80.3100217,
                    25.61046537
                ]
            }
        },
        {
            "type": "Feature",
            "properties": {
                "Project Name": "complete Streets/Roadway Improvements",
                "Latitude": "25.69935753",
                "Longitude": "-80.16220957",
                "City": "Key Biscayne",
                "Link to Data Source": "https://www.miamidade.gov/resources/emergency/documents/lms-part-2-the-projects.pdf",
                "Implementating Agency": "General obliation bond",
                "Infrastructure Type": "Gray",
                "Categories": "Flood Control Infrastructure",
                "Disaster Focus": "Flooding",
                "New 15-25 Words Project Description": "Project details undisclosed",
                "Project Start Date": "2021",
                "Project End Date": "2028",
                "Project Status": "Funding Secured",
                "OLD * Brief Description of the Project": "None",
                "Estimated Project Cost": "40000000",
                "Additional Comments": "page 28 of the link"
            },
            "geometry": {
                "type": "Point",
                "coordinates": [
                    -80.16220957,
                    25.69935753
                ]
            }
        },
        {
            "type": "Feature",
            "properties": {
                "Project Name": "Install Village Wide Security and Surveillance System",
                "Latitude": "25.69166",
                "Longitude": "-80.16456979",
                "City": "Key Biscayne",
                "Link to Data Source": "https://www.miamidade.gov/resources/emergency/documents/lms-part-2-the-projects.pdf",
                "Implementating Agency": "ARPA, GF, CIP",
                "Infrastructure Type": "Gray",
                "Categories": "Public Facilities",
                "Disaster Focus": "Critical Infrastructure",
                "New 15-25 Words Project Description": "Project details undisclosed",
                "Project Start Date": "2023",
                "Project End Date": "None",
                "Project Status": "Funding Secured",
                "OLD * Brief Description of the Project": "None",
                "Estimated Project Cost": "470000",
                "Additional Comments": "page 29 of the link"
            },
            "geometry": {
                "type": "Point",
                "coordinates": [
                    -80.16456979,
                    25.69166
                ]
            }
        },
        {
            "type": "Feature",
            "properties": {
                "Project Name": "Brickell Bay Drive Seawall and Flood Improvements",
                "Latitude": "25.757756",
                "Longitude": "-80.18924896",
                "City": "Miami",
                "Link to Data Source": "https://www.miamidade.gov/resources/emergency/documents/lms-part-2-the-projects.pdf",
                "Implementating Agency": "Hazard Mitigation Grant Program",
                "Infrastructure Type": "Hybrid",
                "Categories": "Flood Control Infrastructure",
                "Disaster Focus": "Flooding",
                "New 15-25 Words Project Description": "Project details undisclosed",
                "Project Start Date": "2025",
                "Project End Date": "None",
                "Project Status": "Funding Not Yet Secured",
                "OLD * Brief Description of the Project": "None",
                "Estimated Project Cost": "20000000",
                "Additional Comments": "page 29 of the link"
            },
            "geometry": {
                "type": "Point",
                "coordinates": [
                    -80.18924896,
                    25.757756
                ]
            }
        },
        {
            "type": "Feature",
            "properties": {
                "Project Name": "Replace Community Center RTU",
                "Latitude": "25.69175872",
                "Longitude": "-80.1647752",
                "City": "Key Biscayne",
                "Link to Data Source": "https://www.miamidade.gov/resources/emergency/documents/lms-part-2-the-projects.pdf",
                "Implementating Agency": "None",
                "Infrastructure Type": "Gray",
                "Categories": "Public Facilities",
                "Disaster Focus": "Critical Infrastructure",
                "New 15-25 Words Project Description": "Project details undisclosed",
                "Project Start Date": "",
                "Project End Date": "2022",
                "Project Status": "Completed",
                "OLD * Brief Description of the Project": "None",
                "Estimated Project Cost": "27888",
                "Additional Comments": "page 29 of the link"
            },
            "geometry": {
                "type": "Point",
                "coordinates": [
                    -80.1647752,
                    25.69175872
                ]
            }
        },
        {
            "type": "Feature",
            "properties": {
                "Project Name": "Colorama Estates/Avalon Estates Drainage Improvements Project",
                "Latitude": "25.90257243",
                "Longitude": "-80.35652918",
                "City": "Miami Lakes",
                "Link to Data Source": "https://www.miamidade.gov/resources/emergency/documents/lms-part-2-the-projects.pdf",
                "Implementating Agency": "DEP, FEMA, Legislative",
                "Infrastructure Type": "Gray",
                "Categories": "Flood Control Infrastructure",
                "Disaster Focus": "Flooding",
                "New 15-25 Words Project Description": "Project details undisclosed",
                "Project Start Date": "2024",
                "Project End Date": "None",
                "Project Status": "Funding Not Yet Secured",
                "OLD * Brief Description of the Project": "None",
                "Estimated Project Cost": "1465455",
                "Additional Comments": "page 29 of the link"
            },
            "geometry": {
                "type": "Point",
                "coordinates": [
                    -80.35652918,
                    25.90257243
                ]
            }
        },
        {
            "type": "Feature",
            "properties": {
                "Project Name": "Resilient Infrastructure Integration Strategy/Implementation Plan",
                "Latitude": "25.69014526",
                "Longitude": "-80.16664692",
                "City": "Key Biscayne",
                "Link to Data Source": "https://www.miamidade.gov/resources/emergency/documents/lms-part-2-the-projects.pdf",
                "Implementating Agency": "General Funds & Stormwater",
                "Infrastructure Type": "Gray",
                "Categories": "Sustainability Initiatives",
                "Disaster Focus": "Critical Infrastructure",
                "New 15-25 Words Project Description": "Project details undisclosed",
                "Project Start Date": "2023",
                "Project End Date": "None",
                "Project Status": "Ongoing",
                "OLD * Brief Description of the Project": "None",
                "Estimated Project Cost": "1000000",
                "Additional Comments": "page 29 of the link"
            },
            "geometry": {
                "type": "Point",
                "coordinates": [
                    -80.16664692,
                    25.69014526
                ]
            }
        },
        {
            "type": "Feature",
            "properties": {
                "Project Name": "Utility Undergrounding-Phase 1",
                "Latitude": "25.69933031",
                "Longitude": "-80.16374112",
                "City": "Key Biscayne",
                "Link to Data Source": "https://www.miamidade.gov/resources/emergency/documents/lms-part-2-the-projects.pdf",
                "Implementating Agency": "General Obligation Bond",
                "Infrastructure Type": "Gray",
                "Categories": "Public Facilities",
                "Disaster Focus": "Critical Infrastructure",
                "New 15-25 Words Project Description": "Project details undisclosed",
                "Project Start Date": "",
                "Project End Date": "None",
                "Project Status": "Funding Not Yet Secured",
                "OLD * Brief Description of the Project": "None",
                "Estimated Project Cost": "8500000",
                "Additional Comments": "page 29 of the link"
            },
            "geometry": {
                "type": "Point",
                "coordinates": [
                    -80.16374112,
                    25.69933031
                ]
            }
        },
        {
            "type": "Feature",
            "properties": {
                "Project Name": "Replace Community Center Roof",
                "Latitude": "25.69166432",
                "Longitude": "-80.16475245",
                "City": "Key Biscayne",
                "Link to Data Source": "https://www.miamidade.gov/resources/emergency/documents/lms-part-2-the-projects.pdf",
                "Implementating Agency": "None",
                "Infrastructure Type": "Gray",
                "Categories": "Public Facilities",
                "Disaster Focus": "Critical Infrastructure",
                "New 15-25 Words Project Description": "Project details undisclosed",
                "Project Start Date": "2023",
                "Project End Date": "None",
                "Project Status": "Ongoing",
                "OLD * Brief Description of the Project": "None",
                "Estimated Project Cost": "5200000",
                "Additional Comments": "page 29 of the link"
            },
            "geometry": {
                "type": "Point",
                "coordinates": [
                    -80.16475245,
                    25.69166432
                ]
            }
        },
        {
            "type": "Feature",
            "properties": {
                "Project Name": "Hampton Park Improvements",
                "Latitude": "25.69370261",
                "Longitude": "-80.16720888",
                "City": "Key Biscayne",
                "Link to Data Source": "https://www.miamidade.gov/resources/emergency/documents/lms-part-2-the-projects.pdf",
                "Implementating Agency": "None",
                "Infrastructure Type": "Green",
                "Categories": "Public Facilities",
                "Disaster Focus": "Critical Infrastructure",
                "New 15-25 Words Project Description": "Project details undisclosed",
                "Project Start Date": "2022",
                "Project End Date": "None",
                "Project Status": "Ongoing",
                "OLD * Brief Description of the Project": "None",
                "Estimated Project Cost": "50000",
                "Additional Comments": "page 30 of the link"
            },
            "geometry": {
                "type": "Point",
                "coordinates": [
                    -80.16720888,
                    25.69370261
                ]
            }
        },
        {
            "type": "Feature",
            "properties": {
                "Project Name": "New Little Havana Health Center - Code Plus",
                "Latitude": "25.77177033",
                "Longitude": "-80.2250044",
                "City": "Little Havana",
                "Link to Data Source": "https://www.miamidade.gov/resources/emergency/documents/lms-part-2-the-projects.pdf",
                "Implementating Agency": "Banyan Community Health Centers",
                "Infrastructure Type": "Gray",
                "Categories": "Public Facilities",
                "Disaster Focus": "Critical Infrastructure",
                "New 15-25 Words Project Description": "Project details undisclosed",
                "Project Start Date": "",
                "Project End Date": "None",
                "Project Status": "Funding Secured",
                "OLD * Brief Description of the Project": "None",
                "Estimated Project Cost": "5000000",
                "Additional Comments": "page 30 of the link"
            },
            "geometry": {
                "type": "Point",
                "coordinates": [
                    -80.2250044,
                    25.77177033
                ]
            }
        },
        {
            "type": "Feature",
            "properties": {
                "Project Name": "Miami-Dade Fire Rescue Headquarters Water Intrusion Retention Wall and French Drainage System",
                "Latitude": "25.80914441",
                "Longitude": "-80.3486422",
                "City": "Miami",
                "Link to Data Source": "https://www.miamidade.gov/resources/emergency/documents/lms-part-2-the-projects.pdf",
                "Implementating Agency": "Fire Rescue Miami Dade County",
                "Infrastructure Type": "Hybrid",
                "Categories": "Public Facilities",
                "Disaster Focus": "Critical Infrastructure",
                "New 15-25 Words Project Description": "Project details undisclosed",
                "Project Start Date": "",
                "Project End Date": "None",
                "Project Status": "Funding Not Yet Secured",
                "OLD * Brief Description of the Project": "None",
                "Estimated Project Cost": "1150000",
                "Additional Comments": "page 30 of the link"
            },
            "geometry": {
                "type": "Point",
                "coordinates": [
                    -80.3486422,
                    25.80914441
                ]
            }
        },
        {
            "type": "Feature",
            "properties": {
                "Project Name": "MDFR Fire Station Hardening Project",
                "Latitude": "25.80914441",
                "Longitude": "-80.3486422",
                "City": "Miami",
                "Link to Data Source": "https://www.miamidade.gov/resources/emergency/documents/lms-part-2-the-projects.pdf",
                "Implementating Agency": "Fire Rescue Miami Dade County",
                "Infrastructure Type": "Gray",
                "Categories": "Public Facilities",
                "Disaster Focus": "Critical Infrastructure",
                "New 15-25 Words Project Description": "Project details undisclosed",
                "Project Start Date": "",
                "Project End Date": "None",
                "Project Status": "Funding Not Yet Secured",
                "OLD * Brief Description of the Project": "None",
                "Estimated Project Cost": "2000000",
                "Additional Comments": "page 30 of the link"
            },
            "geometry": {
                "type": "Point",
                "coordinates": [
                    -80.3486422,
                    25.80914441
                ]
            }
        },
        {
            "type": "Feature",
            "properties": {
                "Project Name": "Seal and Paint Exterior Blum Patient Tower",
                "Latitude": "25.81238659",
                "Longitude": "-80.13968761",
                "City": "Miami",
                "Link to Data Source": "https://www.miamidade.gov/resources/emergency/documents/lms-part-2-the-projects.pdf",
                "Implementating Agency": "Mount Sinai",
                "Infrastructure Type": "Gray",
                "Categories": "Public Facilities",
                "Disaster Focus": "Critical Infrastructure",
                "New 15-25 Words Project Description": "Project details undisclosed",
                "Project Start Date": "2023",
                "Project End Date": "None",
                "Project Status": "Ongoing",
                "OLD * Brief Description of the Project": "None",
                "Estimated Project Cost": "500000",
                "Additional Comments": "page 30 of the link"
            },
            "geometry": {
                "type": "Point",
                "coordinates": [
                    -80.13968761,
                    25.81238659
                ]
            }
        },
        {
            "type": "Feature",
            "properties": {
                "Project Name": "Miami Fire Rescue- Fire Station 6 Hardening",
                "Latitude": "25.81044447",
                "Longitude": "-80.2078675",
                "City": "Miami",
                "Link to Data Source": "https://www.miamidade.gov/resources/emergency/documents/lms-part-2-the-projects.pdf",
                "Implementating Agency": "Hazard Mitigation Grant Program",
                "Infrastructure Type": "Gray",
                "Categories": "Public Facilities",
                "Disaster Focus": "Critical Infrastructure",
                "New 15-25 Words Project Description": "Project details undisclosed",
                "Project Start Date": "2025",
                "Project End Date": "None",
                "Project Status": "Funding Secured",
                "OLD * Brief Description of the Project": "None",
                "Estimated Project Cost": "279265",
                "Additional Comments": "page 31 of the link"
            },
            "geometry": {
                "type": "Point",
                "coordinates": [
                    -80.2078675,
                    25.81044447
                ]
            }
        },
        {
            "type": "Feature",
            "properties": {
                "Project Name": "Blum Patient Tower Hardening",
                "Latitude": "25.81238659",
                "Longitude": "-80.13968761",
                "City": "Miami",
                "Link to Data Source": "https://www.miamidade.gov/resources/emergency/documents/lms-part-2-the-projects.pdf",
                "Implementating Agency": "Mount Sinai",
                "Infrastructure Type": "Gray",
                "Categories": "Public Facilities",
                "Disaster Focus": "Critical Infrastructure",
                "New 15-25 Words Project Description": "Project details undisclosed",
                "Project Start Date": "",
                "Project End Date": "None",
                "Project Status": "Funding Not Yet Secured",
                "OLD * Brief Description of the Project": "None",
                "Estimated Project Cost": "16000000",
                "Additional Comments": "page 31 of the link"
            },
            "geometry": {
                "type": "Point",
                "coordinates": [
                    -80.13968761,
                    25.81238659
                ]
            }
        },
        {
            "type": "Feature",
            "properties": {
                "Project Name": "Greene Patient and Medical Education Tower Hardening",
                "Latitude": "25.81231375",
                "Longitude": "-80.13970905",
                "City": "Miami",
                "Link to Data Source": "https://www.miamidade.gov/resources/emergency/documents/lms-part-2-the-projects.pdf",
                "Implementating Agency": "Mount Sinai",
                "Infrastructure Type": "Gray",
                "Categories": "Public Facilities",
                "Disaster Focus": "Critical Infrastructure",
                "New 15-25 Words Project Description": "Project details undisclosed",
                "Project Start Date": "",
                "Project End Date": "None",
                "Project Status": "Funding Not Yet Secured",
                "OLD * Brief Description of the Project": "None",
                "Estimated Project Cost": "700000",
                "Additional Comments": "page 31 of the link"
            },
            "geometry": {
                "type": "Point",
                "coordinates": [
                    -80.13970905,
                    25.81231375
                ]
            }
        },
        {
            "type": "Feature",
            "properties": {
                "Project Name": "Ascher Support Services Building Hardening",
                "Latitude": "25.81584794",
                "Longitude": "-80.137772",
                "City": "Miami",
                "Link to Data Source": "https://www.miamidade.gov/resources/emergency/documents/lms-part-2-the-projects.pdf",
                "Implementating Agency": "Mount Sinai",
                "Infrastructure Type": "Gray",
                "Categories": "Public Facilities",
                "Disaster Focus": "Critical Infrastructure",
                "New 15-25 Words Project Description": "Project details undisclosed",
                "Project Start Date": "",
                "Project End Date": "None",
                "Project Status": "Funding Not Yet Secured",
                "OLD * Brief Description of the Project": "None",
                "Estimated Project Cost": "9000000",
                "Additional Comments": "page 31 of the link"
            },
            "geometry": {
                "type": "Point",
                "coordinates": [
                    -80.137772,
                    25.81584794
                ]
            }
        },
        {
            "type": "Feature",
            "properties": {
                "Project Name": "Solar Microgrid for Flood Risk Mitigation at Miami-Dade Fire Rescue Headquarters and Emergency Operations Center",
                "Latitude": "25.80914441",
                "Longitude": "-80.3486422",
                "City": "Miami",
                "Link to Data Source": "https://www.miamidade.gov/resources/emergency/documents/lms-part-2-the-projects.pdf",
                "Implementating Agency": "Fire Rescue Miami Dade County",
                "Infrastructure Type": "Gray",
                "Categories": "Public Facilities",
                "Disaster Focus": "Critical Infrastructure",
                "New 15-25 Words Project Description": "Project details undisclosed",
                "Project Start Date": "",
                "Project End Date": "None",
                "Project Status": "Funding Not Yet Secured",
                "OLD * Brief Description of the Project": "None",
                "Estimated Project Cost": "28625019",
                "Additional Comments": "page 31 of the link"
            },
            "geometry": {
                "type": "Point",
                "coordinates": [
                    -80.3486422,
                    25.80914441
                ]
            }
        },
        {
            "type": "Feature",
            "properties": {
                "Project Name": "Improvements to access and parking to account for sea level rise",
                "Latitude": "25.82739496",
                "Longitude": "-80.34092203",
                "City": "Miami",
                "Link to Data Source": "https://www.miamidade.gov/resources/emergency/documents/lms-part-2-the-projects.pdf",
                "Implementating Agency": "Solid Waste Miami Dade County",
                "Infrastructure Type": "Gray",
                "Categories": "Public Facilities",
                "Disaster Focus": "Critical Infrastructure",
                "New 15-25 Words Project Description": "Project details undisclosed",
                "Project Start Date": "2023",
                "Project End Date": "None",
                "Project Status": "Funding Not Yet Secured",
                "OLD * Brief Description of the Project": "None",
                "Estimated Project Cost": "2500000",
                "Additional Comments": "page 31 of the link"
            },
            "geometry": {
                "type": "Point",
                "coordinates": [
                    -80.34092203,
                    25.82739496
                ]
            }
        },
        {
            "type": "Feature",
            "properties": {
                "Project Name": "Design plan to improve stormwater management for South Dade Landfill",
                "Latitude": "25.54578413",
                "Longitude": "-80.347182",
                "City": "Miami",
                "Link to Data Source": "https://www.miamidade.gov/resources/emergency/documents/lms-part-2-the-projects.pdf",
                "Implementating Agency": "Solid Waste Miami Dade County",
                "Infrastructure Type": "Gray",
                "Categories": "Public Facilities",
                "Disaster Focus": "Critical Infrastructure",
                "New 15-25 Words Project Description": "Project details undisclosed",
                "Project Start Date": "2023",
                "Project End Date": "None",
                "Project Status": "Funding Secured",
                "OLD * Brief Description of the Project": "None",
                "Estimated Project Cost": "1500000",
                "Additional Comments": "page 32 of the link"
            },
            "geometry": {
                "type": "Point",
                "coordinates": [
                    -80.347182,
                    25.54578413
                ]
            }
        },
        {
            "type": "Feature",
            "properties": {
                "Project Name": "Storm Water Drainage Improvements for Snapper Creek Trash and Recycling Center",
                "Latitude": "25.74902191",
                "Longitude": "-80.3835355",
                "City": "Miami",
                "Link to Data Source": "https://www.miamidade.gov/resources/emergency/documents/lms-part-2-the-projects.pdf",
                "Implementating Agency": "Solid Waste Miami Dade County",
                "Infrastructure Type": "Gray",
                "Categories": "Public Facilities",
                "Disaster Focus": "Critical Infrastructure",
                "New 15-25 Words Project Description": "Project details undisclosed",
                "Project Start Date": "2023",
                "Project End Date": "None",
                "Project Status": "Funding Not Yet Secured",
                "OLD * Brief Description of the Project": "None",
                "Estimated Project Cost": "250000",
                "Additional Comments": "page 32 of the link"
            },
            "geometry": {
                "type": "Point",
                "coordinates": [
                    -80.3835355,
                    25.74902191
                ]
            }
        },
        {
            "type": "Feature",
            "properties": {
                "Project Name": "Miami Beach Regional Library Resilience Grant",
                "Latitude": "25.79795002",
                "Longitude": "-80.1287122",
                "City": "Miami",
                "Link to Data Source": "https://www.miamidade.gov/resources/emergency/documents/lms-part-2-the-projects.pdf",
                "Implementating Agency": "Florida Department of Environemntal Protection Agency",
                "Infrastructure Type": "Gray",
                "Categories": "Public Facilities",
                "Disaster Focus": "Critical Infrastructure",
                "New 15-25 Words Project Description": "Project details undisclosed",
                "Project Start Date": "",
                "Project End Date": "None",
                "Project Status": "Funding Secured",
                "OLD * Brief Description of the Project": "None",
                "Estimated Project Cost": "800000",
                "Additional Comments": "page 32 of the link"
            },
            "geometry": {
                "type": "Point",
                "coordinates": [
                    -80.1287122,
                    25.79795002
                ]
            }
        },
        {
            "type": "Feature",
            "properties": {
                "Project Name": "Zone 7 Resilient Infrastructure Improvements",
                "Latitude": "25.69544031",
                "Longitude": "-80.16523496",
                "City": "Key Biscayne",
                "Link to Data Source": "https://www.miamidade.gov/resources/emergency/documents/lms-part-2-the-projects.pdf",
                "Implementating Agency": "CIP, GOB, CWSRF",
                "Infrastructure Type": "Gray",
                "Categories": "Sustainability Initiatives",
                "Disaster Focus": "Critical Infrastructure",
                "New 15-25 Words Project Description": "Project details undisclosed",
                "Project Start Date": "",
                "Project End Date": "None",
                "Project Status": "Funding Not Yet Secured",
                "OLD * Brief Description of the Project": "None",
                "Estimated Project Cost": "40000000",
                "Additional Comments": "page 33 of the link"
            },
            "geometry": {
                "type": "Point",
                "coordinates": [
                    -80.16523496,
                    25.69544031
                ]
            }
        },
        {
            "type": "Feature",
            "properties": {
                "Project Name": "Main Library Resilience Grant",
                "Latitude": "25.77465607",
                "Longitude": "-80.19744338",
                "City": "Miami",
                "Link to Data Source": "https://www.miamidade.gov/resources/emergency/documents/lms-part-2-the-projects.pdf",
                "Implementating Agency": "Libraries- Miami Dade County",
                "Infrastructure Type": "Gray",
                "Categories": "Public Facilities",
                "Disaster Focus": "Critical Infrastructure",
                "New 15-25 Words Project Description": "Project details undisclosed",
                "Project Start Date": "",
                "Project End Date": "None",
                "Project Status": "Ongoing",
                "OLD * Brief Description of the Project": "None",
                "Estimated Project Cost": "1520000",
                "Additional Comments": "page 33 of the link"
            },
            "geometry": {
                "type": "Point",
                "coordinates": [
                    -80.19744338,
                    25.77465607
                ]
            }
        },
        {
            "type": "Feature",
            "properties": {
                "Project Name": "Offshore Breakwater Submerged Structure Implementation",
                "Latitude": "25.69164647",
                "Longitude": "-80.15592774",
                "City": "Key Biscayne",
                "Link to Data Source": "https://www.miamidade.gov/resources/emergency/documents/lms-part-2-the-projects.pdf",
                "Implementating Agency": "None",
                "Infrastructure Type": "Gray",
                "Categories": "Public Facilities",
                "Disaster Focus": "Critical Infrastructure",
                "New 15-25 Words Project Description": "Project details undisclosed",
                "Project Start Date": "2027",
                "Project End Date": "None",
                "Project Status": "Funding Not Yet Secured",
                "OLD * Brief Description of the Project": "None",
                "Estimated Project Cost": "15340000",
                "Additional Comments": "page 33 of the link"
            },
            "geometry": {
                "type": "Point",
                "coordinates": [
                    -80.15592774,
                    25.69164647
                ]
            }
        },
        {
            "type": "Feature",
            "properties": {
                "Project Name": "FS3/Fire Administration/ Logistics Hardening",
                "Latitude": "25.78052383",
                "Longitude": "-80.21332876",
                "City": "Miami",
                "Link to Data Source": "https://www.miamidade.gov/resources/emergency/documents/lms-part-2-the-projects.pdf",
                "Implementating Agency": "Hazard Mitigation Grant Program",
                "Infrastructure Type": "Gray",
                "Categories": "Public Facilities",
                "Disaster Focus": "Critical Infrastructure",
                "New 15-25 Words Project Description": "Project details undisclosed",
                "Project Start Date": "",
                "Project End Date": "None",
                "Project Status": "Funding Not Yet Secured",
                "OLD * Brief Description of the Project": "None",
                "Estimated Project Cost": "650000",
                "Additional Comments": "page 33 of the link"
            },
            "geometry": {
                "type": "Point",
                "coordinates": [
                    -80.21332876,
                    25.78052383
                ]
            }
        },
        {
            "type": "Feature",
            "properties": {
                "Project Name": "Utility Undergrounding - Phase 2",
                "Latitude": "25.69933031",
                "Longitude": "-80.16374112",
                "City": "Key Biscayne",
                "Link to Data Source": "https://www.miamidade.gov/resources/emergency/documents/lms-part-2-the-projects.pdf",
                "Implementating Agency": "CIP, GOB",
                "Infrastructure Type": "Gray",
                "Categories": "Public Facilities",
                "Disaster Focus": "Critical Infrastructure",
                "New 15-25 Words Project Description": "Project details undisclosed",
                "Project Start Date": "",
                "Project End Date": "None",
                "Project Status": "Funding Not Yet Secured",
                "OLD * Brief Description of the Project": "None",
                "Estimated Project Cost": "30000000",
                "Additional Comments": "page 33 of the link"
            },
            "geometry": {
                "type": "Point",
                "coordinates": [
                    -80.16374112,
                    25.69933031
                ]
            }
        },
        {
            "type": "Feature",
            "properties": {
                "Project Name": "Modify Rights of Way for Flood Reduction",
                "Latitude": "25.69391765",
                "Longitude": "-80.16585449",
                "City": "Key Biscayne",
                "Link to Data Source": "https://www.miamidade.gov/resources/emergency/documents/lms-part-2-the-projects.pdf",
                "Implementating Agency": "General Obligation Bond",
                "Infrastructure Type": "Gray",
                "Categories": "Flood Control Infrastructure",
                "Disaster Focus": "Critical Infrastructure",
                "New 15-25 Words Project Description": "Project details undisclosed",
                "Project Start Date": "2027",
                "Project End Date": "None",
                "Project Status": "Funding Not Yet Secured",
                "OLD * Brief Description of the Project": "None",
                "Estimated Project Cost": "750000",
                "Additional Comments": "page 33 of the link"
            },
            "geometry": {
                "type": "Point",
                "coordinates": [
                    -80.16585449,
                    25.69391765
                ]
            }
        },
        {
            "type": "Feature",
            "properties": {
                "Project Name": "City of Hialeah BRIC FY22 - Critical Facility Backup Generator",
                "Latitude": "25.8458627",
                "Longitude": "-80.30870756",
                "City": "Hialeah",
                "Link to Data Source": "https://www.miamidade.gov/resources/emergency/documents/lms-part-2-the-projects.pdf",
                "Implementating Agency": "BRIC",
                "Infrastructure Type": "Gray",
                "Categories": "Public Facilities",
                "Disaster Focus": "Critical Infrastructure",
                "New 15-25 Words Project Description": "Project details undisclosed",
                "Project Start Date": "",
                "Project End Date": "None",
                "Project Status": "Funding Not Yet Secured",
                "OLD * Brief Description of the Project": "None",
                "Estimated Project Cost": "543049.29",
                "Additional Comments": "page 33 of the link"
            },
            "geometry": {
                "type": "Point",
                "coordinates": [
                    -80.30870756,
                    25.8458627
                ]
            }
        },
        {
            "type": "Feature",
            "properties": {
                "Project Name": "Montrose Road from Oak Lane to NW 154th Street Drainage Improvements Project",
                "Latitude": "25.90916909",
                "Longitude": "-80.33331725",
                "City": "Miami Lakes",
                "Link to Data Source": "https://www.miamidade.gov/resources/emergency/documents/lms-part-2-the-projects.pdf",
                "Implementating Agency": "None",
                "Infrastructure Type": "Hybrid",
                "Categories": "Flood Control Infrastructure",
                "Disaster Focus": "Flooding",
                "New 15-25 Words Project Description": "Project details undisclosed",
                "Project Start Date": "2024",
                "Project End Date": "None",
                "Project Status": "Funding Secured",
                "OLD * Brief Description of the Project": "None",
                "Estimated Project Cost": "741421",
                "Additional Comments": "page 34 of the link"
            },
            "geometry": {
                "type": "Point",
                "coordinates": [
                    -80.33331725,
                    25.90916909
                ]
            }
        },
        {
            "type": "Feature",
            "properties": {
                "Project Name": "West Lakes Gardens Third Addition Drainage Project",
                "Latitude": "25.909157",
                "Longitude": "-80.344905",
                "City": "Miami Lakes",
                "Link to Data Source": "https://www.miamidade.gov/resources/emergency/documents/lms-part-2-the-projects.pdf",
                "Implementating Agency": "State Legislative Funding",
                "Infrastructure Type": "Hybrid",
                "Categories": "Public Facilities",
                "Disaster Focus": "Flooding",
                "New 15-25 Words Project Description": "Project details undisclosed",
                "Project Start Date": "2024",
                "Project End Date": "None",
                "Project Status": "Funding Secured",
                "OLD * Brief Description of the Project": "None",
                "Estimated Project Cost": "490447",
                "Additional Comments": "page 34 of the link"
            },
            "geometry": {
                "type": "Point",
                "coordinates": [
                    -80.344905,
                    25.909157
                ]
            }
        },
        {
            "type": "Feature",
            "properties": {
                "Project Name": "Construct Pump Station in K-8 Stormwater Basin",
                "Latitude": "25.69085036",
                "Longitude": "-80.16903613",
                "City": "Key Biscayne",
                "Link to Data Source": "https://www.miamidade.gov/resources/emergency/documents/lms-part-2-the-projects.pdf",
                "Implementating Agency": "Clean Water State Revolving Loan Fund, Resilient\nFlorida (FDEP)\t\t\t\t\t\t\t\t",
                "Infrastructure Type": "Gray",
                "Categories": "Flood Control Infrastructure",
                "Disaster Focus": "Storm Surge",
                "New 15-25 Words Project Description": "Project details undisclosed",
                "Project Start Date": "2026",
                "Project End Date": "None",
                "Project Status": "Funding Not Yet Secured",
                "OLD * Brief Description of the Project": "None",
                "Estimated Project Cost": "11979008",
                "Additional Comments": "page 34 of the link"
            },
            "geometry": {
                "type": "Point",
                "coordinates": [
                    -80.16903613,
                    25.69085036
                ]
            }
        },
        {
            "type": "Feature",
            "properties": {
                "Project Name": "Zone 2 Resilient Infrastructure Improvements",
                "Latitude": "25.68240979",
                "Longitude": "-80.17087188",
                "City": "Key Biscayne",
                "Link to Data Source": "https://www.miamidade.gov/resources/emergency/documents/lms-part-2-the-projects.pdf",
                "Implementating Agency": "CIP, CWSRF, General Obligation Bond\t",
                "Infrastructure Type": "Gray",
                "Categories": "Sustainability Initiatives",
                "Disaster Focus": "Critical Infrastructure",
                "New 15-25 Words Project Description": "Project details undisclosed",
                "Project Start Date": "",
                "Project End Date": "None",
                "Project Status": "Funding Not Yet Secured",
                "OLD * Brief Description of the Project": "None",
                "Estimated Project Cost": "30000000",
                "Additional Comments": "page 34 of the link"
            },
            "geometry": {
                "type": "Point",
                "coordinates": [
                    -80.17087188,
                    25.68240979
                ]
            }
        },
        {
            "type": "Feature",
            "properties": {
                "Project Name": "Zone 3 Resilient Infrastructure Improvements",
                "Latitude": "25.68716543",
                "Longitude": "-80.16944821",
                "City": "Key Biscayne",
                "Link to Data Source": "https://www.miamidade.gov/resources/emergency/documents/lms-part-2-the-projects.pdf",
                "Implementating Agency": "CIP, CWSRF, General Obligation Bond\t",
                "Infrastructure Type": "Gray",
                "Categories": "Sustainability Initiatives",
                "Disaster Focus": "Critical Infrastructure",
                "New 15-25 Words Project Description": "Project details undisclosed",
                "Project Start Date": "",
                "Project End Date": "None",
                "Project Status": "Funding Not Yet Secured",
                "OLD * Brief Description of the Project": "None",
                "Estimated Project Cost": "33000000",
                "Additional Comments": "page 34 of the link"
            },
            "geometry": {
                "type": "Point",
                "coordinates": [
                    -80.16944821,
                    25.68716543
                ]
            }
        },
        {
            "type": "Feature",
            "properties": {
                "Project Name": "Zone 4 Resilient Infrastructure Improvements",
                "Latitude": "25.68414842",
                "Longitude": "-80.1665954",
                "City": "Key Biscayne",
                "Link to Data Source": "https://www.miamidade.gov/resources/emergency/documents/lms-part-2-the-projects.pdf",
                "Implementating Agency": "CIP, CWSRF, General Obligation Bond\t",
                "Infrastructure Type": "Gray",
                "Categories": "Flood Control Infrastructure",
                "Disaster Focus": "Flooding",
                "New 15-25 Words Project Description": "Project details undisclosed",
                "Project Start Date": "",
                "Project End Date": "None",
                "Project Status": "Funding Not Yet Secured",
                "OLD * Brief Description of the Project": "None",
                "Estimated Project Cost": "36000000",
                "Additional Comments": "page 35 of the link"
            },
            "geometry": {
                "type": "Point",
                "coordinates": [
                    -80.1665954,
                    25.68414842
                ]
            }
        },
        {
            "type": "Feature",
            "properties": {
                "Project Name": "Zone 5 Resilient Infrastructure Improvements",
                "Latitude": "25.68349047",
                "Longitude": "-80.16038195",
                "City": "Key Biscayne",
                "Link to Data Source": "https://www.miamidade.gov/resources/emergency/documents/lms-part-2-the-projects.pdf",
                "Implementating Agency": "CIP, CWSRF, General Obligation Bond\t",
                "Infrastructure Type": "Gray",
                "Categories": "Flood Control Infrastructure",
                "Disaster Focus": "Flooding",
                "New 15-25 Words Project Description": "Project details undisclosed",
                "Project Start Date": "",
                "Project End Date": "None",
                "Project Status": "Funding Not Yet Secured",
                "OLD * Brief Description of the Project": "None",
                "Estimated Project Cost": "36000000",
                "Additional Comments": "page 35 of the link"
            },
            "geometry": {
                "type": "Point",
                "coordinates": [
                    -80.16038195,
                    25.68349047
                ]
            }
        },
        {
            "type": "Feature",
            "properties": {
                "Project Name": "Zone 6 Resilient Infrastructure Improvements",
                "Latitude": "25.69019862",
                "Longitude": "-80.17337902",
                "City": "Key Biscayne",
                "Link to Data Source": "https://www.miamidade.gov/resources/emergency/documents/lms-part-2-the-projects.pdf",
                "Implementating Agency": "CIP, CWSRF, General Obligation Bond\t",
                "Infrastructure Type": "Gray",
                "Categories": "Flood Control Infrastructure",
                "Disaster Focus": "Flooding",
                "New 15-25 Words Project Description": "Project details undisclosed",
                "Project Start Date": "",
                "Project End Date": "None",
                "Project Status": "Funding Not Yet Secured",
                "OLD * Brief Description of the Project": "None",
                "Estimated Project Cost": "43000000",
                "Additional Comments": "page 35 of the link"
            },
            "geometry": {
                "type": "Point",
                "coordinates": [
                    -80.17337902,
                    25.69019862
                ]
            }
        },
        {
            "type": "Feature",
            "properties": {
                "Project Name": "Zone 8 Resilient Infrastructure Improvements",
                "Latitude": "25.69565763",
                "Longitude": "-80.17130069",
                "City": "Key Biscayne",
                "Link to Data Source": "https://www.miamidade.gov/resources/emergency/documents/lms-part-2-the-projects.pdf",
                "Implementating Agency": "CIP, CWSRF, General Obligation Bond\t",
                "Infrastructure Type": "Gray",
                "Categories": "Flood Control Infrastructure",
                "Disaster Focus": "Flooding",
                "New 15-25 Words Project Description": "Project details undisclosed",
                "Project Start Date": "",
                "Project End Date": "None",
                "Project Status": "Funding Not Yet Secured",
                "OLD * Brief Description of the Project": "None",
                "Estimated Project Cost": "43000000",
                "Additional Comments": "page 35 of the link"
            },
            "geometry": {
                "type": "Point",
                "coordinates": [
                    -80.17130069,
                    25.69565763
                ]
            }
        },
        {
            "type": "Feature",
            "properties": {
                "Project Name": "Procure Mobile Generator for Pump Stations",
                "Latitude": "25.69091916",
                "Longitude": "-80.16480477",
                "City": "Key Biscayne",
                "Link to Data Source": "https://www.miamidade.gov/resources/emergency/documents/lms-part-2-the-projects.pdf",
                "Implementating Agency": "General Fund",
                "Infrastructure Type": "Gray",
                "Categories": "Flood Control Infrastructure",
                "Disaster Focus": "Flooding",
                "New 15-25 Words Project Description": "Project details undisclosed",
                "Project Start Date": "2024",
                "Project End Date": "None",
                "Project Status": "Funding Not Yet Secured",
                "OLD * Brief Description of the Project": "None",
                "Estimated Project Cost": "150000",
                "Additional Comments": "page 35 of the link"
            },
            "geometry": {
                "type": "Point",
                "coordinates": [
                    -80.16480477,
                    25.69091916
                ]
            }
        },
        {
            "type": "Feature",
            "properties": {
                "Project Name": "Replace Two Fire Rescue Trucks",
                "Latitude": "25.69076302",
                "Longitude": "-80.16398215",
                "City": "Key Biscayne",
                "Link to Data Source": "https://www.miamidade.gov/resources/emergency/documents/lms-part-2-the-projects.pdf",
                "Implementating Agency": "CIP",
                "Infrastructure Type": "Gray",
                "Categories": "Public Facilities",
                "Disaster Focus": "Flooding",
                "New 15-25 Words Project Description": "Project details undisclosed",
                "Project Start Date": "",
                "Project End Date": "2026",
                "Project Status": "Funding Secured",
                "OLD * Brief Description of the Project": "None",
                "Estimated Project Cost": "1000000",
                "Additional Comments": "page 36 of the link"
            },
            "geometry": {
                "type": "Point",
                "coordinates": [
                    -80.16398215,
                    25.69076302
                ]
            }
        },
        {
            "type": "Feature",
            "properties": {
                "Project Name": "Renourish Beach and Restore Dunes",
                "Latitude": "25.68937199",
                "Longitude": "-80.15673197",
                "City": "Key Biscayne",
                "Link to Data Source": "https://www.miamidade.gov/resources/emergency/documents/lms-part-2-the-projects.pdf",
                "Implementating Agency": "CIP, Beach Management Assistance Funding, State Approporiations",
                "Infrastructure Type": "Blue",
                "Categories": "Shoreline Protection",
                "Disaster Focus": "Flooding",
                "New 15-25 Words Project Description": "Project details undisclosed",
                "Project Start Date": "2024",
                "Project End Date": "None",
                "Project Status": "Funding Secured",
                "OLD * Brief Description of the Project": "None",
                "Estimated Project Cost": "2800000",
                "Additional Comments": "page 36 of the link"
            },
            "geometry": {
                "type": "Point",
                "coordinates": [
                    -80.15673197,
                    25.68937199
                ]
            }
        },
        {
            "type": "Feature",
            "properties": {
                "Project Name": "Construct Northwest Boundary Berm",
                "Latitude": "25.69968122",
                "Longitude": "-80.17045722",
                "City": "Key Biscayne",
                "Link to Data Source": "https://www.miamidade.gov/resources/emergency/documents/lms-part-2-the-projects.pdf",
                "Implementating Agency": "None",
                "Infrastructure Type": "Gray",
                "Categories": "Flood Control Infrastructure",
                "Disaster Focus": "Flooding",
                "New 15-25 Words Project Description": "Project details undisclosed",
                "Project Start Date": "",
                "Project End Date": "2028",
                "Project Status": "Funding Not Yet Secured",
                "OLD * Brief Description of the Project": "None",
                "Estimated Project Cost": "19500000",
                "Additional Comments": "page 36 of the link"
            },
            "geometry": {
                "type": "Point",
                "coordinates": [
                    -80.17045722,
                    25.69968122
                ]
            }
        },
        {
            "type": "Feature",
            "properties": {
                "Project Name": "Miami Fire Rescue- Fire Station 3 Hardening",
                "Latitude": "25.78049067",
                "Longitude": "-80.21335432",
                "City": "Miami",
                "Link to Data Source": "https://www.miamidade.gov/resources/emergency/documents/lms-part-2-the-projects.pdf",
                "Implementating Agency": "HMGP",
                "Infrastructure Type": "Gray",
                "Categories": "Public Facilities",
                "Disaster Focus": "Flooding",
                "New 15-25 Words Project Description": "Project details undisclosed",
                "Project Start Date": "",
                "Project End Date": "None",
                "Project Status": "Funding Not Yet Secured",
                "OLD * Brief Description of the Project": "None",
                "Estimated Project Cost": "745925",
                "Additional Comments": "page 36 of the link"
            },
            "geometry": {
                "type": "Point",
                "coordinates": [
                    -80.21335432,
                    25.78049067
                ]
            }
        },
        {
            "type": "Feature",
            "properties": {
                "Project Name": "Stormwater Improvements Â Northeast Transfer Station",
                "Latitude": "25.94786046",
                "Longitude": "-80.18790693",
                "City": "Miami-Dade County ",
                "Link to Data Source": "https://www.miamidade.gov/resources/emergency/documents/lms-part-2-the-projects.pdf",
                "Implementating Agency": "Solid Waste - Miami Dade County",
                "Infrastructure Type": "Gray",
                "Categories": "Flood Control Infrastructure",
                "Disaster Focus": "Flooding",
                "New 15-25 Words Project Description": "Project details undisclosed",
                "Project Start Date": "2025",
                "Project End Date": "None",
                "Project Status": "Funding Secured",
                "OLD * Brief Description of the Project": "None",
                "Estimated Project Cost": "500000",
                "Additional Comments": "page 36 of the link"
            },
            "geometry": {
                "type": "Point",
                "coordinates": [
                    -80.18790693,
                    25.94786046
                ]
            }
        },
        {
            "type": "Feature",
            "properties": {
                "Project Name": "Stormwater Improvements Â West Transfer Station",
                "Latitude": "25.74480181",
                "Longitude": "-80.31226868",
                "City": "Miami",
                "Link to Data Source": "https://www.miamidade.gov/resources/emergency/documents/lms-part-2-the-projects.pdf",
                "Implementating Agency": "Solid Waste - Miami Dade County",
                "Infrastructure Type": "Gray",
                "Categories": "Flood Control Infrastructure",
                "Disaster Focus": "Flooding",
                "New 15-25 Words Project Description": "Project details undisclosed",
                "Project Start Date": "2025",
                "Project End Date": "None",
                "Project Status": "Funding Secured",
                "OLD * Brief Description of the Project": "None",
                "Estimated Project Cost": "500000",
                "Additional Comments": "page 37 of the link"
            },
            "geometry": {
                "type": "Point",
                "coordinates": [
                    -80.31226868,
                    25.74480181
                ]
            }
        },
        {
            "type": "Feature",
            "properties": {
                "Project Name": "Hardening of Miami City Ballet Building",
                "Latitude": "25.79839584",
                "Longitude": "-80.12936016",
                "City": "Miami Beach ",
                "Link to Data Source": "https://www.miamidade.gov/resources/emergency/documents/lms-part-2-the-projects.pdf",
                "Implementating Agency": "None",
                "Infrastructure Type": "Gray",
                "Categories": "Flood Control Infrastructure",
                "Disaster Focus": "Flooding",
                "New 15-25 Words Project Description": "Project details undisclosed",
                "Project Start Date": "",
                "Project End Date": "2019",
                "Project Status": "Completed",
                "OLD * Brief Description of the Project": "None",
                "Estimated Project Cost": "",
                "Additional Comments": "page 37 of the link"
            },
            "geometry": {
                "type": "Point",
                "coordinates": [
                    -80.12936016,
                    25.79839584
                ]
            }
        },
        {
            "type": "Feature",
            "properties": {
                "Project Name": "Village Seawall and Dock Renovation",
                "Latitude": "25.89471687",
                "Longitude": "-80.12927053",
                "City": "Bal Harbour",
                "Link to Data Source": "https://www.miamidade.gov/resources/emergency/documents/lms-part-2-the-projects.pdf",
                "Implementating Agency": "Capital Projects Reserved Funding. A FIND construction grant was recently\nsecured to support with construction\t\t\t\t\t\t\t",
                "Infrastructure Type": "Gray",
                "Categories": "Flood Control Infrastructure",
                "Disaster Focus": "Flooding",
                "New 15-25 Words Project Description": "Project details undisclosed",
                "Project Start Date": "",
                "Project End Date": "None",
                "Project Status": "Completed",
                "OLD * Brief Description of the Project": "None",
                "Estimated Project Cost": "1500000",
                "Additional Comments": "page 37 of the link"
            },
            "geometry": {
                "type": "Point",
                "coordinates": [
                    -80.12927053,
                    25.89471687
                ]
            }
        },
        {
            "type": "Feature",
            "properties": {
                "Project Name": "EC2 Expansion-Phase III",
                "Latitude": "25.81373567",
                "Longitude": "-80.1405063",
                "City": "Miami Beach ",
                "Link to Data Source": "https://www.miamidade.gov/resources/emergency/documents/lms-part-2-the-projects.pdf",
                "Implementating Agency": "FDOH Grant",
                "Infrastructure Type": "Gray",
                "Categories": "Flood Control Infrastructure",
                "Disaster Focus": "Flooding",
                "New 15-25 Words Project Description": "Project details undisclosed",
                "Project Start Date": "",
                "Project End Date": "2021",
                "Project Status": "Completed",
                "OLD * Brief Description of the Project": "None",
                "Estimated Project Cost": "4200000",
                "Additional Comments": "page 37 of the link"
            },
            "geometry": {
                "type": "Point",
                "coordinates": [
                    -80.1405063,
                    25.81373567
                ]
            }
        },
        {
            "type": "Feature",
            "properties": {
                "Project Name": "PG5- Market Station First Floor Shutter Installation",
                "Latitude": "25.76041853",
                "Longitude": "-80.37114996",
                "City": "Miami",
                "Link to Data Source": "https://www.miamidade.gov/resources/emergency/documents/lms-part-2-the-projects.pdf",
                "Implementating Agency": "HMGP",
                "Infrastructure Type": "Gray",
                "Categories": "Sustainability Initiatives",
                "Disaster Focus": "Critical Infrastructure",
                "New 15-25 Words Project Description": "Project details undisclosed",
                "Project Start Date": "",
                "Project End Date": "None",
                "Project Status": "Completed",
                "OLD * Brief Description of the Project": "None",
                "Estimated Project Cost": "",
                "Additional Comments": "page 37 of the link"
            },
            "geometry": {
                "type": "Point",
                "coordinates": [
                    -80.37114996,
                    25.76041853
                ]
            }
        },
        {
            "type": "Feature",
            "properties": {
                "Project Name": "PG5 Market Station Generator Installation",
                "Latitude": "25.76041853",
                "Longitude": "-80.37114996",
                "City": "Miami",
                "Link to Data Source": "https://www.miamidade.gov/resources/emergency/documents/lms-part-2-the-projects.pdf",
                "Implementating Agency": "HMGP",
                "Infrastructure Type": "Gray",
                "Categories": "Public Facilities",
                "Disaster Focus": "Critical Infrastructure",
                "New 15-25 Words Project Description": "Project details undisclosed",
                "Project Start Date": "",
                "Project End Date": "None",
                "Project Status": "Completed",
                "OLD * Brief Description of the Project": "None",
                "Estimated Project Cost": "",
                "Additional Comments": "page 37 of the link"
            },
            "geometry": {
                "type": "Point",
                "coordinates": [
                    -80.37114996,
                    25.76041853
                ]
            }
        },
        {
            "type": "Feature",
            "properties": {
                "Project Name": "Seawalls: Convention Center Dr to Washington",
                "Latitude": "25.79700647",
                "Longitude": "-80.13413606",
                "City": "Miami Beach ",
                "Link to Data Source": "https://www.miamidade.gov/resources/emergency/documents/lms-part-2-the-projects.pdf",
                "Implementating Agency": "None",
                "Infrastructure Type": "Gray",
                "Categories": "Flood Control Infrastructure",
                "Disaster Focus": "Multi-hazard",
                "New 15-25 Words Project Description": "Project details undisclosed",
                "Project Start Date": "",
                "Project End Date": "2022",
                "Project Status": "Completed",
                "OLD * Brief Description of the Project": "None",
                "Estimated Project Cost": "",
                "Additional Comments": "page 38 of the link"
            },
            "geometry": {
                "type": "Point",
                "coordinates": [
                    -80.13413606,
                    25.79700647
                ]
            }
        },
        {
            "type": "Feature",
            "properties": {
                "Project Name": "Franjo Park Restoration and Upgrades",
                "Latitude": "25.58047805",
                "Longitude": "-80.33595549",
                "City": "Cutler Bay",
                "Link to Data Source": "https://www.miamidade.gov/resources/emergency/documents/lms-part-2-the-projects.pdf",
                "Implementating Agency": "None",
                "Infrastructure Type": "Green",
                "Categories": "Green Infrastructure",
                "Disaster Focus": "Multi-hazard",
                "New 15-25 Words Project Description": "Project details undisclosed",
                "Project Start Date": "",
                "Project End Date": "None",
                "Project Status": "Completed",
                "OLD * Brief Description of the Project": "None",
                "Estimated Project Cost": "1800000",
                "Additional Comments": "page 38 of the link"
            },
            "geometry": {
                "type": "Point",
                "coordinates": [
                    -80.33595549,
                    25.58047805
                ]
            }
        },
        {
            "type": "Feature",
            "properties": {
                "Project Name": "Saga Bay 1.5 Drainage Improvement",
                "Latitude": "25.58445971",
                "Longitude": "-80.3227037",
                "City": "Cutler Bay",
                "Link to Data Source": "https://www.miamidade.gov/resources/emergency/documents/lms-part-2-the-projects.pdf",
                "Implementating Agency": "Stormwater Utility Fund",
                "Infrastructure Type": "Hybrid",
                "Categories": "Flood Control Infrastructure",
                "Disaster Focus": "Flooding",
                "New 15-25 Words Project Description": "Project details undisclosed",
                "Project Start Date": "",
                "Project End Date": "None",
                "Project Status": "Completed",
                "OLD * Brief Description of the Project": "None",
                "Estimated Project Cost": "1100000",
                "Additional Comments": "page 38 of the link"
            },
            "geometry": {
                "type": "Point",
                "coordinates": [
                    -80.3227037,
                    25.58445971
                ]
            }
        },
        {
            "type": "Feature",
            "properties": {
                "Project Name": "Cutler Ridge Section 3 Drainage Improvement",
                "Latitude": "25.57289623",
                "Longitude": "-80.35400462",
                "City": "Cutler Bay",
                "Link to Data Source": "https://www.miamidade.gov/resources/emergency/documents/lms-part-2-the-projects.pdf",
                "Implementating Agency": "Florida Small Cities Department of Economic Opportunity (CDBG) and Stormwater Utility Fund",
                "Infrastructure Type": "Gray",
                "Categories": "Flood Control Infrastructure",
                "Disaster Focus": "Flooding",
                "New 15-25 Words Project Description": "Project details undisclosed",
                "Project Start Date": "",
                "Project End Date": "None",
                "Project Status": "Completed",
                "OLD * Brief Description of the Project": "None",
                "Estimated Project Cost": "1325000",
                "Additional Comments": "page 38 of the link"
            },
            "geometry": {
                "type": "Point",
                "coordinates": [
                    -80.35400462,
                    25.57289623
                ]
            }
        },
        {
            "type": "Feature",
            "properties": {
                "Project Name": "Emergency Operations Center (EOC) Relocation/Expansion Project",
                "Latitude": "25.81038026",
                "Longitude": "-80.34885945",
                "City": "Doral",
                "Link to Data Source": "https://www.miamidade.gov/resources/emergency/documents/lms-part-2-the-projects.pdf",
                "Implementating Agency": "General Fund",
                "Infrastructure Type": "Gray",
                "Categories": "Public Facilities",
                "Disaster Focus": "Critical Infrastructure",
                "New 15-25 Words Project Description": "Project details undisclosed",
                "Project Start Date": "2018",
                "Project End Date": "2019",
                "Project Status": "Completed",
                "OLD * Brief Description of the Project": "None",
                "Estimated Project Cost": "",
                "Additional Comments": "page 38 of the link"
            },
            "geometry": {
                "type": "Point",
                "coordinates": [
                    -80.34885945,
                    25.81038026
                ]
            }
        },
        {
            "type": "Feature",
            "properties": {
                "Project Name": "NE 34th Avenue Drainage Improvements ",
                "Latitude": "25.9215264",
                "Longitude": "-80.13210089",
                "City": "North Miami ",
                "Link to Data Source": "https://www.miamidade.gov/resources/emergency/documents/lms-part-2-the-projects.pdf",
                "Implementating Agency": "City of Aventura ",
                "Infrastructure Type": "Gray",
                "Categories": "Flood Control Infrastructure",
                "Disaster Focus": "Flooding",
                "New 15-25 Words Project Description": "Project details undisclosed",
                "Project Start Date": "2022",
                "Project End Date": "2023",
                "Project Status": "Funding Secured",
                "OLD * Brief Description of the Project": "None",
                "Estimated Project Cost": "770000",
                "Additional Comments": "page 38 of the link"
            },
            "geometry": {
                "type": "Point",
                "coordinates": [
                    -80.13210089,
                    25.9215264
                ]
            }
        },
        {
            "type": "Feature",
            "properties": {
                "Project Name": "Coral Gables Country Club Emergency Generator ",
                "Latitude": "25.75340673",
                "Longitude": "-80.27447059",
                "City": "Coral Gables  ",
                "Link to Data Source": "https://www.miamidade.gov/resources/emergency/documents/lms-part-2-the-projects.pdf",
                "Implementating Agency": "City of Coral Gables ",
                "Infrastructure Type": "Gray",
                "Categories": "Public Facilities",
                "Disaster Focus": "Critical Infrastructure",
                "New 15-25 Words Project Description": "Project details undisclosed",
                "Project Start Date": "2023",
                "Project End Date": "2024",
                "Project Status": "Funding Not Yet Secured",
                "OLD * Brief Description of the Project": "None",
                "Estimated Project Cost": "800000",
                "Additional Comments": "page 38 of the link"
            },
            "geometry": {
                "type": "Point",
                "coordinates": [
                    -80.27447059,
                    25.75340673
                ]
            }
        },
        {
            "type": "Feature",
            "properties": {
                "Project Name": "Youth Center Emergency Generator ",
                "Latitude": "25.74191617",
                "Longitude": "-80.26328007",
                "City": "Coral Gables  ",
                "Link to Data Source": "https://www.miamidade.gov/resources/emergency/documents/lms-part-2-the-projects.pdf",
                "Implementating Agency": "City of Coral Gables ",
                "Infrastructure Type": "Gray",
                "Categories": "Public Facilities",
                "Disaster Focus": "Critical Infrastructure",
                "New 15-25 Words Project Description": "Project details undisclosed",
                "Project Start Date": "2023",
                "Project End Date": "2024",
                "Project Status": "Funding Not Yet Secured",
                "OLD * Brief Description of the Project": "None",
                "Estimated Project Cost": "350000",
                "Additional Comments": "page 38 of the link"
            },
            "geometry": {
                "type": "Point",
                "coordinates": [
                    -80.26328007,
                    25.74191617
                ]
            }
        },
        {
            "type": "Feature",
            "properties": {
                "Project Name": "Aventura Parking Lot Injection Well",
                "Latitude": "25.96115761",
                "Longitude": "-80.14442921",
                "City": "Aventura ",
                "Link to Data Source": "https://www.miamidade.gov/resources/emergency/documents/lms-part-2-the-projects.pdf",
                "Implementating Agency": "Mount Sinai Hospital",
                "Infrastructure Type": "Gray",
                "Categories": "Public Facilities",
                "Disaster Focus": "Critical Infrastructure",
                "New 15-25 Words Project Description": "Project details undisclosed",
                "Project Start Date": "2023",
                "Project End Date": "2024",
                "Project Status": "Funding Not Yet Secured",
                "OLD * Brief Description of the Project": "None",
                "Estimated Project Cost": "1000000",
                "Additional Comments": "page 38 of the link"
            },
            "geometry": {
                "type": "Point",
                "coordinates": [
                    -80.14442921,
                    25.96115761
                ]
            }
        },
        {
            "type": "Feature",
            "properties": {
                "Project Name": "130-1 NW 99th Terrace Connector",
                "Latitude": "25.86260754",
                "Longitude": "-80.33529201",
                "City": "Medley ",
                "Link to Data Source": "https://www.miamidade.gov/resources/emergency/documents/lms-part-2-the-projects.pdf",
                "Implementating Agency": "City of Medley ",
                "Infrastructure Type": "Gray",
                "Categories": "Flood Control Infrastructure",
                "Disaster Focus": "Critical Infrastructure",
                "New 15-25 Words Project Description": "Project details undisclosed",
                "Project Start Date": "2024",
                "Project End Date": "None",
                "Project Status": "Funding Not Yet Secured",
                "OLD * Brief Description of the Project": "None",
                "Estimated Project Cost": "2037700",
                "Additional Comments": "page 38 of the link"
            },
            "geometry": {
                "type": "Point",
                "coordinates": [
                    -80.33529201,
                    25.86260754
                ]
            }
        },
        {
            "type": "Feature",
            "properties": {
                "Project Name": "Homestead JD Redd Park Wind Mitigation Retrofit",
                "Latitude": "25.47340434",
                "Longitude": "-80.4698272",
                "City": "Homestead",
                "Link to Data Source": "https://www.miamidade.gov/resources/emergency/documents/lms-part-2-the-projects.pdf",
                "Implementating Agency": "City of Homestead",
                "Infrastructure Type": "Gray",
                "Categories": "Sustainability Initiatives",
                "Disaster Focus": "Critical Infrastructure",
                "New 15-25 Words Project Description": "Project details undisclosed",
                "Project Start Date": "2023",
                "Project End Date": "2024",
                "Project Status": "Funding Secured",
                "OLD * Brief Description of the Project": "None",
                "Estimated Project Cost": "194000",
                "Additional Comments": "page 38 of the link"
            },
            "geometry": {
                "type": "Point",
                "coordinates": [
                    -80.4698272,
                    25.47340434
                ]
            }
        },
        {
            "type": "Feature",
            "properties": {
                "Project Name": "Vizcaya Village Flood and Wind Mitigation (Garage & Mechanic'sShop)",
                "Latitude": "25.74782656",
                "Longitude": "-80.21105646",
                "City": "Miami",
                "Link to Data Source": "https://www.miamidade.gov/resources/emergency/documents/lms-part-2-the-projects.pdf",
                "Implementating Agency": "Viscaya Museum and Gardens",
                "Infrastructure Type": "Gray",
                "Categories": "Sustainability Initiatives",
                "Disaster Focus": "Critical Infrastructure",
                "New 15-25 Words Project Description": "Project details undisclosed",
                "Project Start Date": "2026",
                "Project End Date": "None",
                "Project Status": "Funding Not Yet Secured",
                "OLD * Brief Description of the Project": "None",
                "Estimated Project Cost": "2000000",
                "Additional Comments": "page 38 of the link"
            },
            "geometry": {
                "type": "Point",
                "coordinates": [
                    -80.21105646,
                    25.74782656
                ]
            }
        },
        {
            "type": "Feature",
            "properties": {
                "Project Name": "Vizcaya Casino Flood & Wind Mitigation",
                "Latitude": "25.74448872",
                "Longitude": "-80.2104747",
                "City": "Miami",
                "Link to Data Source": "https://www.miamidade.gov/resources/emergency/documents/lms-part-2-the-projects.pdf",
                "Implementating Agency": "Viscaya Museum and Gardens",
                "Infrastructure Type": "Gray",
                "Categories": "Sustainability Initiatives",
                "Disaster Focus": "Critical Infrastructure",
                "New 15-25 Words Project Description": "Project details undisclosed",
                "Project Start Date": "2026",
                "Project End Date": "None",
                "Project Status": "Funding Not Yet Secured",
                "OLD * Brief Description of the Project": "None",
                "Estimated Project Cost": "900000",
                "Additional Comments": "page 39 of the link"
            },
            "geometry": {
                "type": "Point",
                "coordinates": [
                    -80.2104747,
                    25.74448872
                ]
            }
        },
        {
            "type": "Feature",
            "properties": {
                "Project Name": "EOC Generator and Enclosure",
                "Latitude": "25.72004883",
                "Longitude": "-80.27489436",
                "City": "Coral Gables ",
                "Link to Data Source": "https://www.miamidade.gov/resources/emergency/documents/lms-part-2-the-projects.pdf",
                "Implementating Agency": "University of Miami",
                "Infrastructure Type": "Gray",
                "Categories": "Public Facilities",
                "Disaster Focus": "Critical Infrastructure",
                "New 15-25 Words Project Description": "Project details undisclosed",
                "Project Start Date": "2023",
                "Project End Date": "None",
                "Project Status": "Funding Not Yet Secured",
                "OLD * Brief Description of the Project": "None",
                "Estimated Project Cost": "926386",
                "Additional Comments": "page 39 of the link"
            },
            "geometry": {
                "type": "Point",
                "coordinates": [
                    -80.27489436,
                    25.72004883
                ]
            }
        },
        {
            "type": "Feature",
            "properties": {
                "Project Name": "Vizcaya Drainage Improvement - Main Gardens",
                "Latitude": "25.74448872",
                "Longitude": "-80.2104747",
                "City": "Miami",
                "Link to Data Source": "https://www.miamidade.gov/resources/emergency/documents/lms-part-2-the-projects.pdf",
                "Implementating Agency": "Viscaya Museum and Gardens",
                "Infrastructure Type": "Gray",
                "Categories": "Flood Control Infrastructure",
                "Disaster Focus": "Flooding",
                "New 15-25 Words Project Description": "Project details undisclosed",
                "Project Start Date": "2026",
                "Project End Date": "None",
                "Project Status": "Funding Not Yet Secured",
                "OLD * Brief Description of the Project": "None",
                "Estimated Project Cost": "900000",
                "Additional Comments": "page 39 of the link"
            },
            "geometry": {
                "type": "Point",
                "coordinates": [
                    -80.2104747,
                    25.74448872
                ]
            }
        },
        {
            "type": "Feature",
            "properties": {
                "Project Name": "6th Avenue Drainage Improvements",
                "Latitude": "25.47706815",
                "Longitude": "-80.46900633",
                "City": "Homestead ",
                "Link to Data Source": "https://www.miamidade.gov/resources/emergency/documents/lms-part-2-the-projects.pdf",
                "Implementating Agency": "City of Homestead",
                "Infrastructure Type": "Gray",
                "Categories": "Flood Control Infrastructure",
                "Disaster Focus": "Flooding",
                "New 15-25 Words Project Description": "Project details undisclosed",
                "Project Start Date": "2023",
                "Project End Date": "None",
                "Project Status": "Funding Secured",
                "OLD * Brief Description of the Project": "None",
                "Estimated Project Cost": "2900000",
                "Additional Comments": "page 39 of the link"
            },
            "geometry": {
                "type": "Point",
                "coordinates": [
                    -80.46900633,
                    25.47706815
                ]
            }
        },
        {
            "type": "Feature",
            "properties": {
                "Project Name": "Phoenix Manor I - External Hardening",
                "Latitude": "25.7343",
                "Longitude": "-80.33946699",
                "City": "Miami",
                "Link to Data Source": "https://www.miamidade.gov/resources/emergency/documents/lms-part-2-the-projects.pdf",
                "Implementating Agency": "Banyan Community Health Center",
                "Infrastructure Type": "Gray",
                "Categories": "Public Facilities",
                "Disaster Focus": "Critical Infrastructure",
                "New 15-25 Words Project Description": "Project details undisclosed",
                "Project Start Date": "2023",
                "Project End Date": "None",
                "Project Status": "Funding Not Yet Secured",
                "OLD * Brief Description of the Project": "None",
                "Estimated Project Cost": "2807577",
                "Additional Comments": "page 39 of the link"
            },
            "geometry": {
                "type": "Point",
                "coordinates": [
                    -80.33946699,
                    25.7343
                ]
            }
        },
        {
            "type": "Feature",
            "properties": {
                "Project Name": "Leslie Estates Road and Drainage Project - Phase III",
                "Latitude": "25.94730563",
                "Longitude": "-80.25291307",
                "City": "Miami Gardens ",
                "Link to Data Source": "https://www.miamidade.gov/resources/emergency/documents/lms-part-2-the-projects.pdf",
                "Implementating Agency": "Miami Gardens",
                "Infrastructure Type": "Gray",
                "Categories": "Flood Control Infrastructure",
                "Disaster Focus": "Flooding",
                "New 15-25 Words Project Description": "Project details undisclosed",
                "Project Start Date": "2025",
                "Project End Date": "None",
                "Project Status": "Funding Secured",
                "OLD * Brief Description of the Project": "None",
                "Estimated Project Cost": "1500000",
                "Additional Comments": "page 39 of the link"
            },
            "geometry": {
                "type": "Point",
                "coordinates": [
                    -80.25291307,
                    25.94730563
                ]
            }
        },
        {
            "type": "Feature",
            "properties": {
                "Project Name": "Banyan Health RRC Load Path Hardening",
                "Latitude": "25.82950366",
                "Longitude": "-80.19800346",
                "City": "Miami",
                "Link to Data Source": "https://www.miamidade.gov/resources/emergency/documents/lms-part-2-the-projects.pdf",
                "Implementating Agency": "Banyan Community Health Center",
                "Infrastructure Type": "Gray",
                "Categories": "Flood Control Infrastructure",
                "Disaster Focus": "Critical Infrastructure",
                "New 15-25 Words Project Description": "Project details undisclosed",
                "Project Start Date": "2023",
                "Project End Date": "None",
                "Project Status": "Funding Not Yet Secured",
                "OLD * Brief Description of the Project": "None",
                "Estimated Project Cost": "1142200",
                "Additional Comments": "page 39 of the link"
            },
            "geometry": {
                "type": "Point",
                "coordinates": [
                    -80.19800346,
                    25.82950366
                ]
            }
        },
        {
            "type": "Feature",
            "properties": {
                "Project Name": "Stormwater Improvement Project Sub Basin NW 33 ST",
                "Latitude": "25.80465593",
                "Longitude": "-80.35122885",
                "City": "Doral ",
                "Link to Data Source": "https://www.miamidade.gov/resources/emergency/documents/lms-part-2-the-projects.pdf",
                "Implementating Agency": "City of Doral ",
                "Infrastructure Type": "Gray",
                "Categories": "Flood Control Infrastructure",
                "Disaster Focus": "Storm Surge",
                "New 15-25 Words Project Description": "Project details undisclosed",
                "Project Start Date": "2023",
                "Project End Date": "None",
                "Project Status": "Funding Not Yet Secured",
                "OLD * Brief Description of the Project": "None",
                "Estimated Project Cost": "973837",
                "Additional Comments": "page 40 of the link"
            },
            "geometry": {
                "type": "Point",
                "coordinates": [
                    -80.35122885,
                    25.80465593
                ]
            }
        },
        {
            "type": "Feature",
            "properties": {
                "Project Name": "Vizcaya Drainage Improvement -East side of estate",
                "Latitude": "25.74458387",
                "Longitude": "-80.21013905",
                "City": "Miami",
                "Link to Data Source": "https://www.miamidade.gov/resources/emergency/documents/lms-part-2-the-projects.pdf",
                "Implementating Agency": "Viscaya Museum and Gardens",
                "Infrastructure Type": "Gray",
                "Categories": "Flood Control Infrastructure",
                "Disaster Focus": "Flooding",
                "New 15-25 Words Project Description": "Project details undisclosed",
                "Project Start Date": "2026",
                "Project End Date": "None",
                "Project Status": "Funding Not Yet Secured",
                "OLD * Brief Description of the Project": "None",
                "Estimated Project Cost": "1800000",
                "Additional Comments": "page 40 of the link "
            },
            "geometry": {
                "type": "Point",
                "coordinates": [
                    -80.21013905,
                    25.74458387
                ]
            }
        },
        {
            "type": "Feature",
            "properties": {
                "Project Name": "City-wide Flood Sensors",
                "Latitude": "25.86271051",
                "Longitude": "-80.29103668",
                "City": "Hialeah  ",
                "Link to Data Source": "https://www.miamidade.gov/resources/emergency/documents/lms-part-2-the-projects.pdf",
                "Implementating Agency": "City of Hialeah ",
                "Infrastructure Type": "Gray",
                "Categories": "Flood Control Infrastructure",
                "Disaster Focus": "Flooding",
                "New 15-25 Words Project Description": "Project details undisclosed",
                "Project Start Date": "2023",
                "Project End Date": "None",
                "Project Status": "Funding Not Yet Secured",
                "OLD * Brief Description of the Project": "None",
                "Estimated Project Cost": "2776920",
                "Additional Comments": "page 40 of the link"
            },
            "geometry": {
                "type": "Point",
                "coordinates": [
                    -80.29103668,
                    25.86271051
                ]
            }
        },
        {
            "type": "Feature",
            "properties": {
                "Project Name": "City of Hialeah - Drainage Improvement Project 1",
                "Latitude": "25.88432236",
                "Longitude": "-80.34775718",
                "City": "Hialeah  ",
                "Link to Data Source": "https://www.miamidade.gov/resources/emergency/documents/lms-part-2-the-projects.pdf",
                "Implementating Agency": "City of Hialeah ",
                "Infrastructure Type": "Gray",
                "Categories": "Flood Control Infrastructure",
                "Disaster Focus": "Flooding",
                "New 15-25 Words Project Description": "Project details undisclosed",
                "Project Start Date": "2023",
                "Project End Date": "None",
                "Project Status": "Funding Not Yet Secured",
                "OLD * Brief Description of the Project": "None",
                "Estimated Project Cost": "2168390",
                "Additional Comments": "page 40 of the link"
            },
            "geometry": {
                "type": "Point",
                "coordinates": [
                    -80.34775718,
                    25.88432236
                ]
            }
        },
        {
            "type": "Feature",
            "properties": {
                "Project Name": "Hardened 911 Communication and Emergency Operations Center",
                "Latitude": "25.95292953",
                "Longitude": "-80.13925773",
                "City": "Aventura ",
                "Link to Data Source": "https://www.miamidade.gov/resources/emergency/documents/lms-part-2-the-projects.pdf",
                "Implementating Agency": "City of Aventura ",
                "Infrastructure Type": "Gray",
                "Categories": "Public Facilities",
                "Disaster Focus": "Critical Infrastructure",
                "New 15-25 Words Project Description": "Project details undisclosed",
                "Project Start Date": "2023",
                "Project End Date": "None",
                "Project Status": "Funding Not Yet Secured",
                "OLD * Brief Description of the Project": "None",
                "Estimated Project Cost": "2500000",
                "Additional Comments": "page 40 of the link"
            },
            "geometry": {
                "type": "Point",
                "coordinates": [
                    -80.13925773,
                    25.95292953
                ]
            }
        },
        {
            "type": "Feature",
            "properties": {
                "Project Name": "Emergency Power Generator for Police & Emergency Operations Center ",
                "Latitude": "25.95281399",
                "Longitude": "-80.13933886",
                "City": "Aventura ",
                "Link to Data Source": "",
                "Implementating Agency": "None",
                "Infrastructure Type": "Gray",
                "Categories": "Public Facilities",
                "Disaster Focus": "Critical Infrastructure",
                "New 15-25 Words Project Description": "Project details undisclosed",
                "Project Start Date": "",
                "Project End Date": "None",
                "Project Status": "Ongoing",
                "OLD * Brief Description of the Project": "None",
                "Estimated Project Cost": "",
                "Additional Comments": ""
            },
            "geometry": {
                "type": "Point",
                "coordinates": [
                    -80.13933886,
                    25.95281399
                ]
            }
        },
        {
            "type": "Feature",
            "properties": {
                "Project Name": "Jackson Memorial Generator Plant Upgrade",
                "Latitude": "25.79288084",
                "Longitude": "-80.21458736",
                "City": "Miami",
                "Link to Data Source": "https://www.miamidade.gov/resources/emergency/documents/lms-part-2-the-projects.pdf",
                "Implementating Agency": "Jackson Health Systems Miami-Dade County Public Health Trust",
                "Infrastructure Type": "Gray",
                "Categories": "Public Facilities",
                "Disaster Focus": "Critical Infrastructure",
                "New 15-25 Words Project Description": "Project details undisclosed",
                "Project Start Date": "2023",
                "Project End Date": "None",
                "Project Status": "Funding Not Yet Secured",
                "OLD * Brief Description of the Project": "None",
                "Estimated Project Cost": "5000000",
                "Additional Comments": "page 42 of the link"
            },
            "geometry": {
                "type": "Point",
                "coordinates": [
                    -80.21458736,
                    25.79288084
                ]
            }
        },
        {
            "type": "Feature",
            "properties": {
                "Project Name": "Stormwater Improvement Project Sub Basin E7",
                "Latitude": "25.80540867",
                "Longitude": "-80.33735452",
                "City": "Doral ",
                "Link to Data Source": "https://www.miamidade.gov/resources/emergency/documents/lms-part-2-the-projects.pdf",
                "Implementating Agency": "City of Doral",
                "Infrastructure Type": "Gray",
                "Categories": "Flood Control Infrastructure",
                "Disaster Focus": "Storm Surge",
                "New 15-25 Words Project Description": "Project details undisclosed",
                "Project Start Date": "2023",
                "Project End Date": "None",
                "Project Status": "Funding Not Yet Secured",
                "OLD * Brief Description of the Project": "None",
                "Estimated Project Cost": "515181",
                "Additional Comments": "page 42 of the link"
            },
            "geometry": {
                "type": "Point",
                "coordinates": [
                    -80.33735452,
                    25.80540867
                ]
            }
        },
        {
            "type": "Feature",
            "properties": {
                "Project Name": "Uninterruptible Power System Police Department",
                "Latitude": "25.47075257",
                "Longitude": "-80.47907777",
                "City": "Homestead ",
                "Link to Data Source": "https://www.miamidade.gov/resources/emergency/documents/lms-part-2-the-projects.pdf",
                "Implementating Agency": "City of Homestead ",
                "Infrastructure Type": "Gray",
                "Categories": "Public Facilities",
                "Disaster Focus": "Critical Infrastructure",
                "New 15-25 Words Project Description": "Project details undisclosed",
                "Project Start Date": "2023",
                "Project End Date": "2024",
                "Project Status": "Funding Not Yet Secured",
                "OLD * Brief Description of the Project": "None",
                "Estimated Project Cost": "79000",
                "Additional Comments": "page 42 of the link"
            },
            "geometry": {
                "type": "Point",
                "coordinates": [
                    -80.47907777,
                    25.47075257
                ]
            }
        },
        {
            "type": "Feature",
            "properties": {
                "Project Name": "Retrofit of Fire Department Headquarters Building",
                "Latitude": "25.82683142",
                "Longitude": "-80.28010895",
                "City": "Hialeah ",
                "Link to Data Source": "https://www.miamidade.gov/resources/emergency/documents/lms-part-2-the-projects.pdf",
                "Implementating Agency": "City of Hialeah ",
                "Infrastructure Type": "Gray",
                "Categories": "Public Facilities",
                "Disaster Focus": "Critical Infrastructure",
                "New 15-25 Words Project Description": "Project details undisclosed",
                "Project Start Date": "2023",
                "Project End Date": "None",
                "Project Status": "Funding Not Yet Secured",
                "OLD * Brief Description of the Project": "None",
                "Estimated Project Cost": "595414",
                "Additional Comments": "page 42 of the link"
            },
            "geometry": {
                "type": "Point",
                "coordinates": [
                    -80.28010895,
                    25.82683142
                ]
            }
        },
        {
            "type": "Feature",
            "properties": {
                "Project Name": "Miami-Dade, FL: Miami-Dade Fire Rescue Station 03 Hardening Project",
                "Latitude": "25.73444994",
                "Longitude": "-80.32725027",
                "City": "Miami",
                "Link to Data Source": "https://www.miamidade.gov/resources/emergency/documents/lms-part-2-the-projects.pdf",
                "Implementating Agency": "Fire Rescue Miami-Dade County",
                "Infrastructure Type": "Gray",
                "Categories": "Public Facilities",
                "Disaster Focus": "Critical Infrastructure",
                "New 15-25 Words Project Description": "Project details undisclosed",
                "Project Start Date": "",
                "Project End Date": "None",
                "Project Status": "Funding Not Yet Secured",
                "OLD * Brief Description of the Project": "None",
                "Estimated Project Cost": "1000000",
                "Additional Comments": "page 43 of the link"
            },
            "geometry": {
                "type": "Point",
                "coordinates": [
                    -80.32725027,
                    25.73444994
                ]
            }
        },
        {
            "type": "Feature",
            "properties": {
                "Project Name": "Dade Chase Admin Building",
                "Latitude": "25.82944584",
                "Longitude": "-80.19848125",
                "City": "Miami",
                "Link to Data Source": "https://www.miamidade.gov/resources/emergency/documents/lms-part-2-the-projects.pdf",
                "Implementating Agency": "Banyan Community Health Center",
                "Infrastructure Type": "Gray",
                "Categories": "Public Facilities",
                "Disaster Focus": "Critical Infrastructure",
                "New 15-25 Words Project Description": "Project details undisclosed",
                "Project Start Date": "2023",
                "Project End Date": "None",
                "Project Status": "Funding Not Yet Secured",
                "OLD * Brief Description of the Project": "None",
                "Estimated Project Cost": "1168171",
                "Additional Comments": "page 43 of the link"
            },
            "geometry": {
                "type": "Point",
                "coordinates": [
                    -80.19848125,
                    25.82944584
                ]
            }
        },
        {
            "type": "Feature",
            "properties": {
                "Project Name": "Miami-Dade, FL: Miami-Dade Fire Rescue Station 34 Hardening Project",
                "Latitude": "25.57111394",
                "Longitude": "-80.36734998",
                "City": "Cutler Bay ",
                "Link to Data Source": "https://www.miamidade.gov/resources/emergency/documents/lms-part-2-the-projects.pdf",
                "Implementating Agency": "Fire Rescue Miami-Dade County",
                "Infrastructure Type": "Gray",
                "Categories": "Public Facilities",
                "Disaster Focus": "Critical Infrastructure",
                "New 15-25 Words Project Description": "Project details undisclosed",
                "Project Start Date": "",
                "Project End Date": "None",
                "Project Status": "Funding Not Yet Secured",
                "OLD * Brief Description of the Project": "None",
                "Estimated Project Cost": "1250000",
                "Additional Comments": "page 43 of the link"
            },
            "geometry": {
                "type": "Point",
                "coordinates": [
                    -80.36734998,
                    25.57111394
                ]
            }
        },
        {
            "type": "Feature",
            "properties": {
                "Project Name": "Miami Fire Rescue -Fire Station 7 Hardening",
                "Latitude": "25.86013727",
                "Longitude": "-80.23452645",
                "City": "Miami",
                "Link to Data Source": "https://www.miamidade.gov/resources/emergency/documents/lms-part-2-the-projects.pdf",
                "Implementating Agency": "City of Miami",
                "Infrastructure Type": "Gray",
                "Categories": "Flood Control Infrastructure",
                "Disaster Focus": "Critical Infrastructure",
                "New 15-25 Words Project Description": "Project details undisclosed",
                "Project Start Date": "2023",
                "Project End Date": "None",
                "Project Status": "Funding Not Yet Secured",
                "OLD * Brief Description of the Project": "None",
                "Estimated Project Cost": "551325",
                "Additional Comments": "page 43 of the link"
            },
            "geometry": {
                "type": "Point",
                "coordinates": [
                    -80.23452645,
                    25.86013727
                ]
            }
        },
        {
            "type": "Feature",
            "properties": {
                "Project Name": "Miami-Dade Fire Rescue Stations 01, 03, & 15 Hardening Project Including Roof",
                "Latitude": "25.92413645",
                "Longitude": "-80.30891796",
                "City": "Miami-Dade County ",
                "Link to Data Source": "https://www.miamidade.gov/resources/emergency/documents/lms-part-2-the-projects.pdf",
                "Implementating Agency": "Fire Rescue Miami-Dade County",
                "Infrastructure Type": "Gray",
                "Categories": "Public Facilities",
                "Disaster Focus": "Critical Infrastructure",
                "New 15-25 Words Project Description": "Project details undisclosed",
                "Project Start Date": "",
                "Project End Date": "None",
                "Project Status": "Funding Not Yet Secured",
                "OLD * Brief Description of the Project": "None",
                "Estimated Project Cost": "1953487",
                "Additional Comments": "page 44 of the link"
            },
            "geometry": {
                "type": "Point",
                "coordinates": [
                    -80.30891796,
                    25.92413645
                ]
            }
        },
        {
            "type": "Feature",
            "properties": {
                "Project Name": "Roof Replacement",
                "Latitude": "25.8127817",
                "Longitude": "-80.14072245",
                "City": "Miami Beach ",
                "Link to Data Source": "https://www.miamidade.gov/resources/emergency/documents/lms-part-2-the-projects.pdf",
                "Implementating Agency": "Mount Sinai Hospital",
                "Infrastructure Type": "Gray",
                "Categories": "Public Facilities",
                "Disaster Focus": "Critical Infrastructure",
                "New 15-25 Words Project Description": "Project details undisclosed",
                "Project Start Date": "2027",
                "Project End Date": "None",
                "Project Status": "Funding Not Yet Secured",
                "OLD * Brief Description of the Project": "None",
                "Estimated Project Cost": "4974680",
                "Additional Comments": "page 44 of the link"
            },
            "geometry": {
                "type": "Point",
                "coordinates": [
                    -80.14072245,
                    25.8127817
                ]
            }
        },
        {
            "type": "Feature",
            "properties": {
                "Project Name": "Miami-Dade Fire Rescue Headquarters Hardening Project",
                "Latitude": "25.80966149",
                "Longitude": "-80.34886636",
                "City": "Miami",
                "Link to Data Source": "https://www.miamidade.gov/resources/emergency/documents/lms-part-2-the-projects.pdf",
                "Implementating Agency": "Fire Rescue Miami-Dade County",
                "Infrastructure Type": "Gray",
                "Categories": "Public Facilities",
                "Disaster Focus": "Critical Infrastructure",
                "New 15-25 Words Project Description": "Project details undisclosed",
                "Project Start Date": "",
                "Project End Date": "None",
                "Project Status": "Funding Not Yet Secured",
                "OLD * Brief Description of the Project": "None",
                "Estimated Project Cost": "",
                "Additional Comments": "page 44 of the link"
            },
            "geometry": {
                "type": "Point",
                "coordinates": [
                    -80.34886636,
                    25.80966149
                ]
            }
        },
        {
            "type": "Feature",
            "properties": {
                "Project Name": "Miami-Dade Fire Rescue Stations 34, 51, 53, & 56 Hardening Project",
                "Latitude": "25.57111394",
                "Longitude": "-80.36741414",
                "City": "Miami-Dade County ",
                "Link to Data Source": "https://www.miamidade.gov/resources/emergency/documents/lms-part-2-the-projects.pdf",
                "Implementating Agency": "Fire Rescue Miami-Dade County",
                "Infrastructure Type": "Gray",
                "Categories": "Public Facilities",
                "Disaster Focus": "Critical Infrastructure",
                "New 15-25 Words Project Description": "Project details undisclosed",
                "Project Start Date": "",
                "Project End Date": "None",
                "Project Status": "Funding Not Yet Secured",
                "OLD * Brief Description of the Project": "None",
                "Estimated Project Cost": "2163277",
                "Additional Comments": "page 44 of the link"
            },
            "geometry": {
                "type": "Point",
                "coordinates": [
                    -80.36741414,
                    25.57111394
                ]
            }
        },
        {
            "type": "Feature",
            "properties": {
                "Project Name": "Roof, Wind and Enclosure Protection",
                "Latitude": "25.8127817",
                "Longitude": "-80.14072245",
                "City": "Miami Beach ",
                "Link to Data Source": "https://www.miamidade.gov/resources/emergency/documents/lms-part-2-the-projects.pdf",
                "Implementating Agency": "Mount Sinai Hospital",
                "Infrastructure Type": "Gray",
                "Categories": "Public Facilities",
                "Disaster Focus": "Critical Infrastructure",
                "New 15-25 Words Project Description": "Project details undisclosed",
                "Project Start Date": "2027",
                "Project End Date": "None",
                "Project Status": "Funding Not Yet Secured",
                "OLD * Brief Description of the Project": "None",
                "Estimated Project Cost": "3000000",
                "Additional Comments": "page 45 of the link"
            },
            "geometry": {
                "type": "Point",
                "coordinates": [
                    -80.14072245,
                    25.8127817
                ]
            }
        },
        {
            "type": "Feature",
            "properties": {
                "Project Name": "Miami Fire Rescue - Fire Station 5 Hardening",
                "Latitude": "25.79486966",
                "Longitude": "-80.21542941",
                "City": "Miami",
                "Link to Data Source": "https://www.miamidade.gov/resources/emergency/documents/lms-part-2-the-projects.pdf",
                "Implementating Agency": "City of Miami",
                "Infrastructure Type": "Gray",
                "Categories": "Flood Control Infrastructure",
                "Disaster Focus": "Critical Infrastructure",
                "New 15-25 Words Project Description": "Project details undisclosed",
                "Project Start Date": "2023",
                "Project End Date": "None",
                "Project Status": "Funding Not Yet Secured",
                "OLD * Brief Description of the Project": "None",
                "Estimated Project Cost": "714477",
                "Additional Comments": "page 45 of the link"
            },
            "geometry": {
                "type": "Point",
                "coordinates": [
                    -80.21542941,
                    25.79486966
                ]
            }
        },
        {
            "type": "Feature",
            "properties": {
                "Project Name": "Miami-Dade Fire Rescue Stations HQ IT, 21, 54 & 55 Generator Installments",
                "Latitude": "25.80966149",
                "Longitude": "-80.34886636",
                "City": "Miami",
                "Link to Data Source": "https://www.miamidade.gov/resources/emergency/documents/lms-part-2-the-projects.pdf",
                "Implementating Agency": "Fire Rescue Miami-Dade County",
                "Infrastructure Type": "Gray",
                "Categories": "Flood Control Infrastructure",
                "Disaster Focus": "Critical Infrastructure",
                "New 15-25 Words Project Description": "Project details undisclosed",
                "Project Start Date": "",
                "Project End Date": "None",
                "Project Status": "Funding Not Yet Secured",
                "OLD * Brief Description of the Project": "None",
                "Estimated Project Cost": "1274548",
                "Additional Comments": "page 45 of the link"
            },
            "geometry": {
                "type": "Point",
                "coordinates": [
                    -80.34886636,
                    25.80966149
                ]
            }
        },
        {
            "type": "Feature",
            "properties": {
                "Project Name": "Generator Replacement for Water Treatment Facility",
                "Latitude": "25.91931849",
                "Longitude": "-80.15287658",
                "City": "North Miami ",
                "Link to Data Source": "https://www.miamidade.gov/resources/emergency/documents/lms-part-2-the-projects.pdf",
                "Implementating Agency": "North Miami Beach",
                "Infrastructure Type": "Gray",
                "Categories": "Public Facilities",
                "Disaster Focus": "Critical Infrastructure",
                "New 15-25 Words Project Description": "Project details undisclosed",
                "Project Start Date": "2023",
                "Project End Date": "None",
                "Project Status": "Funding Secured",
                "OLD * Brief Description of the Project": "None",
                "Estimated Project Cost": "3358216",
                "Additional Comments": "page 45 of the link"
            },
            "geometry": {
                "type": "Point",
                "coordinates": [
                    -80.15287658,
                    25.91931849
                ]
            }
        },
        {
            "type": "Feature",
            "properties": {
                "Project Name": "Miami Fire Rescue - Fire Station 1 Hardening",
                "Latitude": "25.77903325",
                "Longitude": "-80.19122047",
                "City": "Miami",
                "Link to Data Source": "https://www.miamidade.gov/resources/emergency/documents/lms-part-2-the-projects.pdf",
                "Implementating Agency": "City of Miami",
                "Infrastructure Type": "Gray",
                "Categories": "Flood Control Infrastructure",
                "Disaster Focus": "Critical Infrastructure",
                "New 15-25 Words Project Description": "Project details undisclosed",
                "Project Start Date": "2023",
                "Project End Date": "None",
                "Project Status": "Funding Not Yet Secured",
                "OLD * Brief Description of the Project": "None",
                "Estimated Project Cost": "375000",
                "Additional Comments": "page 45 of the link"
            },
            "geometry": {
                "type": "Point",
                "coordinates": [
                    -80.19122047,
                    25.77903325
                ]
            }
        },
        {
            "type": "Feature",
            "properties": {
                "Project Name": "Presidential Estates Pump Station and Drainage Improvements",
                "Latitude": "25.95538502",
                "Longitude": "-80.17004773",
                "City": "Miami",
                "Link to Data Source": "https://www.miamidade.gov/resources/emergency/documents/lms-part-2-the-projects.pdf",
                "Implementating Agency": "Public Works Miami Dade County",
                "Infrastructure Type": "Gray",
                "Categories": "Flood Control Infrastructure",
                "Disaster Focus": "Flooding",
                "New 15-25 Words Project Description": "Project details undisclosed",
                "Project Start Date": "2023",
                "Project End Date": "None",
                "Project Status": "Funding Not Yet Secured",
                "OLD * Brief Description of the Project": "None",
                "Estimated Project Cost": "3000000",
                "Additional Comments": "page 46 of the link"
            },
            "geometry": {
                "type": "Point",
                "coordinates": [
                    -80.17004773,
                    25.95538502
                ]
            }
        },
        {
            "type": "Feature",
            "properties": {
                "Project Name": "Public Works Department Compound Flood Protection",
                "Latitude": "25.74385905",
                "Longitude": "-80.31305534",
                "City": "Miami-Dade County ",
                "Link to Data Source": "https://www.miamidade.gov/resources/emergency/documents/lms-part-2-the-projects.pdf",
                "Implementating Agency": "City of Coral Gables",
                "Infrastructure Type": "Gray",
                "Categories": "Flood Control Infrastructure",
                "Disaster Focus": "Flooding",
                "New 15-25 Words Project Description": "Project details undisclosed",
                "Project Start Date": "2023",
                "Project End Date": "2024",
                "Project Status": "Funding Not Yet Secured",
                "OLD * Brief Description of the Project": "None",
                "Estimated Project Cost": "500000",
                "Additional Comments": "page 46 of the link"
            },
            "geometry": {
                "type": "Point",
                "coordinates": [
                    -80.31305534,
                    25.74385905
                ]
            }
        },
        {
            "type": "Feature",
            "properties": {
                "Project Name": "2023 Friedland Manor Pump Stations & Dry Retention Pond Restoration",
                "Latitude": "25.43792717",
                "Longitude": "-80.48929812",
                "City": "Florida City",
                "Link to Data Source": "https://www.miamidade.gov/resources/emergency/documents/lms-part-2-the-projects.pdf",
                "Implementating Agency": "City of Florida",
                "Infrastructure Type": "Hybrid",
                "Categories": "Flood Control Infrastructure",
                "Disaster Focus": "Flooding",
                "New 15-25 Words Project Description": "Project details undisclosed",
                "Project Start Date": "",
                "Project End Date": "None",
                "Project Status": "Funding Not Yet Secured",
                "OLD * Brief Description of the Project": "None",
                "Estimated Project Cost": "1383031",
                "Additional Comments": "page 46 of the link"
            },
            "geometry": {
                "type": "Point",
                "coordinates": [
                    -80.48929812,
                    25.43792717
                ]
            }
        },
        {
            "type": "Feature",
            "properties": {
                "Project Name": "Hazard Mitigation Wind Retrofit Fire Station 2",
                "Latitude": "25.7996492",
                "Longitude": "-80.13041438",
                "City": "Miami Beach ",
                "Link to Data Source": "https://www.miamidade.gov/resources/emergency/documents/lms-part-2-the-projects.pdf",
                "Implementating Agency": "Miami Beach",
                "Infrastructure Type": "Gray",
                "Categories": "Sustainability Initiatives",
                "Disaster Focus": "Critical Infrastructure",
                "New 15-25 Words Project Description": "Project details undisclosed",
                "Project Start Date": "",
                "Project End Date": "None",
                "Project Status": "Completed",
                "OLD * Brief Description of the Project": "None",
                "Estimated Project Cost": "",
                "Additional Comments": "page 46 of the link"
            },
            "geometry": {
                "type": "Point",
                "coordinates": [
                    -80.13041438,
                    25.7996492
                ]
            }
        },
        {
            "type": "Feature",
            "properties": {
                "Project Name": "Hardening of Affordable Housing Neptune Wind Retrofit",
                "Latitude": "25.78990775",
                "Longitude": "-80.13684541",
                "City": "Miami Beach ",
                "Link to Data Source": "https://www.miamidade.gov/resources/emergency/documents/lms-part-2-the-projects.pdf",
                "Implementating Agency": "Miami Beach",
                "Infrastructure Type": "Gray",
                "Categories": "Sustainability Initiatives",
                "Disaster Focus": "Critical Infrastructure",
                "New 15-25 Words Project Description": "Project details undisclosed",
                "Project Start Date": "",
                "Project End Date": "None",
                "Project Status": "Completed",
                "OLD * Brief Description of the Project": "None",
                "Estimated Project Cost": "",
                "Additional Comments": "page 46 of the link"
            },
            "geometry": {
                "type": "Point",
                "coordinates": [
                    -80.13684541,
                    25.78990775
                ]
            }
        },
        {
            "type": "Feature",
            "properties": {
                "Project Name": "Public Works Yard",
                "Latitude": "25.80152366",
                "Longitude": "-80.13159317",
                "City": "Miami Beach ",
                "Link to Data Source": "https://www.miamidade.gov/resources/emergency/documents/lms-part-2-the-projects.pdf",
                "Implementating Agency": "Miami Beach",
                "Infrastructure Type": "Gray",
                "Categories": "Flood Control Infrastructure",
                "Disaster Focus": "Flooding",
                "New 15-25 Words Project Description": "Project details undisclosed",
                "Project Start Date": "",
                "Project End Date": "None",
                "Project Status": "Funding Not Yet Secured",
                "OLD * Brief Description of the Project": "None",
                "Estimated Project Cost": "",
                "Additional Comments": "page 47 of the link"
            },
            "geometry": {
                "type": "Point",
                "coordinates": [
                    -80.13159317,
                    25.80152366
                ]
            }
        },
        {
            "type": "Feature",
            "properties": {
                "Project Name": "Madeleine Village Wind Retrofit & Flood Proofing",
                "Latitude": "25.86431784",
                "Longitude": "-80.12733485",
                "City": "Miami Beach ",
                "Link to Data Source": "https://www.miamidade.gov/resources/emergency/documents/lms-part-2-the-projects.pdf",
                "Implementating Agency": "Miami Beach",
                "Infrastructure Type": "Gray",
                "Categories": "Flood Control Infrastructure",
                "Disaster Focus": "Flooding",
                "New 15-25 Words Project Description": "Project details undisclosed",
                "Project Start Date": "",
                "Project End Date": "None",
                "Project Status": "Ongoing",
                "OLD * Brief Description of the Project": "None",
                "Estimated Project Cost": "",
                "Additional Comments": "page 47 of the link"
            },
            "geometry": {
                "type": "Point",
                "coordinates": [
                    -80.12733485,
                    25.86431784
                ]
            }
        },
        {
            "type": "Feature",
            "properties": {
                "Project Name": "United Way Miami Ansin Building Wind Retrofit (TB)",
                "Latitude": "25.75213036",
                "Longitude": "-80.21350404",
                "City": "Miami",
                "Link to Data Source": "https://www.miamidade.gov/resources/emergency/documents/lms-part-2-the-projects.pdf",
                "Implementating Agency": "United Way",
                "Infrastructure Type": "Gray",
                "Categories": "Public Facilities",
                "Disaster Focus": "Critical Infrastructure",
                "New 15-25 Words Project Description": "Project details undisclosed",
                "Project Start Date": "",
                "Project End Date": "None",
                "Project Status": "Funding Not Yet Secured",
                "OLD * Brief Description of the Project": "None",
                "Estimated Project Cost": "877027",
                "Additional Comments": "page 47 of the link"
            },
            "geometry": {
                "type": "Point",
                "coordinates": [
                    -80.21350404,
                    25.75213036
                ]
            }
        },
        {
            "type": "Feature",
            "properties": {
                "Project Name": "NW 171 St and NW 2 Court Drainage Project",
                "Latitude": "25.93168709",
                "Longitude": "-80.20586166",
                "City": "North Miami Beach",
                "Link to Data Source": "https://www.miamidade.gov/resources/emergency/documents/lms-part-2-the-projects.pdf",
                "Implementating Agency": "Miami Gardens",
                "Infrastructure Type": "Gray",
                "Categories": "Flood Control Infrastructure",
                "Disaster Focus": "Flooding",
                "New 15-25 Words Project Description": "Project details undisclosed",
                "Project Start Date": "2025",
                "Project End Date": "None",
                "Project Status": "Funding Secured",
                "OLD * Brief Description of the Project": "None",
                "Estimated Project Cost": "400000",
                "Additional Comments": "page 47 of the link"
            },
            "geometry": {
                "type": "Point",
                "coordinates": [
                    -80.20586166,
                    25.93168709
                ]
            }
        },
        {
            "type": "Feature",
            "properties": {
                "Project Name": "16411 NW 37 Court Drainage Project",
                "Latitude": "25.92339199",
                "Longitude": "-80.26115934",
                "City": "Opa-Locka",
                "Link to Data Source": "https://www.miamidade.gov/resources/emergency/documents/lms-part-2-the-projects.pdf",
                "Implementating Agency": "Miami Gardens",
                "Infrastructure Type": "Gray",
                "Categories": "Flood Control Infrastructure",
                "Disaster Focus": "Flooding",
                "New 15-25 Words Project Description": "Project details undisclosed",
                "Project Start Date": "2024",
                "Project End Date": "None",
                "Project Status": "Funding Secured",
                "OLD * Brief Description of the Project": "None",
                "Estimated Project Cost": "150000",
                "Additional Comments": "page 47 of the link"
            },
            "geometry": {
                "type": "Point",
                "coordinates": [
                    -80.26115934,
                    25.92339199
                ]
            }
        },
        {
            "type": "Feature",
            "properties": {
                "Project Name": "Drainage Improvement Project for NE 189 St from NE 4 CT to NE 6 Ave",
                "Latitude": "25.94877799",
                "Longitude": "-80.19207969",
                "City": "Miami",
                "Link to Data Source": "https://www.miamidade.gov/resources/emergency/documents/lms-part-2-the-projects.pdf",
                "Implementating Agency": "Public Works Miami Dade County",
                "Infrastructure Type": "Gray",
                "Categories": "Flood Control Infrastructure",
                "Disaster Focus": "Flooding",
                "New 15-25 Words Project Description": "Project details undisclosed",
                "Project Start Date": "2024",
                "Project End Date": "None",
                "Project Status": "Funding Not Yet Secured",
                "OLD * Brief Description of the Project": "None",
                "Estimated Project Cost": "715000",
                "Additional Comments": "page 48 of the link"
            },
            "geometry": {
                "type": "Point",
                "coordinates": [
                    -80.19207969,
                    25.94877799
                ]
            }
        },
        {
            "type": "Feature",
            "properties": {
                "Project Name": "Storm Water Improvements to the 58th Street Collections Building in Miami- Dade County",
                "Latitude": "25.82744577",
                "Longitude": "-80.34097826",
                "City": "Doral",
                "Link to Data Source": "https://www.miamidade.gov/resources/emergency/documents/lms-part-2-the-projects.pdf",
                "Implementating Agency": "Solid Waste Miami Dade County",
                "Infrastructure Type": "Hybrid",
                "Categories": "Flood Control Infrastructure",
                "Disaster Focus": "Storm Surge",
                "New 15-25 Words Project Description": "Project details undisclosed",
                "Project Start Date": "2028",
                "Project End Date": "None",
                "Project Status": "Funding Not Yet Secured",
                "OLD * Brief Description of the Project": "None",
                "Estimated Project Cost": "1200000",
                "Additional Comments": "page 48 of the link"
            },
            "geometry": {
                "type": "Point",
                "coordinates": [
                    -80.34097826,
                    25.82744577
                ]
            }
        },
        {
            "type": "Feature",
            "properties": {
                "Project Name": "Recreation Community Center Expansion",
                "Latitude": "25.75449044",
                "Longitude": "-80.29574865",
                "City": "West Miami",
                "Link to Data Source": "https://www.miamidade.gov/resources/emergency/documents/lms-part-2-the-projects.pdf",
                "Implementating Agency": "City of West Miami",
                "Infrastructure Type": "Gray",
                "Categories": "Flood Control Infrastructure",
                "Disaster Focus": "Critical Infrastructure",
                "New 15-25 Words Project Description": "Project details undisclosed",
                "Project Start Date": "2024",
                "Project End Date": "None",
                "Project Status": "Ongoing",
                "OLD * Brief Description of the Project": "None",
                "Estimated Project Cost": "6700000",
                "Additional Comments": "page 49 of the link"
            },
            "geometry": {
                "type": "Point",
                "coordinates": [
                    -80.29574865,
                    25.75449044
                ]
            }
        },
        {
            "type": "Feature",
            "properties": {
                "Project Name": "City of Miami Fire Station #13 Flood Mitigation",
                "Latitude": "25.84798803",
                "Longitude": "-80.1766961",
                "City": "Miami",
                "Link to Data Source": "https://www.miamidade.gov/resources/emergency/documents/lms-part-2-the-projects.pdf",
                "Implementating Agency": "City of Miami",
                "Infrastructure Type": "Gray",
                "Categories": "Flood Control Infrastructure",
                "Disaster Focus": "Flooding",
                "New 15-25 Words Project Description": "Project details undisclosed",
                "Project Start Date": "2024",
                "Project End Date": "None",
                "Project Status": "Funding Not Yet Secured",
                "OLD * Brief Description of the Project": "None",
                "Estimated Project Cost": "900000",
                "Additional Comments": "page 49 of the link"
            },
            "geometry": {
                "type": "Point",
                "coordinates": [
                    -80.1766961,
                    25.84798803
                ]
            }
        },
        {
            "type": "Feature",
            "properties": {
                "Project Name": "Kendall Campus, Building 6 Hurricane Wind Projection",
                "Latitude": "25.67509652",
                "Longitude": "-80.37391843",
                "City": "Miami",
                "Link to Data Source": "https://www.miamidade.gov/resources/emergency/documents/lms-part-2-the-projects.pdf",
                "Implementating Agency": "Miami Dade College ",
                "Infrastructure Type": "Gray",
                "Categories": "Sustainability Initiatives",
                "Disaster Focus": "Critical Infrastructure",
                "New 15-25 Words Project Description": "Project details undisclosed",
                "Project Start Date": "",
                "Project End Date": "None",
                "Project Status": "Funding Not Yet Secured",
                "OLD * Brief Description of the Project": "None",
                "Estimated Project Cost": "2111772",
                "Additional Comments": "page 49 of the link"
            },
            "geometry": {
                "type": "Point",
                "coordinates": [
                    -80.37391843,
                    25.67509652
                ]
            }
        },
        {
            "type": "Feature",
            "properties": {
                "Project Name": "Miami-Dade County; Chapman Partnership North Hardening, Wind Retrofit-Infrastructure Retrofit",
                "Latitude": "25.78987141",
                "Longitude": "-80.19512805",
                "City": "Miami",
                "Link to Data Source": "https://www.miamidade.gov/resources/emergency/documents/lms-part-2-the-projects.pdf",
                "Implementating Agency": "Homeless Trust ",
                "Infrastructure Type": "Gray",
                "Categories": "Public Facilities",
                "Disaster Focus": "Critical Infrastructure",
                "New 15-25 Words Project Description": "Project details undisclosed",
                "Project Start Date": "",
                "Project End Date": "None",
                "Project Status": "Funding Not Yet Secured",
                "OLD * Brief Description of the Project": "None",
                "Estimated Project Cost": "1296610",
                "Additional Comments": "page 49 of the link"
            },
            "geometry": {
                "type": "Point",
                "coordinates": [
                    -80.19512805,
                    25.78987141
                ]
            }
        },
        {
            "type": "Feature",
            "properties": {
                "Project Name": "Construct Zone 1 Upgraded Stormwater Infrastructure Outfalls",
                "Latitude": "25.68188439",
                "Longitude": "-80.17110299",
                "City": "Key Biscayne",
                "Link to Data Source": "https://www.miamidade.gov/resources/emergency/documents/lms-part-2-the-projects.pdf",
                "Implementating Agency": "Key Biscayne ",
                "Infrastructure Type": "Gray",
                "Categories": "Flood Control Infrastructure",
                "Disaster Focus": "Storm Surge",
                "New 15-25 Words Project Description": "Project details undisclosed",
                "Project Start Date": "2027",
                "Project End Date": "None",
                "Project Status": "Funding Not Yet Secured",
                "OLD * Brief Description of the Project": "None",
                "Estimated Project Cost": "1468202",
                "Additional Comments": "page 50 of the link"
            },
            "geometry": {
                "type": "Point",
                "coordinates": [
                    -80.17110299,
                    25.68188439
                ]
            }
        },
        {
            "type": "Feature",
            "properties": {
                "Project Name": "Drainage for Sub-Basin 41",
                "Latitude": "25.60936332",
                "Longitude": "-80.31619432",
                "City": "Palmetto Bay",
                "Link to Data Source": "https://www.miamidade.gov/resources/emergency/documents/lms-part-2-the-projects.pdf",
                "Implementating Agency": "City of Palmetto Bay ",
                "Infrastructure Type": "Gray",
                "Categories": "Flood Control Infrastructure",
                "Disaster Focus": "Flooding",
                "New 15-25 Words Project Description": "Project details undisclosed",
                "Project Start Date": "2024",
                "Project End Date": "None",
                "Project Status": "Funding Not Yet Secured",
                "OLD * Brief Description of the Project": "None",
                "Estimated Project Cost": "1270000",
                "Additional Comments": "page 50 of the link"
            },
            "geometry": {
                "type": "Point",
                "coordinates": [
                    -80.31619432,
                    25.60936332
                ]
            }
        },
        {
            "type": "Feature",
            "properties": {
                "Project Name": "Drainage for Sub-Basin 11",
                "Latitude": "25.6251536",
                "Longitude": "-80.34144686",
                "City": "Palmetto Bay",
                "Link to Data Source": "https://www.miamidade.gov/resources/emergency/documents/lms-part-2-the-projects.pdf",
                "Implementating Agency": "City of Palmetto Bay ",
                "Infrastructure Type": "Gray",
                "Categories": "Flood Control Infrastructure",
                "Disaster Focus": "Flooding",
                "New 15-25 Words Project Description": "Project details undisclosed",
                "Project Start Date": "2024",
                "Project End Date": "None",
                "Project Status": "Funding Not Yet Secured",
                "OLD * Brief Description of the Project": "None",
                "Estimated Project Cost": "1450000",
                "Additional Comments": "page 50 of the link"
            },
            "geometry": {
                "type": "Point",
                "coordinates": [
                    -80.34144686,
                    25.6251536
                ]
            }
        },
        {
            "type": "Feature",
            "properties": {
                "Project Name": "Miami Dade NW 39 St from NW 29 Ave to 30 Ave Drainage Improvement",
                "Latitude": "25.81153151",
                "Longitude": "-80.24240573",
                "City": "Miami",
                "Link to Data Source": "https://www.miamidade.gov/resources/emergency/documents/lms-part-2-the-projects.pdf",
                "Implementating Agency": "Public Works Miami Dade County",
                "Infrastructure Type": "Gray",
                "Categories": "Flood Control Infrastructure",
                "Disaster Focus": "Flooding",
                "New 15-25 Words Project Description": "Project details undisclosed",
                "Project Start Date": "2024",
                "Project End Date": "None",
                "Project Status": "Funding Not Yet Secured",
                "OLD * Brief Description of the Project": "None",
                "Estimated Project Cost": "1500000",
                "Additional Comments": "page 50 of the link"
            },
            "geometry": {
                "type": "Point",
                "coordinates": [
                    -80.24240573,
                    25.81153151
                ]
            }
        },
        {
            "type": "Feature",
            "properties": {
                "Project Name": "NW 7 Street (Midway Pump Station) Improvements",
                "Latitude": "25.77803811",
                "Longitude": "-80.29493802",
                "City": "Miami",
                "Link to Data Source": "https://www.miamidade.gov/resources/emergency/documents/lms-part-2-the-projects.pdf",
                "Implementating Agency": "Public Works Miami Dade County",
                "Infrastructure Type": "Hybrid",
                "Categories": "Flood Control Infrastructure",
                "Disaster Focus": "Flooding",
                "New 15-25 Words Project Description": "Project details undisclosed",
                "Project Start Date": "2024",
                "Project End Date": "None",
                "Project Status": "Funding Not Yet Secured",
                "OLD * Brief Description of the Project": "None",
                "Estimated Project Cost": "1500000",
                "Additional Comments": "page 50 of the link"
            },
            "geometry": {
                "type": "Point",
                "coordinates": [
                    -80.29493802,
                    25.77803811
                ]
            }
        },
        {
            "type": "Feature",
            "properties": {
                "Project Name": "Lakes by the Bay Basin Design",
                "Latitude": "25.57171775",
                "Longitude": "-80.33179384",
                "City": "Cutler Bay ",
                "Link to Data Source": "https://www.miamidade.gov/resources/emergency/documents/lms-part-2-the-projects.pdf",
                "Implementating Agency": "City of Cutler Bay ",
                "Infrastructure Type": "Gray",
                "Categories": "Flood Control Infrastructure",
                "Disaster Focus": "Critical Infrastructure",
                "New 15-25 Words Project Description": "Project details undisclosed",
                "Project Start Date": "2024",
                "Project End Date": "2025",
                "Project Status": "Funding Not Yet Secured",
                "OLD * Brief Description of the Project": "None",
                "Estimated Project Cost": "10052509",
                "Additional Comments": "page 50 of the link"
            },
            "geometry": {
                "type": "Point",
                "coordinates": [
                    -80.33179384,
                    25.57171775
                ]
            }
        },
        {
            "type": "Feature",
            "properties": {
                "Project Name": "Jackson Memorial Hospital Solar and Generator Project",
                "Latitude": "25.79247697",
                "Longitude": "-80.2131846",
                "City": "Miami",
                "Link to Data Source": "https://www.miamidade.gov/resources/emergency/documents/lms-part-2-the-projects.pdf",
                "Implementating Agency": "Jackson Health Systems Miami Dade County Public Health Trust",
                "Infrastructure Type": "Gray",
                "Categories": "Sustainability Initiatives",
                "Disaster Focus": "Critical Infrastructure",
                "New 15-25 Words Project Description": "Project details undisclosed",
                "Project Start Date": "2024",
                "Project End Date": "None",
                "Project Status": "Funding Not Yet Secured",
                "OLD * Brief Description of the Project": "None",
                "Estimated Project Cost": "12000000",
                "Additional Comments": "page 51 of the link"
            },
            "geometry": {
                "type": "Point",
                "coordinates": [
                    -80.2131846,
                    25.79247697
                ]
            }
        },
        {
            "type": "Feature",
            "properties": {
                "Project Name": "Jackson Health System Information Technology Security Project",
                "Latitude": "25.79105703",
                "Longitude": "-80.21216069",
                "City": "Miami",
                "Link to Data Source": "https://www.miamidade.gov/resources/emergency/documents/lms-part-2-the-projects.pdf",
                "Implementating Agency": "Jackson Health Systems Miami Dade County Public Health Trust",
                "Infrastructure Type": "Gray",
                "Categories": "Public Facilities",
                "Disaster Focus": "Critical Infrastructure",
                "New 15-25 Words Project Description": "Project details undisclosed",
                "Project Start Date": "2024",
                "Project End Date": "None",
                "Project Status": "Funding Not Yet Secured",
                "OLD * Brief Description of the Project": "None",
                "Estimated Project Cost": "16000000",
                "Additional Comments": "page 51 of the link"
            },
            "geometry": {
                "type": "Point",
                "coordinates": [
                    -80.21216069,
                    25.79105703
                ]
            }
        },
        {
            "type": "Feature",
            "properties": {
                "Project Name": "Jackson Memorial Hospital Wind Retrofit and Rollup Doors Project",
                "Latitude": "25.79247697",
                "Longitude": "-80.2131846",
                "City": "Miami",
                "Link to Data Source": "https://www.miamidade.gov/resources/emergency/documents/lms-part-2-the-projects.pdf",
                "Implementating Agency": "Jackson Health Systems Miami Dade County Public Health Trust",
                "Infrastructure Type": "Gray",
                "Categories": "Public Facilities",
                "Disaster Focus": "Critical Infrastructure",
                "New 15-25 Words Project Description": "Project details undisclosed",
                "Project Start Date": "2024",
                "Project End Date": "None",
                "Project Status": "Funding Not Yet Secured",
                "OLD * Brief Description of the Project": "None",
                "Estimated Project Cost": "8000000",
                "Additional Comments": "page 51 of the link"
            },
            "geometry": {
                "type": "Point",
                "coordinates": [
                    -80.2131846,
                    25.79247697
                ]
            }
        },
        {
            "type": "Feature",
            "properties": {
                "Project Name": "MDFR (RWD) Retrofit at Stations #14, 43, and 50",
                "Latitude": "25.70600845",
                "Longitude": "-80.28846167",
                "City": "Miami-Dade County ",
                "Link to Data Source": "https://www.miamidade.gov/resources/emergency/documents/lms-part-2-the-projects.pdf",
                "Implementating Agency": "Fire Rescue Miami Dade County",
                "Infrastructure Type": "Gray",
                "Categories": "Flood Control Infrastructure",
                "Disaster Focus": "Critical Infrastructure",
                "New 15-25 Words Project Description": "Project details undisclosed",
                "Project Start Date": "2024",
                "Project End Date": "2027",
                "Project Status": "Funding Not Yet Secured",
                "OLD * Brief Description of the Project": "None",
                "Estimated Project Cost": "2315550",
                "Additional Comments": "page 52 of the link"
            },
            "geometry": {
                "type": "Point",
                "coordinates": [
                    -80.28846167,
                    25.70600845
                ]
            }
        },
        {
            "type": "Feature",
            "properties": {
                "Project Name": "MDFR (WD) Retrofit at Stations #48, 52, 55, 57, 65, and 66",
                "Latitude": "25.79109813",
                "Longitude": "-80.33875904",
                "City": "Miami-Dade County ",
                "Link to Data Source": "https://www.miamidade.gov/resources/emergency/documents/lms-part-2-the-projects.pdf",
                "Implementating Agency": "Fire Rescue Miami Dade County",
                "Infrastructure Type": "Gray",
                "Categories": "Flood Control Infrastructure",
                "Disaster Focus": "Critical Infrastructure",
                "New 15-25 Words Project Description": "Project details undisclosed",
                "Project Start Date": "2024",
                "Project End Date": "2027",
                "Project Status": "Funding Not Yet Secured",
                "OLD * Brief Description of the Project": "None",
                "Estimated Project Cost": "2785944",
                "Additional Comments": "page 52 of the link"
            },
            "geometry": {
                "type": "Point",
                "coordinates": [
                    -80.33875904,
                    25.79109813
                ]
            }
        },
        {
            "type": "Feature",
            "properties": {
                "Project Name": "Jackson Memorial Hospital Geothermal Chiller Cooling",
                "Latitude": "25.79210005",
                "Longitude": "-80.21251329",
                "City": "Miami",
                "Link to Data Source": "https://www.miamidade.gov/resources/emergency/documents/lms-part-2-the-projects.pdf",
                "Implementating Agency": "Jackson Health Systems Miami Dade County Public Health Trust",
                "Infrastructure Type": "Gray",
                "Categories": "Public Facilities",
                "Disaster Focus": "Critical Infrastructure",
                "New 15-25 Words Project Description": "Project details undisclosed",
                "Project Start Date": "2024",
                "Project End Date": "None",
                "Project Status": "Funding Not Yet Secured",
                "OLD * Brief Description of the Project": "None",
                "Estimated Project Cost": "6000000",
                "Additional Comments": "page 52 of the link"
            },
            "geometry": {
                "type": "Point",
                "coordinates": [
                    -80.21251329,
                    25.79210005
                ]
            }
        },
        {
            "type": "Feature",
            "properties": {
                "Project Name": "Miami-Dade County Miami River Canal C-6 Basin Improvements Project Phase 2 (Secondary Canals)",
                "Latitude": "25.82502929",
                "Longitude": "-80.28417499",
                "City": "Miami Springs",
                "Link to Data Source": "https://www.miamidade.gov/resources/emergency/documents/lms-part-2-the-projects.pdf",
                "Implementating Agency": "Regulatory and Economic Resources ",
                "Infrastructure Type": "Gray",
                "Categories": "Flood Control Infrastructure",
                "Disaster Focus": "Flooding",
                "New 15-25 Words Project Description": "Project details undisclosed",
                "Project Start Date": "2029",
                "Project End Date": "None",
                "Project Status": "Funding Not Yet Secured",
                "OLD * Brief Description of the Project": "None",
                "Estimated Project Cost": "17500000",
                "Additional Comments": "page 52 of the link"
            },
            "geometry": {
                "type": "Point",
                "coordinates": [
                    -80.28417499,
                    25.82502929
                ]
            }
        },
        {
            "type": "Feature",
            "properties": {
                "Project Name": "Miami-Dade County Snake Creek Canal C-9 Basin Improvements Project Phase 3 (Secondary Canals)",
                "Latitude": "25.96147186",
                "Longitude": "-80.24682025",
                "City": "Miami Gardens ",
                "Link to Data Source": "https://www.miamidade.gov/resources/emergency/documents/lms-part-2-the-projects.pdf",
                "Implementating Agency": "Regulatory and Economic Resources ",
                "Infrastructure Type": "Gray",
                "Categories": "Flood Control Infrastructure",
                "Disaster Focus": "Flooding",
                "New 15-25 Words Project Description": "Project details undisclosed",
                "Project Start Date": "2029",
                "Project End Date": "None",
                "Project Status": "Funding Not Yet Secured",
                "OLD * Brief Description of the Project": "None",
                "Estimated Project Cost": "11000000",
                "Additional Comments": "page 52 of the link"
            },
            "geometry": {
                "type": "Point",
                "coordinates": [
                    -80.24682025,
                    25.96147186
                ]
            }
        },
        {
            "type": "Feature",
            "properties": {
                "Project Name": "Stormwater Improvements-Northeast Transfer Station Phase II",
                "Latitude": "25.94786046",
                "Longitude": "-80.18790693",
                "City": "Miami-Dade County ",
                "Link to Data Source": "https://www.miamidade.gov/resources/emergency/documents/lms-part-2-the-projects.pdf",
                "Implementating Agency": "Solid Waste Miami-Dade County",
                "Infrastructure Type": "Gray",
                "Categories": "Flood Control Infrastructure",
                "Disaster Focus": "Storm Surge",
                "New 15-25 Words Project Description": "Project details undisclosed",
                "Project Start Date": "2028",
                "Project End Date": "None",
                "Project Status": "Funding Not Yet Secured",
                "OLD * Brief Description of the Project": "None",
                "Estimated Project Cost": "700000",
                "Additional Comments": "page 53 of the link"
            },
            "geometry": {
                "type": "Point",
                "coordinates": [
                    -80.18790693,
                    25.94786046
                ]
            }
        },
        {
            "type": "Feature",
            "properties": {
                "Project Name": "Stormwater Improvements-West Transfer Station Phase II",
                "Latitude": "25.74480181",
                "Longitude": "-80.31226868",
                "City": "Miami",
                "Link to Data Source": "https://www.miamidade.gov/resources/emergency/documents/lms-part-2-the-projects.pdf",
                "Implementating Agency": "Solid Waste Miami-Dade County",
                "Infrastructure Type": "Gray",
                "Categories": "Flood Control Infrastructure",
                "Disaster Focus": "Storm Surge",
                "New 15-25 Words Project Description": "Project details undisclosed",
                "Project Start Date": "2028",
                "Project End Date": "None",
                "Project Status": "Funding Not Yet Secured",
                "OLD * Brief Description of the Project": "None",
                "Estimated Project Cost": "700000",
                "Additional Comments": "page 53 of the link"
            },
            "geometry": {
                "type": "Point",
                "coordinates": [
                    -80.31226868,
                    25.74480181
                ]
            }
        },
        {
            "type": "Feature",
            "properties": {
                "Project Name": "MDFR HQ Windows/Glass Replacement",
                "Latitude": "25.81035151",
                "Longitude": "-80.3488701",
                "City": "Doral",
                "Link to Data Source": "https://www.miamidade.gov/resources/emergency/documents/lms-part-2-the-projects.pdf",
                "Implementating Agency": "Fire Rescue Miami Dade County",
                "Infrastructure Type": "Gray",
                "Categories": "Public Facilities",
                "Disaster Focus": "Critical Infrastructure",
                "New 15-25 Words Project Description": "Project details undisclosed",
                "Project Start Date": "2024",
                "Project End Date": "2025",
                "Project Status": "Funding Not Yet Secured",
                "OLD * Brief Description of the Project": "None",
                "Estimated Project Cost": "1000000",
                "Additional Comments": "page 53 of the link"
            },
            "geometry": {
                "type": "Point",
                "coordinates": [
                    -80.3488701,
                    25.81035151
                ]
            }
        },
        {
            "type": "Feature",
            "properties": {
                "Project Name": "Par 3/Bayshore Park Retention Lake",
                "Latitude": "25.80318891",
                "Longitude": "-80.13138486",
                "City": "Miami Beach ",
                "Link to Data Source": "https://www.miamidade.gov/resources/emergency/documents/lms-part-2-the-projects.pdf",
                "Implementating Agency": "Miami Beach ",
                "Infrastructure Type": "Blue",
                "Categories": "Flood Control Infrastructure",
                "Disaster Focus": "Flooding",
                "New 15-25 Words Project Description": "Project details undisclosed",
                "Project Start Date": "2025",
                "Project End Date": "2026",
                "Project Status": "Funding Secured",
                "OLD * Brief Description of the Project": "None",
                "Estimated Project Cost": "",
                "Additional Comments": "page 53 of the link"
            },
            "geometry": {
                "type": "Point",
                "coordinates": [
                    -80.13138486,
                    25.80318891
                ]
            }
        },
        {
            "type": "Feature",
            "properties": {
                "Project Name": "First Street Neighborhood Improvement Project",
                "Latitude": "25.76999026",
                "Longitude": "-80.13525395",
                "City": "Miami Beach ",
                "Link to Data Source": "https://www.miamidade.gov/resources/emergency/documents/lms-part-2-the-projects.pdf",
                "Implementating Agency": "Miami Beach ",
                "Infrastructure Type": "Gray",
                "Categories": "Flood Control Infrastructure",
                "Disaster Focus": "Critical Infrastructure",
                "New 15-25 Words Project Description": "Project details undisclosed",
                "Project Start Date": "",
                "Project End Date": "None",
                "Project Status": "Funding Not Yet Secured",
                "OLD * Brief Description of the Project": "None",
                "Estimated Project Cost": "",
                "Additional Comments": "page 53 of the link"
            },
            "geometry": {
                "type": "Point",
                "coordinates": [
                    -80.13525395,
                    25.76999026
                ]
            }
        },
        {
            "type": "Feature",
            "properties": {
                "Project Name": "Mitigation of Air Rescue Helicopter Hangers Air Rescue North",
                "Latitude": "25.90936882",
                "Longitude": "-80.27662285",
                "City": "Opa-Locka",
                "Link to Data Source": "https://www.miamidade.gov/resources/emergency/documents/lms-part-2-the-projects.pdf",
                "Implementating Agency": "Fire Rescue Miami Dade County",
                "Infrastructure Type": "Gray",
                "Categories": "Sustainability Initiatives",
                "Disaster Focus": "Critical Infrastructure",
                "New 15-25 Words Project Description": "Project details undisclosed",
                "Project Start Date": "2024",
                "Project End Date": "2025",
                "Project Status": "Funding Not Yet Secured",
                "OLD * Brief Description of the Project": "None",
                "Estimated Project Cost": "1500000",
                "Additional Comments": "page 53 of the link"
            },
            "geometry": {
                "type": "Point",
                "coordinates": [
                    -80.27662285,
                    25.90936882
                ]
            }
        },
        {
            "type": "Feature",
            "properties": {
                "Project Name": "Miami-Dade County, MDFR HQ Storm Water Mitigation and Drainage System",
                "Latitude": "25.81035151",
                "Longitude": "-80.3488701",
                "City": "Doral",
                "Link to Data Source": "https://www.miamidade.gov/resources/emergency/documents/lms-part-2-the-projects.pdf",
                "Implementating Agency": "Fire Rescue Miami Dade County",
                "Infrastructure Type": "Gray",
                "Categories": "Flood Control Infrastructure",
                "Disaster Focus": "Flooding",
                "New 15-25 Words Project Description": "Project details undisclosed",
                "Project Start Date": "2024",
                "Project End Date": "2027",
                "Project Status": "Funding Not Yet Secured",
                "OLD * Brief Description of the Project": "None",
                "Estimated Project Cost": "2500000",
                "Additional Comments": "page 54 of the link"
            },
            "geometry": {
                "type": "Point",
                "coordinates": [
                    -80.3488701,
                    25.81035151
                ]
            }
        },
        {
            "type": "Feature",
            "properties": {
                "Project Name": "Commerce Way Drainage Improvements",
                "Latitude": "25.90235399",
                "Longitude": "-80.33444189",
                "City": "Miami Lakes  ",
                "Link to Data Source": "https://www.miamidade.gov/resources/emergency/documents/lms-part-2-the-projects.pdf",
                "Implementating Agency": "City of Miami Lakes ",
                "Infrastructure Type": "Gray",
                "Categories": "Flood Control Infrastructure",
                "Disaster Focus": "Flooding",
                "New 15-25 Words Project Description": "Project details undisclosed",
                "Project Start Date": "",
                "Project End Date": "None",
                "Project Status": "Completed",
                "OLD * Brief Description of the Project": "None",
                "Estimated Project Cost": "2900000",
                "Additional Comments": "page 54 of the link"
            },
            "geometry": {
                "type": "Point",
                "coordinates": [
                    -80.33444189,
                    25.90235399
                ]
            }
        },
        {
            "type": "Feature",
            "properties": {
                "Project Name": "Upgrade of Pump Station 137 Â Mashta Island",
                "Latitude": "25.6844606",
                "Longitude": "-80.17114976",
                "City": "Miami",
                "Link to Data Source": "https://www.miamidade.gov/resources/emergency/documents/lms-part-2-the-projects.pdf",
                "Implementating Agency": "Water and Sewer Miami Dade County",
                "Infrastructure Type": "Gray",
                "Categories": "Flood Control Infrastructure",
                "Disaster Focus": "Flooding",
                "New 15-25 Words Project Description": "Project details undisclosed",
                "Project Start Date": "",
                "Project End Date": "None",
                "Project Status": "Completed",
                "OLD * Brief Description of the Project": "None",
                "Estimated Project Cost": "3000000",
                "Additional Comments": "page 54 of the link"
            },
            "geometry": {
                "type": "Point",
                "coordinates": [
                    -80.17114976,
                    25.6844606
                ]
            }
        },
        {
            "type": "Feature",
            "properties": {
                "Project Name": "Granada Pro Shop Hurricane Mitigation - Impact Windows",
                "Latitude": "25.75266382",
                "Longitude": "-80.27465899",
                "City": "Coral Gables  ",
                "Link to Data Source": "https://www.miamidade.gov/resources/emergency/documents/lms-part-2-the-projects.pdf",
                "Implementating Agency": "City of Coral Gables ",
                "Infrastructure Type": "Gray",
                "Categories": "Sustainability Initiatives",
                "Disaster Focus": "Critical Infrastructure",
                "New 15-25 Words Project Description": "Project details undisclosed",
                "Project Start Date": "",
                "Project End Date": "None",
                "Project Status": "Completed",
                "OLD * Brief Description of the Project": "None",
                "Estimated Project Cost": "150000",
                "Additional Comments": "page 54 of the link"
            },
            "geometry": {
                "type": "Point",
                "coordinates": [
                    -80.27465899,
                    25.75266382
                ]
            }
        },
        {
            "type": "Feature",
            "properties": {
                "Project Name": "Pump Station Cocoplum 1 Emergency Generator",
                "Latitude": "25.69980936",
                "Longitude": "-80.25386197",
                "City": "Coral Gables  ",
                "Link to Data Source": "https://www.miamidade.gov/resources/emergency/documents/lms-part-2-the-projects.pdf",
                "Implementating Agency": "City of Coral Gables ",
                "Infrastructure Type": "Gray",
                "Categories": "Sustainability Initiatives",
                "Disaster Focus": "Critical Infrastructure",
                "New 15-25 Words Project Description": "Project details undisclosed",
                "Project Start Date": "2020",
                "Project End Date": "None",
                "Project Status": "Completed",
                "OLD * Brief Description of the Project": "None",
                "Estimated Project Cost": "",
                "Additional Comments": "page 54 of the link"
            },
            "geometry": {
                "type": "Point",
                "coordinates": [
                    -80.25386197,
                    25.69980936
                ]
            }
        },
        {
            "type": "Feature",
            "properties": {
                "Project Name": "North Campus, bldg. 900 Hurricane Protection",
                "Latitude": "25.87731852",
                "Longitude": "-80.24571037",
                "City": "Miami",
                "Link to Data Source": "https://www.miamidade.gov/resources/emergency/documents/lms-part-2-the-projects.pdf",
                "Implementating Agency": "Miami Dade College ",
                "Infrastructure Type": "Gray",
                "Categories": "Sustainability Initiatives",
                "Disaster Focus": "Critical Infrastructure",
                "New 15-25 Words Project Description": "Project details undisclosed",
                "Project Start Date": "",
                "Project End Date": "None",
                "Project Status": "Completed",
                "OLD * Brief Description of the Project": "None",
                "Estimated Project Cost": "55052",
                "Additional Comments": "page 55 of the link"
            },
            "geometry": {
                "type": "Point",
                "coordinates": [
                    -80.24571037,
                    25.87731852
                ]
            }
        },
        {
            "type": "Feature",
            "properties": {
                "Project Name": "Kendall Campus Bldg. 9000",
                "Latitude": "25.67558387",
                "Longitude": "-80.37228845",
                "City": "Miami",
                "Link to Data Source": "https://www.miamidade.gov/resources/emergency/documents/lms-part-2-the-projects.pdf",
                "Implementating Agency": "Miami Dade College ",
                "Infrastructure Type": "Gray",
                "Categories": "Sustainability Initiatives",
                "Disaster Focus": "Critical Infrastructure",
                "New 15-25 Words Project Description": "Project details undisclosed",
                "Project Start Date": "2024",
                "Project End Date": "2025",
                "Project Status": "Completed",
                "OLD * Brief Description of the Project": "None",
                "Estimated Project Cost": "206521",
                "Additional Comments": "page 55 of the link"
            },
            "geometry": {
                "type": "Point",
                "coordinates": [
                    -80.37228845,
                    25.67558387
                ]
            }
        },
        {
            "type": "Feature",
            "properties": {
                "Project Name": "North Central Library Hardening Project",
                "Latitude": "25.86182627",
                "Longitude": "-80.24277151",
                "City": "Miami",
                "Link to Data Source": "https://www.miamidade.gov/resources/emergency/documents/lms-part-2-the-projects.pdf",
                "Implementating Agency": "Libraries Miami Dade County",
                "Infrastructure Type": "Gray",
                "Categories": "Sustainability Initiatives",
                "Disaster Focus": "Critical Infrastructure",
                "New 15-25 Words Project Description": "Project details undisclosed",
                "Project Start Date": "",
                "Project End Date": "None",
                "Project Status": "Completed",
                "OLD * Brief Description of the Project": "None",
                "Estimated Project Cost": "35293",
                "Additional Comments": "page 55 of the link"
            },
            "geometry": {
                "type": "Point",
                "coordinates": [
                    -80.24277151,
                    25.86182627
                ]
            }
        },
        {
            "type": "Feature",
            "properties": {
                "Project Name": "South Dade Regional Installation of Roof Replacement and Impact Windows Storefront",
                "Latitude": "25.57112693",
                "Longitude": "-80.36557825",
                "City": "Cutler Bay",
                "Link to Data Source": "https://www.miamidade.gov/resources/emergency/documents/lms-part-2-the-projects.pdf",
                "Implementating Agency": "Libraries Miami Dade County",
                "Infrastructure Type": "Gray",
                "Categories": "Sustainability Initiatives",
                "Disaster Focus": "Critical Infrastructure",
                "New 15-25 Words Project Description": "Project details undisclosed",
                "Project Start Date": "2018",
                "Project End Date": "None",
                "Project Status": "Completed",
                "OLD * Brief Description of the Project": "None",
                "Estimated Project Cost": "",
                "Additional Comments": "page 55 of the link"
            },
            "geometry": {
                "type": "Point",
                "coordinates": [
                    -80.36557825,
                    25.57112693
                ]
            }
        },
        {
            "type": "Feature",
            "properties": {
                "Project Name": "Venetian Islands Â Neighborhood Improvements",
                "Latitude": "25.7922308",
                "Longitude": "-80.16309256",
                "City": "Miami Beach ",
                "Link to Data Source": "https://www.miamidade.gov/resources/emergency/documents/lms-part-2-the-projects.pdf",
                "Implementating Agency": "City of Miami Beach ",
                "Infrastructure Type": "Gray",
                "Categories": "Flood Control Infrastructure",
                "Disaster Focus": "Critical Infrastructure",
                "New 15-25 Words Project Description": "Project details undisclosed",
                "Project Start Date": "2020",
                "Project End Date": "None",
                "Project Status": "Completed",
                "OLD * Brief Description of the Project": "None",
                "Estimated Project Cost": "",
                "Additional Comments": "page 55 of the link"
            },
            "geometry": {
                "type": "Point",
                "coordinates": [
                    -80.16309256,
                    25.7922308
                ]
            }
        },
        {
            "type": "Feature",
            "properties": {
                "Project Name": "City #2 Gravity Sewer Capacity Improvement Project Phase I",
                "Latitude": "25.75246146",
                "Longitude": "-80.25647528",
                "City": "Coral Gables  ",
                "Link to Data Source": "https://www.miamidade.gov/resources/emergency/documents/lms-part-2-the-projects.pdf",
                "Implementating Agency": "City of Coral Gables ",
                "Infrastructure Type": "Gray",
                "Categories": "Flood Control Infrastructure",
                "Disaster Focus": "Flooding",
                "New 15-25 Words Project Description": "Project details undisclosed",
                "Project Start Date": "2024",
                "Project End Date": "None",
                "Project Status": "Completed",
                "OLD * Brief Description of the Project": "None",
                "Estimated Project Cost": "1565000",
                "Additional Comments": "page 55 of the link"
            },
            "geometry": {
                "type": "Point",
                "coordinates": [
                    -80.25647528,
                    25.75246146
                ]
            }
        }
    ]
}